# FEG propeller - headless Node/Three export of web/feg
v 4.000000 -4.596171 -1.964536
v 4.000000 -3.918221 -1.683901
v 4.000000 -3.260571 -1.414709
v 4.000000 -2.625850 -1.160230
v 4.000000 -2.010329 -0.917711
v 4.000000 -1.417072 -0.687380
v 4.000000 -0.851548 -0.471238
v 4.000000 -0.305843 -0.265123
v 4.000000 0.214573 -0.069317
v 4.000000 0.708697 0.116956
v 4.000000 1.172348 0.291660
v 4.000000 1.605516 0.452956
v 4.000000 2.011709 0.602487
v 4.000000 2.390056 0.742204
v 4.000000 2.754097 0.876574
v 4.000000 3.075227 0.998332
v 4.000000 3.366256 1.114872
v 4.000000 3.638943 1.228388
v 4.000000 3.868826 1.333203
v 4.000000 4.076922 1.436131
v 4.000000 4.243289 1.532503
v 4.000000 4.385224 1.625085
v 4.000000 4.492188 1.713954
v 4.000000 4.564092 1.798583
v 4.000000 4.600881 1.878570
v 4.000000 4.602524 1.953656
v 4.000000 4.569584 2.021150
v 4.000000 4.502676 2.078375
v 4.000000 4.401937 2.125108
v 4.000000 4.267587 2.161008
v 4.000000 4.099925 2.185632
v 4.000000 3.891317 2.193481
v 4.000000 3.659211 2.188529
v 4.000000 3.385108 2.164531
v 4.000000 3.092429 2.124749
v 4.000000 2.758875 2.060787
v 4.000000 2.397060 1.975462
v 4.000000 2.023562 1.870201
v 4.000000 1.612764 1.733859
v 4.000000 1.179858 1.570430
v 4.000000 0.727068 1.378238
v 4.000000 0.259369 1.159369
v 4.000000 -0.223357 0.916381
v 4.000000 -0.724098 0.648800
v 4.000000 -1.241531 0.356504
v 4.000000 -1.777904 0.036430
v 4.000000 -2.323403 -0.306724
v 4.000000 -2.881183 -0.675203
v 4.000000 -3.451190 -1.071184
v 4.000000 -4.026739 -1.493296
v 4.000000 -4.608878 -1.942775
v 6.081727 -5.576424 -2.391705
v 6.076590 -4.754507 -2.049223
v 6.072343 -3.957298 -1.720577
v 6.068944 -3.187794 -1.409587
v 6.066328 -2.441739 -1.113124
v 6.064443 -1.722677 -0.831429
v 6.063230 -1.036898 -0.566800
v 6.062612 -0.375365 -0.314512
v 6.062526 0.255599 -0.074835
v 6.062902 0.854796 0.153128
v 6.063665 1.417413 0.367012
v 6.064740 1.943430 0.564616
v 6.066064 2.436815 0.747796
v 6.067572 2.896495 0.918842
v 6.069237 3.337907 1.082889
v 6.070935 3.728248 1.231631
v 6.072639 4.082079 1.373645
v 6.074340 4.412825 1.511452
v 6.075916 4.692430 1.638510
v 6.077396 4.944889 1.762739
v 6.078675 5.147330 1.878729
v 6.079787 5.319546 1.989674
v 6.080667 5.449400 2.095711
v 6.081296 5.536778 2.196220
v 6.081660 5.581605 2.290727
v 6.081750 5.583840 2.378928
v 6.081567 5.544154 2.457672
v 6.081116 5.463286 2.523825
v 6.080407 5.341406 2.577127
v 6.079456 5.178783 2.617180
v 6.078285 4.975788 2.643470
v 6.076895 4.723760 2.649548
v 6.075379 4.442704 2.640043
v 6.073712 4.111502 2.607695
v 6.072013 3.757040 2.556232
v 6.070261 3.353868 2.475913
v 6.068547 2.916472 2.370011
v 6.066960 2.463917 2.240059
v 6.065501 1.966983 2.073186
v 6.064264 1.443100 1.873984
v 6.063311 0.894890 1.640475
v 6.062705 0.328086 1.375060
v 6.062500 -0.257441 1.080759
v 6.062755 -0.865084 0.757076
v 6.063529 -1.493284 0.403875
v 6.064880 -2.144560 0.017619
v 6.066852 -2.807646 -0.396305
v 6.069492 -3.486120 -0.840453
v 6.072847 -4.179872 -1.317341
v 6.076931 -4.881191 -1.825446
v 6.081773 -5.591256 -2.366151
v 8.160891 -6.503448 -2.792603
v 8.151301 -5.545455 -2.392059
v 8.143374 -4.616313 -2.007600
v 8.137030 -3.719370 -1.643559
v 8.132146 -2.849882 -1.296460
v 8.128627 -2.011851 -0.966555
v 8.126362 -1.212337 -0.656414
v 8.125209 -0.441259 -0.360790
v 8.125050 0.294260 -0.079940
v 8.125751 0.992836 0.187148
v 8.127174 1.649059 0.437801
v 8.129182 2.262900 0.669477
v 8.131654 2.838757 0.884230
v 8.134468 3.375361 1.084670
v 8.137575 3.889929 1.276552
v 8.140744 4.345726 1.450609
v 8.143928 4.758950 1.616520
v 8.147102 5.144587 1.777109
v 8.150043 5.471214 1.925033
v 8.152806 5.765618 2.069242
v 8.155194 6.002182 2.203639
v 8.157269 6.203033 2.331814
v 8.158912 6.354544 2.453962
v 8.160086 6.456573 2.569378
v 8.160765 6.509027 2.677521
v 8.160933 6.511857 2.778043
v 8.160591 6.465835 2.867361
v 8.159749 6.371816 2.941912
v 8.158425 6.229998 3.001401
v 8.156651 6.040699 3.045377
v 8.154466 5.804355 3.073258
v 8.151870 5.511343 3.077707
v 8.149040 5.184063 3.063959
v 8.145929 4.798945 3.023809
v 8.142757 4.386115 2.961415
v 8.139487 3.917178 2.865778
v 8.136288 3.408370 2.740595
v 8.133325 2.881086 2.587494
v 8.130603 2.302730 2.391990
v 8.128293 1.692832 2.159232
v 8.126513 1.054388 1.886956
v 8.125382 0.393841 1.577858
v 8.125000 -0.288946 1.235392
v 8.125477 -0.997740 0.859044
v 8.126920 -1.730761 0.448660
v 8.129443 -2.490775 0.000264
v 8.133123 -3.265153 -0.480115
v 8.138053 -4.057864 -0.995326
v 8.144314 -4.868743 -1.548202
v 8.151937 -5.689111 -2.137081
v 8.160976 -6.520265 -2.763482
v 10.237490 -7.377244 -3.167232
v 10.224134 -6.291064 -2.712410
v 10.213093 -5.237614 -2.275777
v 10.204256 -4.220576 -1.862148
v 10.197453 -3.234758 -1.467719
v 10.192552 -2.284592 -1.092756
v 10.189397 -1.377866 -0.740079
v 10.187791 -0.503524 -0.403958
v 10.187569 0.330556 -0.084633
v 10.188546 1.122817 0.219014
v 10.190529 1.867288 0.504026
v 10.193324 2.563928 0.767538
v 10.196767 3.217533 1.011789
v 10.200688 3.826655 1.239689
v 10.205015 4.410162 1.457566
v 10.209430 4.927659 1.655265
v 10.213863 5.396869 1.843495
v 10.218285 5.834227 2.025359
v 10.222383 6.205180 2.192772
v 10.226231 6.539109 2.355640
v 10.229556 6.807843 2.507234
v 10.232446 7.035686 2.651503
v 10.234735 7.207618 2.788707
v 10.236369 7.323474 2.918057
v 10.237315 7.383146 3.038951
v 10.237550 7.386575 3.151000
v 10.237074 7.334628 3.250217
v 10.235901 7.228265 3.332636
v 10.234057 7.067714 3.397930
v 10.231586 6.853335 3.445598
v 10.228541 6.585626 3.474998
v 10.224926 6.254066 3.477957
v 10.220984 5.883289 3.460278
v 10.216652 5.447436 3.412874
v 10.212234 4.979654 3.340297
v 10.207678 4.448805 3.230382
v 10.203221 3.872754 3.087216
v 10.199096 3.275067 2.912507
v 10.195303 2.620005 2.690272
v 10.192087 1.929055 2.426174
v 10.189609 1.205561 2.117683
v 10.188032 0.456632 1.767764
v 10.187501 -0.317871 1.380281
v 10.188164 -1.122067 0.954702
v 10.190174 -1.953961 0.490859
v 10.193689 -2.816548 -0.015633
v 10.198814 -3.695924 -0.558155
v 10.205681 -4.596416 -1.139822
v 10.214401 -5.517802 -1.763767
v 10.225019 -6.450500 -2.428200
v 10.237610 -7.395906 -3.134768
v 12.311526 -8.197811 -3.515589
v 12.295089 -6.991335 -3.010275
v 12.281499 -5.821202 -2.525109
v 12.270622 -4.691414 -2.065352
v 12.262250 -3.596368 -1.626903
v 12.256217 -2.540903 -1.210033
v 12.252335 -1.533483 -0.817795
v 12.250358 -0.562160 -0.444014
v 12.250084 0.364488 -0.088914
v 12.251287 1.244738 0.248728
v 12.253727 2.072098 0.565686
v 12.257169 2.846512 0.858800
v 12.261406 3.573145 1.130474
v 12.266232 4.250377 1.383897
v 12.271557 4.898608 1.625928
v 12.276991 5.474049 1.845599
v 12.282447 5.995835 2.054572
v 12.287889 6.481746 2.256201
v 12.292933 6.894327 2.441725
v 12.297668 7.265362 2.621934
v 12.301762 7.564315 2.789512
v 12.305318 7.817505 2.948743
v 12.308134 8.008623 3.099947
v 12.310147 8.137485 3.242258
v 12.311311 8.203964 3.375018
v 12.311601 8.207995 3.497799
v 12.311014 8.150532 3.606239
v 12.309570 8.032635 3.695996
v 12.307302 7.854553 3.766714
v 12.304258 7.616691 3.817845
v 12.300513 7.319600 3.848687
v 12.296062 6.951930 3.850299
v 12.291212 6.540381 3.828999
v 12.285879 6.056975 3.774890
v 12.280441 5.537659 3.692879
v 12.274835 4.948750 3.569725
v 12.269350 4.309624 3.409873
v 12.264272 3.645860 3.215096
v 12.259604 2.918808 2.968032
v 12.255645 2.151769 2.674812
v 12.252595 1.348410 2.332654
v 12.250655 0.516462 1.944779
v 12.250001 -0.344218 1.515424
v 12.250816 -1.238065 1.044051
v 12.253290 -2.162884 0.530474
v 12.257618 -3.121879 -0.030073
v 12.263926 -4.099957 -0.630425
v 12.272376 -5.101775 -1.273942
v 12.283110 -6.127051 -1.964037
v 12.296177 -7.165357 -2.698804
v 12.311674 -8.218180 -3.480009
v 14.382998 -8.965150 -3.837677
v 14.364164 -7.646267 -3.285655
v 14.348593 -6.367077 -2.755595
v 14.336130 -5.131882 -2.253173
v 14.326537 -3.934711 -1.774011
v 14.319624 -2.780781 -1.318386
v 14.315175 -1.679190 -0.889563
v 14.312910 -0.617168 -0.480961
v 14.312596 0.396056 -0.092781
v 14.313975 1.358599 0.276289
v 14.316771 2.263489 0.622784
v 14.320714 3.110653 0.943262
v 14.325569 3.905591 1.240283
v 14.331099 4.646526 1.517296
v 14.337201 5.355266 1.781640
v 14.343427 5.984895 2.021612
v 14.349679 6.555850 2.249750
v 14.355915 7.087144 2.469636
v 14.361693 7.538655 2.671895
v 14.367120 7.944376 2.868123
v 14.371810 8.271597 3.050475
v 14.375885 8.548490 3.223533
v 14.379112 8.757560 3.387680
v 14.381418 8.898602 3.541981
v 14.382752 8.971479 3.685722
v 14.383083 8.976117 3.818441
v 14.382412 8.913548 3.935428
v 14.380757 8.784923 4.031993
v 14.378158 8.590515 4.107753
v 14.374671 8.330767 4.162117
v 14.370379 8.006277 4.194328
v 14.365280 7.604935 4.194732
v 14.359722 7.155339 4.170122
v 14.353612 6.627563 4.109857
v 14.347381 6.060129 4.019161
v 14.340957 5.417012 3.883807
v 14.334672 4.718982 3.708566
v 14.328853 3.993466 3.495264
v 14.323504 3.199140 3.225269
v 14.318969 2.360972 2.905143
v 14.315474 1.482935 2.531871
v 14.313251 0.573328 2.108901
v 14.312501 -0.367987 1.640824
v 14.313436 -1.345734 1.127091
v 14.316271 -2.357531 0.567503
v 14.321229 -3.406769 -0.043056
v 14.328457 -4.477254 -0.696923
v 14.338140 -5.573941 -1.397685
v 14.350438 -6.696488 -2.149010
v 14.365411 -7.833682 -2.948893
v 14.383168 -8.987084 -3.799205
v 16.451908 -9.679259 -4.133495
v 16.431360 -8.255861 -3.538549
v 16.414373 -6.875240 -2.967236
v 16.400778 -5.541982 -2.425609
v 16.390312 -4.249786 -1.909042
v 16.382772 -3.004228 -1.417815
v 16.377918 -1.814985 -0.955381
v 16.375446 -0.668546 -0.514796
v 16.375105 0.425259 -0.096237
v 16.376610 1.464402 0.301697
v 16.379660 2.441463 0.675317
v 16.383961 3.356351 1.020925
v 16.389257 4.214872 1.341218
v 16.395288 5.015103 1.639885
v 16.401947 5.780135 1.924702
v 16.408739 6.460196 2.183304
v 16.415558 7.076911 2.429029
v 16.422361 7.650422 2.665663
v 16.428665 8.138164 2.883280
v 16.434586 8.576153 3.094207
v 16.439701 8.929689 3.290122
v 16.444147 9.228640 3.475873
v 16.447668 9.454427 3.651906
v 16.450184 9.606829 3.817224
v 16.451639 9.685693 3.971061
v 16.452000 9.690940 4.112926
v 16.451267 9.623675 4.237783
v 16.449463 9.485131 4.340627
v 16.446627 9.275601 4.421047
v 16.442823 8.995561 4.478415
v 16.438141 8.645658 4.511919
v 16.432579 8.213080 4.511257
v 16.426516 7.728163 4.483648
v 16.419849 7.159200 4.417774
v 16.413052 6.547063 4.319142
v 16.406044 5.853592 4.172627
v 16.399187 5.100825 3.983295
v 16.392839 4.317885 3.753008
v 16.387005 3.460999 3.461983
v 16.382057 2.556667 3.117170
v 16.378244 1.609136 2.715333
v 16.375818 0.627232 2.260130
v 16.375002 -0.389176 1.756478
v 16.376020 -1.445073 1.203821
v 16.379114 -2.537901 0.601947
v 16.384521 -3.671217 -0.054583
v 16.392406 -4.827815 -0.757651
v 16.402969 -6.012915 -1.511052
v 16.416388 -7.226115 -2.318688
v 16.432722 -8.455476 -3.178467
v 16.452093 -9.702621 -4.092356
v 18.518253 -10.340140 -4.403042
v 18.496679 -8.820117 -3.768957
v 18.478842 -7.345689 -3.160032
v 18.464567 -5.921712 -2.582661
v 18.453579 -4.541596 -2.031998
v 18.445660 -3.211243 -1.508320
v 18.440563 -1.940870 -1.015252
v 18.437969 -0.716297 -0.545521
v 18.437611 0.452098 -0.099279
v 18.439190 1.562145 0.324952
v 18.442392 2.606018 0.723286
v 18.446909 3.583606 1.091788
v 18.452471 4.500989 1.433278
v 18.458803 5.356108 1.751664
v 18.465794 6.173216 2.055112
v 18.472925 6.899955 2.330674
v 18.480087 7.559021 2.592408
v 18.487230 8.171578 2.844284
v 18.493849 8.692853 3.075880
v 18.500065 9.160691 3.300186
v 18.505438 9.538592 3.508452
v 18.510105 9.857956 3.705762
v 18.513802 10.099225 3.892627
v 18.516443 10.262162 4.067989
v 18.517971 10.346604 4.231038
v 18.518351 10.352465 4.381252
v 18.517580 10.280914 4.513305
v 18.515686 10.133259 4.621898
v 18.512709 9.909810 4.706596
v 18.508715 9.611075 4.766737
v 18.503798 9.237742 4.801462
v 18.497957 8.776366 4.799874
v 18.491590 8.258853 4.769576
v 18.484592 7.651886 4.698642
v 18.477455 6.998462 4.592823
v 18.470095 6.258490 4.436187
v 18.462896 5.455155 4.234060
v 18.456232 4.619116 3.988330
v 18.450106 3.704387 3.678175
v 18.444910 2.738851 3.310890
v 18.440907 1.727011 2.883040
v 18.438360 0.678173 2.398468
v 18.437502 -0.407786 1.862388
v 18.438572 -1.536084 1.274243
v 18.441818 -2.703995 0.633806
v 18.447498 -3.915223 -0.064652
v 18.455778 -5.151639 -0.812608
v 18.466869 -6.418696 -1.614041
v 18.480955 -7.715930 -2.473070
v 18.498108 -9.030737 -3.387526
v 18.518448 -10.364789 -4.359462
v 20.582035 -10.947794 -4.646320
v 20.560118 -9.339034 -3.976880
v 20.541998 -7.778426 -3.333982
v 20.527496 -6.271074 -2.724329
v 20.516335 -4.810138 -2.142877
v 20.508289 -3.401827 -1.589900
v 20.503113 -2.056844 -1.069173
v 20.500477 -0.760418 -0.573135
v 20.500113 0.476572 -0.101909
v 20.501717 1.651829 0.346054
v 20.504971 2.757155 0.766692
v 20.509558 3.792418 1.155852
v 20.515207 4.763941 1.516464
v 20.521643 5.669541 1.852633
v 20.528742 6.534510 2.172873
v 20.535988 7.304169 2.463723
v 20.543262 8.002178 2.739889
v 20.550518 8.650614 3.005497
v 20.557243 9.202724 3.249696
v 20.563557 9.697991 3.486061
v 20.569016 10.098307 3.705467
v 20.573757 10.436437 3.913202
v 20.577513 10.691955 4.109842
v 20.580196 10.864604 4.294275
v 20.581747 10.954213 4.465651
v 20.582134 10.960691 4.623421
v 20.581352 10.885265 4.761993
v 20.579428 10.729306 4.875806
v 20.576401 10.493143 4.964401
v 20.572346 10.177310 5.027083
v 20.567350 9.782530 5.062954
v 20.561417 9.294793 5.060582
v 20.554949 8.747410 5.027906
v 20.547838 8.105619 4.952461
v 20.540588 7.414326 4.840204
v 20.533113 6.631704 4.674485
v 20.525799 5.781971 4.460862
v 20.519030 4.897160 4.201229
v 20.512806 3.929303 3.873845
v 20.507526 2.907526 3.486306
v 20.503460 1.836563 3.034992
v 20.500874 0.726151 2.523913
v 20.500002 -0.423818 1.958553
v 20.501089 -1.618765 1.338355
v 20.504387 -2.855813 0.663079
v 20.510157 -4.138787 -0.073264
v 20.518568 -5.448726 -0.861795
v 20.529835 -6.791285 -1.706655
v 20.544146 -8.165935 -2.612156
v 20.561569 -9.559467 -3.576069
v 20.582232 -10.973589 -4.600523
v 22.643253 -11.502217 -4.863327
v 22.621679 -9.812613 -4.162317
v 22.603842 -8.173450 -3.489087
v 22.589567 -6.590067 -2.850613
v 22.578579 -5.055414 -2.241680
v 22.570660 -3.575979 -1.662557
v 22.565563 -2.162907 -1.117146
v 22.562969 -0.800911 -0.597638
v 22.562611 0.498682 -0.104127
v 22.564190 1.733454 0.365004
v 22.567392 2.894873 0.805534
v 22.571909 3.982787 1.213116
v 22.577471 5.003727 1.590774
v 22.583803 5.955401 1.942793
v 22.590794 6.864015 2.277982
v 22.597925 7.672840 2.582451
v 22.605087 8.406384 2.871471
v 22.612230 9.087529 3.149303
v 22.618849 9.667776 3.404727
v 22.625065 10.188054 3.651831
v 22.630438 10.608829 3.881167
v 22.635105 10.964085 4.098192
v 22.638802 11.232615 4.303551
v 22.641443 11.414153 4.496082
v 22.642971 11.508521 4.674900
v 22.643351 11.515619 4.839433
v 22.642580 11.436728 4.983849
v 22.640686 11.273273 5.102350
v 22.637709 11.025599 5.194460
v 22.633715 10.694263 5.259455
v 22.628798 10.280021 5.296398
v 22.622957 9.768360 5.293382
v 22.616590 9.193832 5.258639
v 22.609592 8.520402 5.179231
v 22.602455 7.794655 5.061285
v 22.595095 6.973236 4.887522
v 22.587896 6.081274 4.663700
v 22.581232 5.152017 4.391705
v 22.575106 4.135747 4.048992
v 22.569910 3.062692 3.643415
v 22.565907 1.937790 3.171189
v 22.563360 0.771167 2.636467
v 22.562502 -0.437270 2.044973
v 22.563572 -1.693117 1.396158
v 22.566818 -2.993353 0.689767
v 22.572498 -4.341909 -0.080419
v 22.580778 -5.719077 -0.905211
v 22.591869 -7.130681 -1.788891
v 22.605955 -8.576128 -2.735946
v 22.623108 -10.041665 -3.744097
v 22.643448 -11.529020 -4.815538
v 24.701908 -12.003413 -5.054064
v 24.681360 -10.240853 -4.325269
v 24.664373 -8.530760 -3.625346
v 24.650778 -6.878691 -2.961513
v 24.640312 -5.277423 -2.328408
v 24.632772 -3.733699 -1.726289
v 24.627918 -2.259058 -1.159170
v 24.625446 -0.837775 -0.619030
v 24.625105 0.518428 -0.105932
v 24.626610 1.807019 0.381801
v 24.629660 3.019173 0.839812
v 24.633961 4.154713 1.263581
v 24.639257 5.220349 1.656210
v 24.645288 6.213690 2.022143
v 24.651947 7.161732 2.370442
v 24.658739 8.005966 2.686857
v 24.665558 8.771637 2.987154
v 24.672361 9.482323 3.275701
v 24.678665 10.088009 3.540974
v 24.684586 10.630877 3.797496
v 24.689701 11.070164 4.035550
v 24.694147 11.440898 4.260732
v 24.697668 11.721206 4.473753
v 24.700184 11.910810 4.673411
v 24.701639 12.009525 4.858786
v 24.702000 12.017248 5.029286
v 24.701267 11.935302 5.178871
v 24.699463 11.765160 5.301531
v 24.696627 11.507179 5.396775
v 24.692823 11.161937 5.463852
v 24.688141 10.730216 5.501792
v 24.682579 10.197068 5.498273
v 24.676516 9.598121 5.461774
v 24.669849 8.896234 5.378952
v 24.663052 8.139448 5.256065
v 24.656044 7.283086 5.075297
v 24.649187 6.353064 4.842574
v 24.642839 5.383686 4.559758
v 24.637005 4.323719 4.203617
v 24.632057 3.204348 3.782220
v 24.628244 2.030693 3.291631
v 24.625818 0.813220 2.736128
v 24.625002 -0.448144 2.121649
v 24.626020 -1.759140 1.447652
v 24.629114 -3.116618 0.713870
v 24.634521 -4.524590 -0.086118
v 24.642406 -5.962691 -0.942856
v 24.652969 -7.436884 -1.860751
v 24.666388 -8.946510 -2.844440
v 24.682722 -10.477331 -3.891610
v 24.702093 -12.031084 -5.004508
v 26.757999 -12.451380 -5.218531
v 26.739164 -10.623755 -4.465735
v 26.723593 -8.850357 -3.742760
v 26.711130 -7.136946 -3.057029
v 26.701536 -5.476166 -2.403059
v 26.694624 -3.874988 -1.781097
v 26.690174 -2.345299 -1.195245
v 26.687910 -0.871010 -0.637312
v 26.687597 0.535809 -0.107324
v 26.688974 1.872525 0.396444
v 26.691771 3.130055 0.869526
v 26.695715 4.308196 1.307247
v 26.700569 5.413806 1.712771
v 26.706099 6.444406 2.090683
v 26.712200 7.427661 2.450250
v 26.718428 8.303549 2.776942
v 26.724678 9.097938 3.086938
v 26.730915 9.834995 3.384692
v 26.736694 10.463423 3.658437
v 26.742121 11.026464 3.923057
v 26.746811 11.482308 4.168617
v 26.750885 11.866877 4.400823
v 26.754112 12.157728 4.620450
v 26.756418 12.354576 4.826261
v 26.757751 12.457229 5.017309
v 26.758083 12.465580 5.192983
v 26.757412 12.380987 5.347059
v 26.755758 12.204966 5.473349
v 26.753157 11.937883 5.571345
v 26.749672 11.580330 5.640274
v 26.745380 11.133114 5.679138
v 26.740280 10.580917 5.675257
v 26.734722 9.960276 5.637311
v 26.728611 9.233112 5.551624
v 26.722382 8.448707 5.424545
v 26.715956 7.561253 5.237812
v 26.709671 6.597339 4.997483
v 26.703854 5.592168 4.705389
v 26.698505 4.493219 4.337719
v 26.693968 3.332494 3.902718
v 26.690474 2.115271 3.396319
v 26.688250 0.852310 2.822897
v 26.687500 -0.456439 2.188580
v 26.688437 -1.816833 1.492836
v 26.691271 -3.225605 0.735388
v 26.696228 -4.686829 -0.090359
v 26.703457 -6.179568 -0.974731
v 26.713139 -7.709895 -1.922234
v 26.725437 -9.277081 -2.937639
v 26.740412 -10.866467 -4.018608
v 26.758169 -12.479779 -5.167434
v 28.811527 -12.846118 -5.356728
v 28.795088 -10.961318 -4.583716
v 28.781498 -9.132242 -3.841328
v 28.770622 -7.364832 -3.137161
v 28.762251 -5.651641 -2.465633
v 28.756218 -3.999845 -1.826981
v 28.752335 -2.421629 -1.225371
v 28.750357 -0.900617 -0.652483
v 28.750084 0.550826 -0.108304
v 28.751287 1.929972 0.408936
v 28.753727 3.227519 0.894676
v 28.757168 4.443236 1.344113
v 28.761406 5.584097 1.760457
v 28.766232 6.647549 2.148412
v 28.771557 7.661802 2.517408
v 28.776991 8.565588 2.852705
v 28.782448 9.385286 3.170823
v 28.787889 10.145547 3.476276
v 28.792933 10.794017 3.757115
v 28.797668 11.374811 4.028512
v 28.801762 11.845263 4.280369
v 28.805317 12.242021 4.518463
v 28.808134 12.542181 4.743640
v 28.810146 12.745450 4.954632
v 28.811312 12.851629 5.150467
v 28.811600 12.860612 5.330521
v 28.811014 12.773784 5.488414
v 28.809570 12.592691 5.617804
v 28.807301 12.317710 5.718171
v 28.804258 11.949443 5.788721
v 28.800512 11.488715 5.828433
v 28.796062 10.919907 5.824332
v 28.791212 10.280297 5.785251
v 28.785879 9.531041 5.697246
v 28.780441 8.722430 5.566725
v 28.774834 7.807737 5.375065
v 28.769350 6.814101 5.128430
v 28.764271 5.777462 4.828597
v 28.759604 4.644248 4.451300
v 28.755646 3.447131 4.004911
v 28.752596 2.191525 3.485251
v 28.750654 0.888437 2.896774
v 28.750000 -0.462155 2.245766
v 28.750816 -1.866198 1.531712
v 28.753290 -3.320317 0.754320
v 28.757618 -4.828626 -0.093143
v 28.763926 -6.369709 -1.000835
v 28.772375 -7.949713 -1.973341
v 28.783110 -9.567842 -3.015541
v 28.796177 -11.209069 -4.125091
v 28.811674 -12.875106 -5.304314
v 30.862490 -13.187628 -5.468655
v 30.849134 -11.253543 -4.679211
v 30.838093 -9.376413 -3.921051
v 30.829256 -7.562349 -3.201909
v 30.822453 -5.803850 -2.516132
v 30.817551 -4.108270 -1.863941
v 30.814396 -2.488049 -1.249549
v 30.812790 -0.926595 -0.664544
v 30.812569 0.563478 -0.108871
v 30.813545 1.979359 0.419274
v 30.815529 3.311565 0.915263
v 30.818325 4.559833 1.374180
v 30.821768 5.731225 1.799268
v 30.825687 6.823121 2.195333
v 30.830015 7.864155 2.571916
v 30.834431 8.792084 2.914146
v 30.838863 9.633682 3.238809
v 30.843285 10.413979 3.550453
v 30.847383 11.079793 3.837008
v 30.851231 11.675920 4.113863
v 30.854557 12.159028 4.370804
v 30.857445 12.566331 4.613653
v 30.859734 12.874565 4.843325
v 30.861370 13.083431 5.058525
v 30.862314 13.192728 5.258263
v 30.862551 13.202346 5.441902
v 30.862074 13.113692 5.602936
v 30.860901 12.928337 5.734896
v 30.859056 12.646660 5.837251
v 30.856585 12.269276 5.909193
v 30.853542 11.797021 5.949680
v 30.849926 11.214037 5.945498
v 30.845985 10.558184 5.905593
v 30.841652 9.790018 5.815819
v 30.837234 8.960618 5.682604
v 30.832678 8.022539 5.487058
v 30.828222 7.003350 5.235412
v 30.824095 5.939569 4.929382
v 30.820303 4.776804 4.544357
v 30.817087 3.548259 4.088799
v 30.814610 2.259454 3.558429
v 30.813032 0.921602 2.957758
v 30.812500 -0.465292 2.293208
v 30.813164 -1.907233 1.564278
v 30.815174 -3.400752 0.770667
v 30.818689 -4.949982 -0.094470
v 30.823814 -6.533113 -1.021168
v 30.830681 -8.156339 -2.014071
v 30.839401 -9.818790 -3.078148
v 30.850019 -11.505140 -4.211058
v 30.862610 -13.217064 -5.415150
v 32.910889 -13.475909 -5.554311
v 32.901302 -11.500429 -4.752220
v 32.893375 -9.582871 -3.981929
v 32.887032 -7.729498 -3.251272
v 32.882145 -5.932792 -2.554555
v 32.878628 -4.200264 -1.891977
v 32.876362 -2.544557 -1.267779
v 32.875210 -0.948944 -0.673493
v 32.875050 0.573766 -0.109026
v 32.875751 2.020688 0.427459
v 32.877174 3.382192 0.931286
v 32.879181 4.657986 1.397447
v 32.881653 5.855186 1.829205
v 32.884468 6.971120 2.231443
v 32.887573 8.034719 2.613772
v 32.890743 8.983035 2.961267
v 32.893929 9.843127 3.290896
v 32.897102 10.640288 3.607222
v 32.900043 11.320750 3.898117
v 32.902805 11.929792 4.179110
v 32.905193 12.423604 4.439924
v 32.907269 12.839807 4.686393
v 32.908913 13.154881 4.919503
v 32.910088 13.368520 5.137938
v 32.910767 13.480524 5.340695
v 32.910934 13.490782 5.527125
v 32.910591 13.400713 5.690624
v 32.909748 13.211903 5.824624
v 32.908424 12.924734 5.928586
v 32.906651 12.539827 6.001690
v 32.904465 12.058029 6.042877
v 32.901871 11.463307 6.038756
v 32.899040 10.793938 5.998337
v 32.895931 10.010043 5.907343
v 32.892757 9.163271 5.772183
v 32.889488 8.205658 5.573789
v 32.886288 7.165084 5.318430
v 32.883324 6.078489 5.007745
v 32.880604 4.890890 4.616892
v 32.878292 3.635876 4.154382
v 32.876514 2.319059 3.615851
v 32.875381 0.951804 3.005851
v 32.875000 -0.465850 2.330905
v 32.875477 -1.939939 1.590535
v 32.876919 -3.466910 0.784429
v 32.879444 -5.050896 -0.094340
v 32.883121 -6.669780 -1.035731
v 32.888054 -8.329771 -2.044425
v 32.894314 -10.029928 -3.125459
v 32.901936 -11.754680 -4.276510
v 32.910976 -13.505654 -5.499939
v 34.956726 -13.710961 -5.613697
v 34.951591 -11.701977 -4.802744
v 34.947342 -9.751617 -4.023961
v 34.943943 -7.866277 -3.285252
v 34.941330 -6.038467 -2.580902
v 34.939442 -4.275826 -1.911089
v 34.938229 -2.591154 -1.280059
v 34.937611 -0.967664 -0.679332
v 34.937527 0.581690 -0.108768
v 34.937901 2.053956 0.433492
v 34.938663 3.439401 0.942744
v 34.939739 4.737697 1.413915
v 34.941063 5.955983 1.850266
v 34.942574 7.091547 2.256744
v 34.944237 8.173496 2.642979
v 34.945934 9.138443 2.994066
v 34.947639 10.013618 3.327084
v 34.949341 10.824477 3.646585
v 34.950916 11.516888 3.940442
v 34.952396 12.136425 4.224252
v 34.953674 12.638990 4.487728
v 34.954788 13.062449 4.736684
v 34.955666 13.383126 4.972175
v 34.956295 13.600718 5.192873
v 34.956661 13.715019 5.397764
v 34.956749 13.725919 5.586191
v 34.956566 13.634845 5.751479
v 34.956116 13.443387 5.886989
v 34.955406 13.151932 5.992177
v 34.954456 12.761100 6.066212
v 34.953285 12.271741 6.108025
v 34.951893 11.667719 6.104106
v 34.950378 10.987557 6.063484
v 34.948711 10.191117 5.971818
v 34.947014 9.330389 5.835463
v 34.945259 8.357095 5.635258
v 34.943546 7.299306 5.377485
v 34.941959 6.194221 5.063685
v 34.940502 4.986503 4.668905
v 34.939262 3.709985 4.201658
v 34.938313 2.370340 3.657519
v 34.937706 0.979043 3.041051
v 34.937500 -0.463830 2.358857
v 34.937756 -1.964316 1.610483
v 34.938530 -3.518791 0.795606
v 34.939880 -5.131367 -0.092753
v 34.941853 -6.779711 -1.044523
v 34.944492 -8.470012 -2.064401
v 34.947845 -10.201255 -3.157474
v 34.951931 -11.957687 -4.321447
v 34.956772 -13.740876 -5.558685
v 37.000000 -13.892786 -5.646813
v 37.000000 -11.858187 -4.830782
v 37.000000 -9.882650 -4.047148
v 37.000000 -7.972688 -3.303848
v 37.000000 -6.120876 -2.595172
v 37.000000 -4.334956 -1.921276
v 37.000000 -2.627841 -1.286391
v 37.000000 -0.982756 -0.682060
v 37.000000 0.587249 -0.108098
v 37.000000 2.079166 0.437372
v 37.000000 3.483191 0.949639
v 37.000000 4.798964 1.423584
v 37.000000 6.033615 1.862453
v 37.000000 7.184401 2.271235
v 37.000000 8.280485 2.659534
v 37.000000 9.258307 3.012543
v 37.000000 10.145159 3.347374
v 37.000000 10.966545 3.668539
v 37.000000 11.668206 3.963982
v 37.000000 12.295820 4.249289
v 37.000000 12.805186 4.514216
v 37.000000 13.234256 4.764524
v 37.000000 13.559303 5.001341
v 37.000000 13.780023 5.223330
v 37.000000 13.896212 5.429469
v 37.000000 13.907758 5.619099
v 37.000000 13.816088 5.785500
v 37.000000 13.622791 5.921991
v 37.000000 13.328252 6.028022
v 37.000000 12.933091 6.102759
v 37.000000 12.438156 6.145123
v 37.000000 11.827271 6.141547
v 37.000000 11.139043 6.101033
v 37.000000 10.333240 6.009244
v 37.000000 9.461971 5.872441
v 37.000000 8.476849 5.671467
v 37.000000 7.406013 5.412576
v 37.000000 6.286767 5.097202
v 37.000000 5.063643 4.700395
v 37.000000 3.770583 4.230629
v 37.000000 2.413296 3.683431
v 37.000000 1.003320 3.063359
v 37.000000 -0.459230 2.377065
v 37.000000 -1.980364 1.624121
v 37.000000 -3.556397 0.804197
v 37.000000 -5.191398 -0.089710
v 37.000000 -6.862905 -1.047544
v 37.000000 -8.577059 -2.074002
v 37.000000 -10.332770 -3.174193
v 37.000000 -12.114163 -4.345869
v 37.000000 -13.922730 -5.591384
v 39.040710 -14.021380 -5.653659
v 39.046532 -11.969058 -4.836335
v 39.051346 -9.975969 -4.051489
v 39.055195 -8.048729 -3.307059
v 39.058163 -6.180018 -2.597366
v 39.060299 -4.377655 -1.922539
v 39.061672 -2.654616 -1.286774
v 39.062374 -0.994219 -0.681678
v 39.062469 0.590443 -0.107015
v 39.062042 2.096316 0.439098
v 39.061180 3.513563 0.951971
v 39.059959 4.841788 1.426453
v 39.058460 6.088082 1.865765
v 39.056751 7.249683 2.274916
v 39.054867 8.355685 2.663439
v 39.052940 9.342627 3.016699
v 39.051010 10.237746 3.351764
v 39.049080 11.066492 3.673087
v 39.047295 11.774706 3.968737
v 39.045616 12.407977 4.254221
v 39.044167 12.922193 4.519388
v 39.042908 13.355229 4.769915
v 39.041912 13.683411 5.007001
v 39.041199 13.906435 5.229308
v 39.040787 14.024101 5.435811
v 39.040684 14.036298 5.625849
v 39.040890 13.944443 5.792688
v 39.041401 13.750115 5.929629
v 39.042206 13.453696 6.036123
v 39.043282 13.055802 6.111331
v 39.044609 12.557275 6.154173
v 39.046185 11.941963 6.151080
v 39.047905 11.248394 6.110985
v 39.049793 10.436411 6.019620
v 39.051720 9.558019 5.883120
v 39.053703 8.564920 5.682414
v 39.055649 7.485208 5.423703
v 39.057446 6.356124 5.108296
v 39.059097 5.122313 4.711363
v 39.060501 3.817673 4.241295
v 39.061581 2.447928 3.693589
v 39.062267 1.024634 3.072775
v 39.062500 -0.452052 2.385528
v 39.062210 -1.988082 1.631451
v 39.061333 -3.579726 0.810203
v 39.059803 -5.230986 -0.085209
v 39.057568 -6.919363 -1.044795
v 39.054577 -8.650914 -2.073225
v 39.050774 -10.424476 -3.175616
v 39.046146 -12.224108 -4.349775
v 39.040657 -14.051215 -5.598040
v 41.078854 -14.096747 -5.634235
v 41.091183 -12.034591 -4.819402
v 41.101376 -10.031576 -4.036985
v 41.109531 -8.094401 -3.294887
v 41.115810 -6.215893 -2.587485
v 41.120338 -4.403922 -1.914879
v 41.123249 -2.671480 -1.281208
v 41.124733 -1.002054 -0.678185
v 41.124935 0.591274 -0.105519
v 41.124035 2.105407 0.438673
v 41.122204 3.530517 0.949738
v 41.119625 4.866169 1.422523
v 41.116447 6.119384 1.860203
v 41.112827 7.287394 2.267787
v 41.108833 8.399097 2.654694
v 41.104755 9.391402 3.006534
v 41.100666 10.291381 3.340255
v 41.096584 11.124319 3.660227
v 41.092800 11.836387 3.954708
v 41.089249 12.472897 4.239048
v 41.086178 12.990010 4.503244
v 41.083511 13.425368 4.752855
v 41.081398 13.755449 4.989155
v 41.079891 13.979957 5.210807
v 41.079018 14.098689 5.416789
v 41.078800 14.111540 5.606442
v 41.079239 14.019909 5.773043
v 41.080322 13.825358 5.909905
v 41.082024 13.528264 6.016479
v 41.084305 13.129233 6.091928
v 41.087116 12.629098 6.135173
v 41.090454 12.011797 6.132705
v 41.094090 11.315613 6.093338
v 41.098091 10.500631 6.002948
v 41.102169 9.618531 5.867498
v 41.106373 8.621309 5.668100
v 41.110489 7.536889 5.410866
v 41.114296 6.402294 5.096968
v 41.117798 5.162510 4.701808
v 41.120766 3.851252 4.233655
v 41.123055 2.474236 3.687992
v 41.124508 1.042985 3.069299
v 41.125000 -0.442294 2.384246
v 41.124386 -1.987472 1.632471
v 41.122532 -3.588778 0.813624
v 41.119286 -5.250133 -0.079251
v 41.114555 -6.949084 -1.036275
v 41.108219 -8.691576 -2.062072
v 41.100166 -10.476369 -3.161744
v 41.090366 -12.287520 -4.333167
v 41.078743 -14.126332 -5.578649
v 43.114437 -14.118886 -5.588541
v 43.133957 -12.054785 -4.779983
v 43.150097 -10.049470 -4.003636
v 43.163010 -8.109705 -3.267330
v 43.172955 -6.228501 -2.565527
v 43.180119 -4.413757 -1.898294
v 43.184727 -2.678434 -1.269693
v 43.187077 -1.006260 -0.671581
v 43.187401 0.589740 -0.103611
v 43.185970 2.106439 0.436094
v 43.183075 3.534053 0.942942
v 43.178986 4.872108 1.411793
v 43.173954 6.127521 1.845765
v 43.168224 7.297532 2.249849
v 43.161900 8.410722 2.633298
v 43.155449 9.404634 2.982047
v 43.148968 10.306064 3.312848
v 43.142506 11.140024 3.629960
v 43.136517 11.853249 3.921894
v 43.130894 12.490577 4.203771
v 43.126034 13.008637 4.465785
v 43.121811 13.444673 4.713346
v 43.118465 13.775419 4.947803
v 43.116074 14.000585 5.167827
v 43.114693 14.119975 5.372404
v 43.114349 14.133484 5.560877
v 43.115047 14.042487 5.726564
v 43.116760 13.848521 5.862817
v 43.119453 13.551955 5.969090
v 43.123070 13.153383 6.044550
v 43.127518 12.653624 6.088124
v 43.132801 12.036771 6.086421
v 43.138561 11.340696 6.048095
v 43.144894 10.525899 5.959226
v 43.151352 9.643508 5.825576
v 43.158009 8.646016 5.628525
v 43.164524 7.561056 5.374066
v 43.170551 6.425277 5.063217
v 43.176094 5.184236 4.671731
v 43.180798 3.871322 4.207710
v 43.184418 2.492218 3.666640
v 43.186722 1.058373 3.052930
v 43.187500 -0.429958 2.373220
v 43.186531 -1.978532 1.627182
v 43.183594 -3.583553 0.814460
v 43.178455 -5.248837 -0.071836
v 43.170963 -6.952068 -1.021985
v 43.160927 -8.699046 -2.040542
v 43.148182 -10.488452 -3.132575
v 43.132664 -12.304400 -4.296042
v 43.114262 -14.148082 -5.533214
v 45.147457 -14.087795 -5.516576
v 45.174854 -12.029640 -4.718079
v 45.197502 -10.029651 -3.951441
v 45.215630 -8.094640 -3.224390
v 45.229584 -6.217843 -2.531493
v 45.239639 -4.407161 -1.872785
v 45.246109 -2.675477 -1.252230
v 45.249405 -1.006837 -0.661866
v 45.249859 0.585841 -0.101290
v 45.247856 2.099411 0.431362
v 45.243786 3.524171 0.931582
v 45.238052 4.859603 1.394264
v 45.230991 6.112493 1.822453
v 45.222946 7.280097 2.221101
v 45.214073 8.390558 2.599251
v 45.205017 9.382323 2.943238
v 45.195923 10.281795 3.269541
v 45.186852 11.113608 3.582286
v 45.178448 11.825292 3.870296
v 45.170551 12.461020 4.148389
v 45.163731 12.978075 4.407009
v 45.157803 13.413143 4.651387
v 45.153111 13.743320 4.882945
v 45.149754 13.968322 5.100368
v 45.147816 14.087959 5.302655
v 45.147331 14.102128 5.489155
v 45.148312 14.012177 5.653252
v 45.150715 13.819604 5.788366
v 45.154499 13.524770 5.893956
v 45.159569 13.128254 5.969197
v 45.165813 12.630853 6.013025
v 45.173229 12.016886 6.012229
v 45.181313 11.323647 5.975253
v 45.190201 10.512217 5.888455
v 45.199265 9.632950 5.757353
v 45.208611 8.639040 5.563689
v 45.217751 7.557709 5.313302
v 45.226215 6.425073 5.007043
v 45.233994 5.187490 4.621132
v 45.240593 3.877883 4.163459
v 45.245674 2.501877 3.629533
v 45.248909 1.070799 3.023670
v 45.250000 -0.415043 2.352449
v 45.248638 -1.961263 1.615584
v 45.244514 -3.564052 0.812710
v 45.237305 -5.227101 -0.062964
v 45.226791 -6.928316 -1.001923
v 45.212708 -8.673323 -2.008636
v 45.194817 -10.460723 -3.088111
v 45.173038 -12.274750 -4.238403
v 45.147209 -14.116462 -5.461733
v 47.177910 -14.003476 -5.418341
v 47.213867 -11.959157 -4.633689
v 47.243595 -9.972118 -3.880401
v 47.267387 -8.049206 -3.166065
v 47.285702 -6.183918 -2.485383
v 47.298901 -4.384133 -1.838351
v 47.307392 -2.662608 -1.228818
v 47.311718 -1.003785 -0.649040
v 47.312317 0.579578 -0.098557
v 47.309685 2.084324 0.424478
v 47.304348 3.500870 0.915658
v 47.296818 4.828655 1.369935
v 47.287548 6.074300 1.790266
v 47.276993 7.235090 2.181542
v 47.265343 8.338606 2.552554
v 47.253460 9.324468 2.890109
v 47.241524 10.218574 3.210336
v 47.229618 11.045072 3.517204
v 47.218586 11.752516 3.799914
v 47.208225 12.384224 4.072902
v 47.199272 12.898323 4.326918
v 47.191494 13.330779 4.566978
v 47.185329 13.659152 4.794580
v 47.180927 13.883166 5.008431
v 47.178383 14.002641 5.207542
v 47.177750 14.017475 5.391274
v 47.179031 13.928978 5.553107
v 47.182190 13.738606 5.686552
v 47.187153 13.446708 5.791078
v 47.193810 13.053843 5.865870
v 47.202003 12.560785 5.909877
v 47.211739 11.952141 5.910129
v 47.222347 11.264463 5.874814
v 47.234013 10.459581 5.790635
v 47.245911 9.586857 5.662831
v 47.258175 8.600381 5.473592
v 47.270172 7.526849 5.228573
v 47.281281 6.401680 4.928446
v 47.291492 5.172272 4.550011
v 47.300152 3.870934 4.100903
v 47.306824 2.503211 3.576671
v 47.311069 1.080262 2.981517
v 47.312500 -0.397549 2.321933
v 47.310715 -1.935665 1.597677
v 47.305302 -3.530275 0.808375
v 47.295837 -5.184922 -0.052635
v 47.282036 -6.877827 -0.976091
v 47.263554 -8.614408 -1.966353
v 47.240074 -10.393184 -3.028351
v 47.211487 -12.198567 -4.160249
v 47.177589 -14.031474 -5.364208
v 49.205803 -13.865928 -5.293837
v 49.251007 -11.843336 -4.526814
v 49.288380 -9.876873 -3.790515
v 49.318287 -7.973403 -3.092356
v 49.341312 -6.126726 -2.427197
v 49.357903 -4.344673 -1.794994
v 49.368580 -2.639829 -1.199458
v 49.374016 -0.997105 -0.633104
v 49.374767 0.570951 -0.095411
v 49.371460 2.061178 0.415441
v 49.364750 3.464150 0.895170
v 49.355286 4.779264 1.338807
v 49.343636 6.012942 1.749204
v 49.330364 7.162511 2.131175
v 49.315720 8.254867 2.493206
v 49.300777 9.231069 2.822658
v 49.285770 10.116400 3.135231
v 49.270805 10.934414 3.434715
v 49.256935 11.634920 3.710747
v 49.243912 12.260190 3.977311
v 49.232655 12.769382 4.225511
v 49.222878 13.197581 4.460119
v 49.215130 13.522914 4.682710
v 49.209595 13.745119 4.892016
v 49.206394 13.864020 5.087067
v 49.205601 13.879523 5.267237
v 49.207211 13.792891 5.426128
v 49.211182 13.605529 5.557375
v 49.217422 13.317769 5.660454
v 49.225788 12.930153 5.734566
v 49.236088 12.443421 5.778680
v 49.248329 11.842537 5.780120
v 49.261669 11.163146 5.746777
v 49.276333 10.367996 5.665765
v 49.291286 9.505228 5.542008
v 49.306705 8.530040 5.358233
v 49.321789 7.468475 5.119881
v 49.335754 6.355102 4.827427
v 49.348587 5.138582 4.458366
v 49.359474 3.850475 4.020041
v 49.367863 2.496221 3.508054
v 49.373199 1.086762 2.926472
v 49.374996 -0.377477 2.281673
v 49.372753 -1.901737 1.573460
v 49.365952 -3.482221 0.801455
v 49.354050 -5.122302 -0.040849
v 49.336704 -6.800601 -0.944489
v 49.313465 -8.522299 -1.913693
v 49.283951 -10.285832 -2.953295
v 49.248013 -12.075852 -4.061580
v 49.205395 -13.893118 -5.240637
v 51.231129 -13.675152 -5.143062
v 51.286266 -11.682177 -4.397453
v 51.331848 -9.743915 -3.681784
v 51.368328 -7.867231 -3.003263
v 51.396412 -6.046267 -2.356934
v 51.416645 -4.288782 -1.742712
v 51.429668 -2.607139 -1.164148
v 51.436302 -0.986796 -0.614057
v 51.437218 0.559959 -0.091853
v 51.433182 2.029972 0.404251
v 51.424999 3.414013 0.870118
v 51.413456 4.711430 1.300880
v 51.399242 5.928420 1.699267
v 51.383057 7.062360 2.069997
v 51.365192 8.139338 2.421208
v 51.346970 9.102125 2.740885
v 51.328667 9.975274 3.044228
v 51.310413 10.781635 3.334819
v 51.293499 11.472507 3.602795
v 51.277615 12.088919 3.861615
v 51.263882 12.591250 4.102787
v 51.251953 13.013548 4.330810
v 51.242508 13.334608 4.547334
v 51.235756 13.554179 4.751122
v 51.231853 13.672098 4.941227
v 51.230881 13.688272 5.117042
v 51.232849 13.603914 5.272316
v 51.237694 13.420370 5.400835
v 51.245304 13.137955 5.502086
v 51.255508 12.757182 5.575288
v 51.268070 12.278761 5.619434
v 51.282997 11.688074 5.622203
v 51.299267 11.019694 5.591143
v 51.317154 10.237458 5.513846
v 51.335396 9.388064 5.394885
v 51.354202 8.428016 5.217613
v 51.372597 7.382588 4.987225
v 51.389629 6.285335 4.703985
v 51.405285 5.086421 4.346200
v 51.418564 3.816507 3.920874
v 51.428795 2.480907 3.423683
v 51.435303 1.090299 2.858535
v 51.437496 -0.354825 2.231668
v 51.434761 -1.859481 1.542935
v 51.426464 -3.419891 0.791950
v 51.411949 -5.039240 -0.027606
v 51.390789 -6.696639 -0.907116
v 51.362446 -8.396998 -1.850657
v 51.326447 -10.138671 -2.862943
v 51.282616 -11.906607 -3.942395
v 51.230633 -13.701394 -5.091022
v 53.253895 -13.431147 -4.966016
v 53.319645 -11.475678 -4.245606
v 53.374004 -9.573243 -3.554207
v 53.417511 -7.730690 -2.898787
v 53.451000 -5.942542 -2.274596
v 53.475132 -4.216459 -1.681507
v 53.490662 -2.564538 -1.122890
v 53.498569 -0.972858 -0.591900
v 53.499664 0.546603 -0.087882
v 53.494850 1.990707 0.390908
v 53.485092 3.350457 0.840503
v 53.471325 4.625153 1.256153
v 53.454376 5.820732 1.640455
v 53.435074 6.934637 1.998009
v 53.413773 7.992022 2.336559
v 53.392036 8.937639 2.644791
v 53.370213 9.795196 2.937326
v 53.348442 10.586737 3.217515
v 53.328270 11.265273 3.476059
v 53.309326 11.870408 3.725814
v 53.292953 12.363930 3.958749
v 53.278728 12.778682 4.179051
v 53.267464 13.094233 4.388451
v 53.259411 13.310348 4.585748
v 53.254757 13.426873 4.770025
v 53.253597 13.443724 4.940689
v 53.255943 13.362050 5.091670
v 53.261719 13.183131 5.216930
v 53.270794 12.907263 5.315972
v 53.282967 12.534931 5.388035
v 53.297947 12.066804 5.432138
v 53.315750 11.488751 5.436377
v 53.335152 10.834109 5.407910
v 53.356483 10.067970 5.334879
v 53.378235 9.235365 5.221461
v 53.400661 8.294310 5.051733
v 53.422600 7.269187 4.830605
v 53.442913 6.192381 4.558120
v 53.461582 5.015787 4.213511
v 53.477421 3.769029 3.803401
v 53.489620 2.457268 3.323556
v 53.497379 1.090874 2.777706
v 53.499996 -0.329595 2.171918
v 53.496735 -1.808895 1.506100
v 53.486839 -3.343284 0.779859
v 53.469528 -4.935736 -0.012906
v 53.444298 -6.565940 -0.863972
v 53.410496 -8.238505 -1.777244
v 53.367561 -9.951698 -2.757295
v 53.315292 -11.690828 -3.802695
v 53.253304 -13.456301 -4.915361
v 55.274094 -13.133913 -4.762701
v 55.351147 -11.223842 -4.071274
v 55.414848 -9.364860 -3.407785
v 55.465832 -7.563780 -2.778926
v 55.505077 -5.815550 -2.180182
v 55.533356 -4.127704 -1.611377
v 55.551556 -2.512026 -1.075683
v 55.560825 -0.955292 -0.566631
v 55.562107 0.530883 -0.083498
v 55.556465 1.943383 0.375412
v 55.545029 3.273483 0.806323
v 55.528896 4.520433 1.204627
v 55.509033 5.689879 1.572769
v 55.486416 6.779341 1.915212
v 55.461452 7.812918 2.239259
v 55.435982 8.737608 2.534376
v 55.410404 9.576165 2.814525
v 55.384895 10.349716 3.082805
v 55.361256 11.013221 3.330539
v 55.339054 11.604660 3.569908
v 55.319866 12.087419 3.793394
v 55.303200 12.492981 4.004842
v 55.289997 12.801788 4.206062
v 55.280560 13.013624 4.395896
v 55.275105 13.128347 4.573459
v 55.273750 13.145877 4.738178
v 55.276497 13.067298 4.884191
v 55.283264 12.893812 5.005663
v 55.293900 12.625695 5.102114
v 55.308163 12.263399 5.172808
v 55.325722 11.807550 5.216794
v 55.346581 11.244569 5.222643
v 55.369320 10.606391 5.197081
v 55.394314 9.859529 5.128862
v 55.419807 9.047132 5.021737
v 55.446087 8.128921 4.860590
v 55.471798 7.128273 4.650022
v 55.495602 6.076240 4.389833
v 55.517479 4.926682 4.060299
v 55.536037 3.708042 3.667623
v 55.550335 2.425304 3.207675
v 55.559429 1.088486 2.683985
v 55.562496 -0.301785 2.102423
v 55.558670 -1.749980 1.462955
v 55.547073 -3.252400 0.765183
v 55.526791 -4.811790 0.003251
v 55.497223 -6.408504 -0.815057
v 55.457611 -8.046819 -1.693455
v 55.407299 -9.724915 -2.636352
v 55.346046 -11.428518 -3.642480
v 55.273403 -13.157840 -4.713655
v 57.291733 -12.783451 -4.533115
v 57.380772 -10.926666 -3.874456
v 57.454380 -9.118762 -3.242518
v 57.513294 -7.366501 -2.643681
v 57.558643 -5.665291 -2.073691
v 57.591324 -4.022518 -1.532323
v 57.612354 -2.449603 -1.022528
v 57.623062 -0.934097 -0.538252
v 57.624542 0.512798 -0.078702
v 57.618027 1.888000 0.357764
v 57.604809 3.183091 0.767580
v 57.586170 4.397270 1.146301
v 57.563217 5.535861 1.496208
v 57.537079 6.596473 1.821605
v 57.508232 7.602026 2.129309
v 57.478802 8.502033 2.409639
v 57.449245 9.318183 2.675824
v 57.419765 10.070575 2.930687
v 57.392448 10.716351 3.166234
v 57.366798 11.291674 3.393898
v 57.344624 11.761719 3.606723
v 57.325363 12.156446 3.808183
v 57.310104 12.457274 4.000168
v 57.299202 12.664008 4.181566
v 57.292900 12.776518 4.351529
v 57.291332 12.794731 4.509510
v 57.294510 12.719657 4.649878
v 57.302330 12.552412 4.767034
v 57.314617 12.293251 4.860511
v 57.331100 11.942588 4.929605
v 57.351387 11.501000 4.973400
v 57.375492 10.955528 4.981001
v 57.401768 10.336538 4.958653
v 57.430653 9.612138 4.895796
v 57.460110 8.823362 4.795713
v 57.490479 7.931849 4.644187
v 57.520187 6.959845 4.445474
v 57.547695 5.936911 4.199122
v 57.572979 4.819105 3.886565
v 57.594421 3.633545 3.513539
v 57.610943 2.385016 3.076039
v 57.621452 1.083136 2.577371
v 57.624996 -0.271397 2.023184
v 57.620575 -1.682736 1.413502
v 57.607174 -3.147240 0.747922
v 57.583736 -4.667403 0.020865
v 57.549568 -6.224332 -0.760372
v 57.503796 -7.821940 -1.599289
v 57.445656 -9.458320 -2.500112
v 57.374874 -11.119677 -3.461750
v 57.290932 -12.806011 -4.485904
v 59.306805 -12.379760 -4.277260
v 59.408516 -10.584153 -3.655153
v 59.492599 -8.834951 -3.058405
v 59.559898 -7.138854 -2.493052
v 59.611702 -5.491765 -1.955124
v 59.649029 -3.900900 -1.444345
v 59.673058 -2.377269 -0.963424
v 59.685287 -0.909273 -0.506763
v 59.686977 0.492348 -0.073493
v 59.679535 1.824557 0.337962
v 59.664436 3.079281 0.724273
v 59.643143 4.255663 1.081176
v 59.616924 5.358679 1.410772
v 59.587067 6.386033 1.717188
v 59.554115 7.359345 2.006708
v 59.520496 8.230915 2.270581
v 59.486736 9.021248 2.521225
v 59.453060 9.749312 2.761161
v 59.421856 10.374660 2.983144
v 59.392551 10.931449 3.197783
v 59.367226 11.386829 3.398736
v 59.345222 11.769075 3.589075
v 59.327793 12.060692 3.770767
v 59.315342 12.261500 3.942756
v 59.308140 12.371387 4.104236
v 59.306347 12.390287 4.254684
v 59.309978 12.319127 4.388732
v 59.318909 12.158933 4.501040
v 59.332951 11.909929 4.591164
v 59.351776 11.572495 4.658427
v 59.374950 11.147154 4.701956
v 59.402485 10.621627 4.711451
v 59.432503 10.024551 4.692628
v 59.465496 9.325795 4.635681
v 59.499146 8.564057 4.543389
v 59.533836 7.703094 4.402523
v 59.567776 6.763903 4.216963
v 59.599194 5.774395 3.985990
v 59.628075 4.693056 3.692309
v 59.652569 3.545539 3.341150
v 59.671440 2.336404 2.928647
v 59.683449 1.074822 2.457865
v 59.687496 -0.238430 1.934201
v 59.682446 -1.607163 1.357740
v 59.667141 -3.027804 0.728075
v 59.640366 -4.502573 0.039935
v 59.601334 -6.013424 -0.699916
v 59.549049 -7.563869 -1.494746
v 59.482635 -9.151914 -2.348577
v 59.401779 -10.764303 -3.260504
v 59.305893 -12.400813 -4.232108
v 61.319317 -11.922841 -3.995134
v 61.434380 -10.196301 -3.413364
v 61.529507 -8.513429 -2.855447
v 61.605640 -6.880837 -2.327038
v 61.664249 -5.294973 -1.824481
v 61.706478 -3.762850 -1.347443
v 61.733658 -2.295024 -0.898371
v 61.747498 -0.880820 -0.472162
v 61.749409 0.469535 -0.067872
v 61.740990 1.753055 0.316008
v 61.723907 2.962052 0.676403
v 61.699818 4.095614 1.009251
v 61.670158 5.158331 1.316461
v 61.636379 6.148020 1.601961
v 61.599102 7.084877 1.871457
v 61.561066 7.924253 2.117201
v 61.522873 8.685361 2.350727
v 61.484776 9.385929 2.574229
v 61.449474 9.988151 2.781270
v 61.416325 10.523987 2.981563
v 61.387669 10.962749 3.169434
v 61.362774 11.330872 3.347516
v 61.343060 11.612041 3.517860
v 61.328972 11.806101 3.679468
v 61.320824 11.912954 3.831580
v 61.318798 11.932545 3.973701
v 61.322903 11.865709 4.100753
v 61.333008 11.713372 4.207684
v 61.348892 11.475732 4.294071
v 61.370190 11.153123 4.359274
v 61.396408 10.746011 4.402463
v 61.427559 10.242867 4.413991
v 61.461517 9.670431 4.399005
v 61.498844 9.000501 4.348516
v 61.536911 8.269218 4.264764
v 61.576157 7.442657 4.135597
v 61.614552 6.540448 3.964488
v 61.650101 5.588691 3.750434
v 61.682770 4.548535 3.477530
v 61.710484 3.444023 3.150455
v 61.731834 2.279468 2.765501
v 61.745415 1.063546 2.325467
v 61.749996 -0.202884 1.835472
v 61.744282 -1.523260 1.295668
v 61.726967 -2.894091 0.705643
v 61.696678 -4.317303 0.060463
v 61.652519 -5.775778 -0.633689
v 61.593369 -7.272605 -1.379826
v 61.518234 -8.805696 -2.181746
v 61.426762 -10.362398 -3.038743
v 61.318279 -11.942247 -3.952267
v 63.329262 -11.412693 -3.686738
v 63.458366 -9.763111 -3.149090
v 63.565102 -8.154193 -2.633644
v 63.650528 -6.592452 -2.145641
v 63.716282 -5.074914 -1.681763
v 63.763668 -3.608369 -1.241617
v 63.794167 -2.202869 -0.827369
v 63.809692 -0.848739 -0.434451
v 63.811840 0.444356 -0.061838
v 63.802387 1.673493 0.291901
v 63.783226 2.831404 0.623968
v 63.756195 3.917122 0.930527
v 63.722916 4.934819 1.213275
v 63.685017 5.882435 1.475925
v 63.643188 6.778620 1.723555
v 63.600510 7.582047 1.949500
v 63.557655 8.310522 2.164330
v 63.514912 8.980425 2.369889
v 63.475300 9.556823 2.560612
v 63.438107 10.069286 2.745239
v 63.405956 10.489481 2.918815
v 63.378025 10.841833 3.083507
v 63.355904 11.111320 3.241447
v 63.340096 11.297809 3.391702
v 63.330956 11.401219 3.533560
v 63.328682 11.421503 3.666559
v 63.333286 11.359404 3.785940
v 63.344627 11.215732 3.886964
v 63.362446 10.990658 3.969233
v 63.386345 10.684470 4.032146
v 63.415764 10.297570 4.074921
v 63.450714 9.819248 4.088624
v 63.488815 9.274177 4.077785
v 63.530697 8.636255 4.034302
v 63.573410 7.938843 3.959840
v 63.617447 7.150538 3.843410
v 63.660526 6.289479 3.688049
v 63.700409 5.379800 3.492455
v 63.737068 4.385542 3.242229
v 63.768162 3.328997 2.941454
v 63.792114 2.214206 2.586600
v 63.807358 1.049307 2.180177
v 63.812492 -0.164759 1.726999
v 63.806084 -1.431028 1.227287
v 63.786655 -2.746101 0.680627
v 63.752670 -4.111590 0.082448
v 63.703125 -5.511396 -0.561692
v 63.636757 -6.948149 -1.254530
v 63.552452 -8.419668 -1.999619
v 63.449818 -9.913961 -2.796468
v 63.328102 -11.430314 -3.646381
v 65.336647 -10.849317 -3.352072
v 65.480476 -9.284582 -2.862330
v 65.599388 -7.757243 -2.392995
v 65.694550 -6.273697 -1.948860
v 65.767807 -4.831588 -1.526968
v 65.820595 -3.437456 -1.126866
v 65.854576 -2.100802 -0.750419
v 65.871872 -0.813029 -0.393629
v 65.874260 0.416814 -0.055392
v 65.863739 1.585873 0.265641
v 65.842384 2.687339 0.566970
v 65.812271 3.720186 0.845004
v 65.775200 4.688141 1.101215
v 65.732979 5.589278 1.339078
v 65.686378 6.440576 1.563003
v 65.638832 7.204298 1.767477
v 65.591087 7.896730 1.962034
v 65.543472 8.532800 2.148142
v 65.499344 9.080676 2.321169
v 65.457901 9.567348 2.488810
v 65.422089 9.967022 2.646881
v 65.390968 10.301961 2.797049
v 65.366325 10.558530 2.941528
v 65.348717 10.736625 3.079456
v 65.338531 10.836182 3.210176
v 65.335999 10.857164 3.333261
v 65.341125 10.800208 3.444294
v 65.353760 10.666010 3.538881
v 65.373611 10.454707 3.616651
v 65.400238 10.166537 3.677043
v 65.433014 9.801834 3.719330
v 65.471947 9.350769 3.735348
v 65.514397 8.835789 3.728967
v 65.561058 8.233058 3.693040
v 65.608635 7.572933 3.628614
v 65.657700 6.826736 3.525962
v 65.705688 6.010997 3.387646
v 65.750122 5.147722 3.212054
v 65.790962 4.204078 2.986405
v 65.825607 3.200462 2.714149
v 65.852287 2.140621 2.391944
v 65.869270 1.032106 2.021995
v 65.874992 -0.124055 1.608781
v 65.867851 -1.330468 1.152597
v 65.846207 -2.583835 0.653024
v 65.808350 -3.885436 0.105890
v 65.753151 -5.220278 -0.483924
v 65.679207 -6.590499 -1.118858
v 65.585297 -7.993829 -1.802196
v 65.470947 -9.418993 -2.533676
v 65.335350 -10.865011 -3.314450
v 67.341461 -10.232711 -2.991136
v 67.500702 -8.760715 -2.553084
v 67.632355 -7.322581 -2.133500
v 67.737717 -5.924574 -1.736695
v 67.818825 -4.564995 -1.360096
v 67.877266 -3.250112 -1.003191
v 67.914886 -1.988825 -0.667520
v 67.934036 -0.773691 -0.349696
v 67.936684 0.386907 -0.048533
v 67.925026 1.490193 0.237229
v 67.901390 2.529855 0.505408
v 67.868057 3.504807 0.752681
v 67.827003 4.418298 0.980280
v 67.780258 5.268549 1.191422
v 67.728668 6.070743 1.389800
v 67.676025 6.791004 1.571133
v 67.623169 7.443986 1.743839
v 67.570450 8.043054 1.908987
v 67.521591 8.559710 2.062941
v 67.475716 9.018170 2.212276
v 67.436058 9.395373 2.353631
v 67.401611 9.711254 2.488141
v 67.374321 9.953671 2.618103
v 67.354828 10.122549 2.742732
v 67.343552 10.217842 2.861429
v 67.340752 10.239526 2.973804
v 67.346428 10.188126 3.075815
v 67.360413 10.064208 3.163435
v 67.382393 9.867881 3.236324
v 67.411873 9.599323 3.293965
v 67.448158 9.258801 3.335690
v 67.491264 8.837431 3.354164
v 67.538261 8.355267 3.352551
v 67.589920 7.790909 3.324728
v 67.642601 7.171488 3.271089
v 67.696915 6.471252 3.183252
v 67.750053 5.705001 3.063279
v 67.799248 4.892457 2.909230
v 67.844460 4.004141 2.710059
v 67.882813 3.058418 2.468537
v 67.912361 2.058711 2.181533
v 67.931160 1.011941 1.850921
v 67.937492 -0.080773 1.480819
v 67.929588 -1.221578 1.071598
v 67.905624 -2.407293 0.622837
v 67.863701 -3.638839 0.130789
v 67.802597 -4.902422 -0.400386
v 67.720734 -6.199657 -0.972809
v 67.616753 -7.528179 -1.589477
v 67.490158 -8.877493 -2.250370
v 67.340034 -10.246341 -2.956473
v 69.343719 -9.562877 -2.603929
v 69.519058 -8.191509 -2.221353
v 69.664009 -6.850206 -1.855160
v 69.780029 -5.545082 -1.509145
v 69.869331 -4.275136 -1.181149
v 69.933685 -3.046335 -0.870593
v 69.975098 -1.866936 -0.578672
v 69.996185 -0.730723 -0.302653
v 69.999100 0.354635 -0.041261
v 69.986267 1.386453 0.206663
v 69.960243 2.358953 0.439282
v 69.923531 3.270986 0.653559
v 69.878334 4.125291 0.850469
v 69.826866 4.920248 1.032956
v 69.770058 5.669122 1.203946
v 69.712097 6.342166 1.360468
v 69.653900 6.952291 1.509745
v 69.595848 7.511187 1.652426
v 69.542053 7.993925 1.785929
v 69.491539 8.421755 1.915637
v 69.447876 8.774536 2.039065
v 69.409943 9.069714 2.156782
v 69.379898 9.296743 2.271172
v 69.358429 9.455581 2.381530
v 69.346016 9.546201 2.487319
v 69.342934 9.568590 2.588191
v 69.349182 9.523153 2.680502
v 69.364586 9.410327 2.760625
v 69.388786 9.230177 2.828251
v 69.421242 8.982830 2.882912
v 69.461197 8.668472 2.924000
v 69.508667 8.279234 2.945072
v 69.560410 7.832611 2.948537
v 69.617287 7.309809 2.929366
v 69.675293 6.734508 2.887263
v 69.735100 6.084085 2.815282
v 69.793602 5.371491 2.714949
v 69.847771 4.614004 2.583984
v 69.897552 3.785733 2.413191
v 69.939781 2.902864 2.204620
v 69.972313 1.968477 1.955367
v 69.993019 0.988814 1.666954
v 69.999992 -0.034911 1.343112
v 69.991287 -1.104358 0.984289
v 69.964897 -2.216474 0.590064
v 69.918747 -3.371802 0.157145
v 69.851456 -4.557830 -0.311077
v 69.761322 -5.775623 -0.816383
v 69.646835 -7.022718 -1.361463
v 69.507446 -8.289461 -1.946548
v 69.342140 -9.574302 -2.572452
v 4.000000 1.222663 0.755330
v 69.690506 2.640954 1.050564
v 5.607286 2.383931 -1.964536
v 4.962517 2.593429 -1.683901
v 4.337055 2.796654 -1.414709
v 3.733400 2.992794 -1.160230
v 3.148005 3.183000 -0.917711
v 2.583783 3.366327 -0.687380
v 2.045938 3.541083 -0.471238
v 1.526942 3.709715 -0.265123
v 1.031997 3.870533 -0.069317
v 0.562057 4.023226 0.116956
v 0.121099 4.166502 0.291660
v -0.290869 4.300358 0.452956
v -0.677181 4.425878 0.602487
v -1.037011 4.542794 0.742204
v -1.383234 4.655289 0.876574
v -1.688647 4.754524 0.998332
v -1.965432 4.844457 1.114872
v -2.224772 4.928721 1.228388
v -2.443404 4.999759 1.333203
v -2.641315 5.064064 1.436131
v -2.799540 5.115475 1.532503
v -2.934528 5.159335 1.625085
v -3.036256 5.192388 1.713954
v -3.104642 5.214608 1.798583
v -3.139630 5.225976 1.878570
v -3.141193 5.226484 1.953656
v -3.109865 5.216305 2.021150
v -3.046231 5.195630 2.078375
v -2.950423 5.164500 2.125108
v -2.822649 5.122983 2.161008
v -2.663192 5.071173 2.185632
v -2.464795 5.006709 2.193481
v -2.244048 4.934985 2.188529
v -1.983362 4.850282 2.164531
v -1.705007 4.759839 2.124749
v -1.387778 4.656765 2.060787
v -1.043672 4.544959 1.975462
v -0.688454 4.429541 1.870201
v -0.297762 4.302598 1.733859
v 0.113956 4.168822 1.570430
v 0.544586 4.028902 1.378238
v 0.989394 3.884375 1.159369
v 1.448493 3.735205 0.916381
v 1.924727 3.580467 0.648800
v 2.416834 3.420572 0.356504
v 2.926955 3.254824 0.036430
v 3.445755 3.086255 -0.306724
v 3.976236 2.913892 -0.675203
v 4.518345 2.737750 -1.071184
v 5.065724 2.559895 -1.493296
v 5.619371 2.380005 -1.942775
v 7.182851 4.060857 -2.391705
v 6.399574 4.309957 -2.049223
v 5.640072 4.552269 -1.720577
v 4.907180 4.786827 -1.409587
v 4.196830 5.014882 -1.113124
v 3.512379 5.235292 -0.831429
v 2.859790 5.446055 -0.566800
v 2.230444 5.649892 -0.314512
v 1.630335 5.844790 -0.074835
v 1.060580 6.030310 0.153128
v 0.525736 6.204893 0.367012
v 0.025796 6.368464 0.564616
v -0.443032 6.522188 0.747796
v -0.879747 6.665670 0.918842
v -1.299041 6.803657 1.082889
v -1.669753 6.925894 1.231631
v -2.005739 7.036855 1.373645
v -2.319772 7.140679 1.511452
v -2.585204 7.228580 1.638510
v -2.824850 7.308002 1.762739
v -3.016988 7.371776 1.878729
v -3.180432 7.426051 1.989674
v -3.303658 7.467016 2.095711
v -3.386565 7.494615 2.196220
v -3.429086 7.508813 2.290727
v -3.431183 7.509589 2.378928
v -3.393496 7.497152 2.457672
v -3.316726 7.471733 2.523825
v -3.201030 7.433396 2.577127
v -3.046661 7.382238 2.617180
v -2.853962 7.318396 2.643470
v -2.614699 7.239193 2.649548
v -2.347868 7.150900 2.640043
v -2.033391 7.046968 2.607695
v -1.696802 6.935817 2.556232
v -1.313904 6.809564 2.475913
v -0.898445 6.672770 2.370011
v -0.468531 6.531414 2.240059
v 0.003631 6.376466 2.073186
v 0.501491 6.213401 1.873984
v 1.022575 6.043088 1.640475
v 1.561451 5.867359 1.375060
v 2.118256 5.686227 1.080759
v 2.696238 5.498697 0.757076
v 3.293931 5.305308 0.403875
v 3.913749 5.105339 0.017619
v 4.544991 4.902308 -0.396305
v 5.191073 4.695160 -0.840453
v 5.851908 4.483969 -1.317341
v 6.520163 4.271134 -1.825446
v 7.196972 4.056317 -2.366151
v 8.707001 5.751792 -2.792603
v 7.792931 6.038709 -2.392059
v 6.906815 6.318290 -2.007600
v 6.051812 6.589427 -1.643559
v 5.223370 6.853469 -1.296460
v 4.425268 7.109088 -0.966555
v 3.664185 7.353997 -0.656414
v 2.930490 7.591176 -0.360790
v 2.230921 7.818313 -0.079940
v 1.566752 8.034851 0.187148
v 0.943087 8.238990 0.437801
v 0.359909 8.430586 0.669477
v -0.186999 8.610887 0.884230
v -0.696470 8.779383 1.084670
v -1.184893 8.941348 1.276552
v -1.617402 9.085211 1.450609
v -2.009419 9.215932 1.616520
v -2.375200 9.338120 1.777109
v -2.684932 9.441850 1.925033
v -2.964073 9.535454 2.069242
v -3.188320 9.610827 2.203639
v -3.378701 9.674866 2.331814
v -3.522288 9.723248 2.453962
v -3.618960 9.755894 2.569378
v -3.668637 9.772749 2.677521
v -3.671277 9.773784 2.778043
v -3.627613 9.759236 2.867361
v -3.538456 9.729382 2.941912
v -3.403988 9.684299 3.001401
v -3.224503 9.624115 3.045377
v -3.000401 9.549002 3.073258
v -2.722532 9.455988 3.077707
v -2.412145 9.352162 3.063959
v -2.046837 9.230195 3.023809
v -1.655192 9.099607 2.961415
v -1.210217 8.951587 2.865778
v -0.727301 8.791314 2.740595
v -0.226740 8.625556 2.587494
v 0.322468 8.444246 2.391990
v 0.901801 8.253580 2.159232
v 1.508448 8.054598 1.886956
v 2.136317 7.849402 1.577858
v 2.785567 7.638045 1.235392
v 3.459818 7.419469 0.859044
v 4.157408 7.194326 0.448660
v 4.881004 6.961868 0.000264
v 5.618619 6.726072 -0.480115
v 6.374055 6.485799 -0.995326
v 7.147181 6.241179 -1.548202
v 7.929753 5.994920 -2.137081
v 8.723021 5.746677 -2.763482
v 10.179735 7.456738 -3.167232
v 9.142589 7.779684 -2.712410
v 8.137286 8.094717 -2.275777
v 7.167295 8.400595 -1.862148
v 6.227624 8.698760 -1.467719
v 5.322448 8.987715 -1.092756
v 4.459125 9.264909 -0.740079
v 3.627080 9.533568 -0.403958
v 2.833755 9.791101 -0.084633
v 2.080572 10.036853 0.219014
v 1.373151 10.268793 0.504026
v 0.711470 10.486725 0.767538
v 0.090918 10.691974 1.011789
v -0.487179 10.883933 1.239689
v -1.040791 11.068362 1.457566
v -1.531595 11.232475 1.655265
v -1.976470 11.381686 1.843495
v -2.391056 11.521042 2.025359
v -2.742587 11.639570 2.192772
v -3.058983 11.746419 2.355640
v -3.313537 11.832625 2.507234
v -3.529336 11.905781 2.651503
v -3.692145 11.961088 2.788707
v -3.801826 11.998444 2.918057
v -3.858285 12.017783 3.038951
v -3.861474 12.019066 3.151000
v -3.812216 12.002561 3.250217
v -3.711422 11.968577 3.332636
v -3.559298 11.917211 3.397930
v -3.356176 11.848613 3.445598
v -3.102509 11.762991 3.474998
v -2.788294 11.657095 3.477957
v -2.436883 11.538771 3.460278
v -2.023700 11.399964 3.412874
v -1.580179 11.251209 3.340297
v -1.076719 11.082835 3.230382
v -0.530239 10.900587 3.087216
v 0.036920 10.711968 2.912507
v 0.658749 10.505936 2.690272
v 1.314888 10.289362 2.426174
v 2.002205 10.063433 2.117683
v 2.713992 9.830502 1.767764
v 3.450425 9.590662 1.380281
v 4.215465 9.342782 0.954702
v 5.007264 9.087625 0.490859
v 5.828720 8.824414 -0.015633
v 6.666640 8.557546 -0.558155
v 7.525180 8.285809 -1.139822
v 8.404166 8.009378 -1.763767
v 9.294495 7.731257 -2.428200
v 10.197521 7.451085 -3.134768
v 11.601053 9.175695 -3.515589
v 10.448546 9.532883 -3.010275
v 9.331484 9.881549 -2.525109
v 8.253631 10.220329 -2.065352
v 7.209593 10.550754 -1.626903
v 6.203921 10.871173 -1.210033
v 5.244609 11.178791 -0.817795
v 4.320215 11.477066 -0.444014
v 3.438836 11.763155 -0.088914
v 2.602040 12.036312 0.248728
v 1.815928 12.294301 0.565686
v 1.080480 12.536881 0.858800
v 0.390720 12.765453 1.130474
v -0.251874 12.979318 1.383897
v -0.866734 13.184698 1.625928
v -1.412331 13.367687 1.845599
v -1.906893 13.534116 2.054572
v -2.367340 13.689447 2.256201
v -2.758170 13.821738 2.441725
v -3.109581 13.940898 2.621934
v -3.392638 14.037173 2.789512
v -3.632337 14.118795 2.948743
v -3.813231 14.180532 3.099947
v -3.935163 14.222267 3.242258
v -3.998029 14.243917 3.375018
v -4.001774 14.245438 3.497799
v -3.947304 14.227123 3.606239
v -3.835623 14.189318 3.695996
v -3.666958 14.132130 3.766714
v -3.441679 14.055732 3.817845
v -3.160285 13.960364 3.848687
v -2.811986 13.842515 3.850299
v -2.422079 13.710727 3.828999
v -1.963980 13.556274 3.774890
v -1.471762 13.390625 3.692879
v -0.913408 13.203310 3.569725
v -0.307258 13.000593 3.409873
v 0.322450 12.790649 3.215096
v 1.012475 12.561538 2.968032
v 1.740749 12.320744 2.674812
v 2.503846 12.069592 2.332654
v 3.294476 11.810661 1.944779
v 4.112830 11.544074 1.515424
v 4.963181 11.268636 1.044051
v 5.843500 10.985204 0.530474
v 6.756896 10.692974 -0.030073
v 7.689053 10.396730 -0.630425
v 8.644449 10.095188 -1.273942
v 9.622862 9.788569 -1.964037
v 10.614387 9.480142 -2.698804
v 11.620470 9.169541 -3.480009
v 12.970955 10.908661 -3.837677
v 11.710804 11.298306 -3.285655
v 10.489410 11.678788 -2.755595
v 9.310818 12.048631 -2.253173
v 8.169276 12.409454 -1.774011
v 7.069687 12.759463 -1.318386
v 6.020637 13.095643 -0.889563
v 5.009894 13.421671 -0.480961
v 4.046164 13.734476 -0.092781
v 3.131157 14.033230 0.276289
v 2.271419 14.315515 0.622784
v 1.466937 14.581053 0.943262
v 0.712407 14.831320 1.240283
v 0.009444 15.065541 1.517296
v -0.662721 15.290357 1.781640
v -1.259611 15.490844 2.021612
v -1.800689 15.673225 2.249750
v -2.304053 15.843335 2.469636
v -2.731680 15.988355 2.671895
v -3.115867 16.118891 2.868123
v -3.425623 16.224468 3.050475
v -3.687704 16.313908 3.223533
v -3.885544 16.381584 3.387680
v -4.018971 16.427361 3.541981
v -4.087869 16.451150 3.685722
v -4.092178 16.452898 3.818441
v -4.032879 16.432925 3.935428
v -3.911060 16.391604 4.031993
v -3.726970 16.329056 4.107753
v -3.481012 16.245473 4.162117
v -3.173731 16.141119 4.194328
v -2.793607 16.012248 4.194732
v -2.367733 15.868029 4.170122
v -1.867677 15.699126 4.109857
v -1.329940 15.517853 4.019161
v -0.720285 15.313010 3.883807
v -0.058361 15.091329 3.708566
v 0.629847 14.861598 3.495264
v 1.383644 14.611051 3.225269
v 2.179387 14.347730 2.905143
v 3.013370 14.073077 2.531871
v 3.877770 13.789879 2.108901
v 4.772782 13.498284 1.640824
v 5.702964 13.197032 1.127091
v 6.666116 12.887066 0.567503
v 7.665533 12.567549 -0.043056
v 8.685859 12.243625 -0.696923
v 9.731862 11.913939 -1.397685
v 10.803268 11.578749 -2.149010
v 11.889431 11.241577 -2.948893
v 12.991869 10.902044 -3.799205
v 14.289442 12.655639 -4.133495
v 12.929361 13.075951 -3.538549
v 11.611062 13.486431 -2.967236
v 10.338857 13.885500 -2.425609
v 9.106672 14.274857 -1.909042
v 7.919746 14.652585 -1.417815
v 6.787209 15.015465 -0.955381
v 5.696117 15.367383 -0.514796
v 4.655741 15.705063 -0.096237
v 3.667922 16.027607 0.301697
v 2.739624 16.332436 0.675317
v 1.870843 16.619243 1.020925
v 1.055977 16.889578 1.341218
v 0.296776 17.142599 1.639885
v -0.428755 17.385339 1.924702
v -1.073433 17.601949 2.183304
v -1.657856 17.799010 2.429029
v -2.201195 17.982705 2.665663
v -2.663117 18.139420 2.883280
v -3.077840 18.280397 3.094207
v -3.412492 18.394511 3.290122
v -3.695437 18.491120 3.475873
v -3.909085 18.564241 3.651906
v -4.053251 18.613728 3.817224
v -4.127805 18.639483 3.971061
v -4.132684 18.641447 4.112926
v -4.068938 18.619965 4.237783
v -3.937732 18.575436 4.340627
v -3.739334 18.507990 4.421047
v -3.474175 18.417836 4.478415
v -3.142844 18.305257 4.511919
v -2.733158 18.166293 4.511257
v -2.273848 18.010679 4.483648
v -1.734792 17.828520 4.417774
v -1.154715 17.632894 4.319142
v -0.497351 17.411935 4.172627
v 0.216455 17.172796 3.983295
v 0.959113 16.924817 3.753008
v 1.772257 16.654476 3.461983
v 2.630800 16.370316 3.117170
v 3.530777 16.073887 2.715333
v 4.463873 15.768154 2.260130
v 5.430282 15.453291 1.756478
v 6.434815 15.127969 1.203821
v 7.475112 14.793209 0.601947
v 8.554630 14.448138 -0.054583
v 9.657057 14.098228 -0.757651
v 10.787419 13.742058 -1.511052
v 11.945387 13.379920 -2.318688
v 13.119626 13.015562 -3.178467
v 14.311717 12.648596 -4.092356
v 15.556513 14.416627 -4.403042
v 14.104218 14.865822 -3.768957
v 12.696442 15.304480 -3.160032
v 11.337749 15.730938 -2.582661
v 10.021784 16.146967 -2.031998
v 8.754096 16.550536 -1.508320
v 7.544325 16.938256 -1.015252
v 6.378885 17.314203 -0.545521
v 5.267565 17.674916 -0.099279
v 4.212335 18.019442 0.324952
v 3.220543 18.345062 0.723286
v 2.292196 18.651449 1.091788
v 1.421432 18.940225 1.433278
v 0.610122 19.210494 1.751664
v -0.164834 19.469643 2.055112
v -0.853799 19.701000 2.330674
v -1.478395 19.911474 2.592408
v -2.058765 20.107558 2.844284
v -2.552481 20.274935 3.075880
v -2.995501 20.425417 3.300186
v -3.353246 20.547305 3.508452
v -3.655536 20.650433 3.705762
v -3.883855 20.728504 3.892627
v -4.038001 20.781367 4.067989
v -4.117838 20.808914 4.231038
v -4.123294 20.811086 4.381252
v -4.055484 20.788243 4.513305
v -3.915640 20.740814 4.621898
v -3.704048 20.668932 4.706596
v -3.421169 20.572820 4.766737
v -3.067627 20.452777 4.801462
v -2.630637 20.304650 4.799874
v -2.140420 20.138674 4.769576
v -1.565322 19.944455 4.698642
v -0.946085 19.735748 4.592823
v -0.244604 19.500084 4.436187
v 0.517188 19.244994 4.234060
v 1.310249 18.980306 3.988330
v 2.178315 18.691812 3.678175
v 3.094988 18.388504 3.310890
v 4.056068 18.072021 2.883040
v 5.052786 17.745490 2.398468
v 6.085329 17.409094 1.862388
v 7.158735 17.061448 1.274243
v 8.270488 16.703631 0.633806
v 9.424189 16.334744 -0.064652
v 10.602649 15.960544 -0.812608
v 11.811120 15.579551 -1.614041
v 13.049215 15.192080 -2.473070
v 14.304971 14.802095 -3.387526
v 15.580016 14.409195 -4.359462
v 16.772170 16.191625 -4.646320
v 15.235375 16.667914 -3.976880
v 13.745549 17.132936 -3.333982
v 12.307492 17.584941 -2.724329
v 10.914610 18.025780 -2.142877
v 9.572740 18.453320 -1.589900
v 8.291985 18.864020 -1.069173
v 7.058196 19.262130 -0.573135
v 5.881636 19.644035 -0.101909
v 4.764396 20.008735 0.346054
v 3.714175 20.353394 0.766692
v 2.730998 20.677671 1.155852
v 1.808771 20.983261 1.516464
v 0.949483 21.269227 1.852633
v 0.129042 21.543269 2.172873
v -0.600708 21.787998 2.463723
v -1.262307 22.010613 2.739889
v -1.876763 22.217891 3.005497
v -2.399774 22.394899 3.249696
v -2.868849 22.553949 3.486061
v -3.247885 22.682845 3.705467
v -3.568001 22.791843 3.913202
v -3.809852 22.874374 4.109842
v -3.973222 22.930278 4.294275
v -4.057966 22.959443 4.465651
v -4.064008 22.961813 4.623421
v -3.992515 22.937762 4.761993
v -3.844784 22.887737 4.875806
v -3.621115 22.811880 4.964401
v -3.321993 22.710426 5.027083
v -2.948078 22.583681 5.062954
v -2.486046 22.427319 5.060582
v -1.967453 22.252017 5.027906
v -1.359271 22.046930 4.952461
v -0.704052 21.826414 4.840204
v 0.037956 21.577461 4.674485
v 0.843839 21.307923 4.460862
v 1.683253 21.028063 4.201229
v 2.601817 20.723060 3.873845
v 3.571952 20.402292 3.486306
v 4.589243 20.067479 3.034992
v 5.644508 19.721883 2.523913
v 6.737924 19.365694 1.958553
v 7.874722 18.997469 1.338355
v 9.052243 18.618337 0.663079
v 10.274207 18.227363 -0.073264
v 11.522633 17.830569 -0.861795
v 12.802964 17.426411 -1.706655
v 14.114756 17.015231 -2.612156
v 15.445468 16.601177 -3.576069
v 16.796763 16.183840 -4.600523
v 17.936409 17.980633 -4.863327
v 16.322833 18.482232 -4.162317
v 14.758384 18.971797 -3.489087
v 13.248087 19.447513 -2.850613
v 11.785150 19.911296 -2.241680
v 10.375676 20.360935 -1.662557
v 9.030189 20.792752 -1.117146
v 7.734052 21.211164 -0.597638
v 6.497955 21.612420 -0.104127
v 5.324106 21.995487 0.365004
v 4.220520 22.357431 0.805534
v 3.187248 22.697911 1.213116
v 2.217995 23.018688 1.590774
v 1.314856 23.318794 1.942793
v 0.452873 23.606219 2.277982
v -0.314161 23.862942 2.582451
v -1.009590 24.096432 2.871471
v -1.655190 24.313711 3.149303
v -2.204993 24.499311 3.404727
v -2.697886 24.665998 3.651831
v -3.096407 24.801135 3.881167
v -3.432832 24.915353 4.098192
v -3.687077 25.001849 4.303551
v -3.858914 25.060460 4.496082
v -3.948191 25.091074 4.674900
v -3.954825 25.093629 4.839433
v -3.880032 25.068517 4.983849
v -3.725164 25.016206 5.102350
v -3.490532 24.936839 5.194460
v -3.176647 24.830652 5.259455
v -2.784198 24.697967 5.296398
v -2.299384 24.534301 5.293382
v -1.754943 24.350707 5.258639
v -1.116636 24.135950 5.179231
v -0.428615 23.904894 5.061285
v 0.350327 23.644061 4.887522
v 1.196409 23.361584 4.663700
v 2.078126 23.068089 4.391705
v 3.042762 22.748218 4.048992
v 4.061693 22.411684 3.643415
v 5.130301 22.060263 3.171189
v 6.239039 21.697335 2.636467
v 7.388065 21.323091 2.044973
v 8.582777 20.936031 1.396158
v 9.820379 20.537323 0.689767
v 11.104687 20.125998 -0.080419
v 12.417010 19.708305 -0.905211
v 13.762952 19.282644 -1.788891
v 15.142007 18.849372 -2.735946
v 16.541116 18.412809 -3.744097
v 17.961961 17.972536 -4.815538
v 19.049234 19.783652 -5.054064
v 17.366590 20.308771 -4.325269
v 15.734946 20.821064 -3.625346
v 14.159534 21.318651 -2.961513
v 12.633403 21.803517 -2.328408
v 11.162905 22.273383 -1.726289
v 9.758938 22.724455 -1.159170
v 8.406453 23.161305 -0.619030
v 7.116522 23.580070 -0.105932
v 5.891464 23.979698 0.381801
v 4.739579 24.357175 0.839812
v 3.660946 24.712166 1.263581
v 2.649102 25.046504 1.656210
v 1.706243 25.359199 2.022143
v 0.806659 25.658492 2.370442
v 0.005843 25.925835 2.686857
v -0.720246 26.168925 2.987154
v -1.394046 26.395010 3.275701
v -1.968140 26.588172 3.540974
v -2.482609 26.761558 3.797496
v -2.898814 26.902170 4.035550
v -3.250029 27.020962 4.260732
v -3.515530 27.110931 4.473753
v -3.695077 27.171914 4.673411
v -3.788511 27.203803 4.858786
v -3.795745 27.206532 5.029286
v -3.718035 27.180513 5.178871
v -3.556778 27.126220 5.301531
v -3.312301 27.043802 5.396775
v -2.985131 26.933499 5.463852
v -2.575987 26.795637 5.501792
v -2.070652 26.625596 5.498273
v -1.502893 26.434744 5.461774
v -0.837418 26.211509 5.378952
v -0.119773 25.971184 5.256065
v 0.692510 25.699889 5.075297
v 1.574895 25.405975 4.842574
v 2.494867 25.100384 4.559758
v 3.501152 24.767287 4.203617
v 4.564208 24.416677 3.782220
v 5.679243 24.050372 3.291631
v 6.836379 23.671844 2.736128
v 8.035754 23.281285 2.121649
v 9.282901 22.877134 1.447652
v 10.574895 22.460592 0.713870
v 11.915627 22.030648 -0.086118
v 13.285779 21.593749 -0.942856
v 14.691084 21.148244 -1.860751
v 16.130970 20.694505 -2.844440
v 17.591915 20.236991 -3.891610
v 19.075608 19.775278 -5.004508
v 20.110643 21.600682 -5.218531
v 18.366648 22.147536 -4.465735
v 16.675234 22.680737 -3.742760
v 15.041833 23.198357 -3.057029
v 13.459372 23.702442 -2.403059
v 11.934425 24.190660 -1.781097
v 10.478230 24.659127 -1.195245
v 9.075398 25.112554 -0.637312
v 7.737337 25.546988 -0.107324
v 6.466470 25.961366 0.396444
v 5.271351 26.352623 0.869526
v 4.152092 26.720440 1.307247
v 3.102094 27.066709 1.712771
v 2.123644 27.390441 2.090683
v 1.190399 27.700086 2.450250
v 0.359304 27.976673 2.776942
v -0.394273 28.228097 3.086938
v -1.093329 28.461792 3.384692
v -1.689214 28.661484 3.658437
v -2.223020 28.840634 3.923057
v -2.655105 28.985958 4.168617
v -3.019592 29.108671 4.400823
v -3.295211 29.201618 4.620450
v -3.481712 29.264641 4.826261
v -3.578929 29.297630 5.017309
v -3.586769 29.300526 5.192983
v -3.506524 29.273747 5.347059
v -3.339628 29.217781 5.473349
v -3.086422 29.132774 5.571345
v -2.747445 29.018969 5.640274
v -2.323443 28.876690 5.679138
v -1.799849 28.701202 5.675257
v -1.211302 28.504127 5.637311
v -0.521617 28.273609 5.551624
v 0.222473 28.025290 5.424545
v 1.064506 27.744940 5.237812
v 1.979300 27.441097 4.997483
v 2.933477 27.124950 4.705389
v 3.976986 26.780269 4.337719
v 5.079499 26.417270 3.902718
v 6.236068 26.037804 3.396319
v 7.436528 25.645413 2.822897
v 8.680990 25.240274 2.188580
v 9.975092 24.820780 1.492836
v 11.315790 24.388141 0.735388
v 12.707028 23.941312 -0.090359
v 14.128941 23.486906 -0.974731
v 15.587360 23.023217 -1.922234
v 17.081644 22.550626 -2.937639
v 18.597866 22.073721 -4.018608
v 20.137705 21.592068 -5.167434
v 21.120636 23.431723 -5.356728
v 19.323005 23.998523 -4.583716
v 17.579251 24.550814 -3.841328
v 15.894983 25.086630 -3.137161
v 14.263055 25.608074 -2.465633
v 12.690239 26.112769 -1.826981
v 11.188067 26.596771 -1.225371
v 9.740886 27.064909 -0.652483
v 8.360398 27.513170 -0.108304
v 7.049124 27.940494 0.408936
v 5.815837 28.343778 0.894676
v 4.660685 28.722728 1.344113
v 3.576971 29.079304 1.760457
v 2.567060 29.412518 2.148412
v 1.604094 29.731004 2.517408
v 0.746221 30.015458 2.852705
v -0.031672 30.273948 3.170823
v -0.753041 30.514057 3.476276
v -1.368215 30.719241 3.757115
v -1.919119 30.903221 4.028512
v -2.365281 31.052492 4.280369
v -2.741521 31.178478 4.518463
v -3.026120 31.273912 4.743640
v -3.218819 31.338639 4.954632
v -3.319441 31.372558 5.150467
v -3.327895 31.375608 5.330521
v -3.245497 31.348220 5.488414
v -3.073714 31.290886 5.617804
v -2.812893 31.203753 5.718171
v -2.463590 31.087059 5.788721
v -2.026570 30.941124 5.828433
v -1.486976 30.761120 5.824332
v -0.880170 30.558857 5.785251
v -0.169233 30.322252 5.697246
v 0.598121 30.067206 5.566725
v 1.466314 29.779217 5.375065
v 2.409623 29.466952 5.128430
v 3.393956 29.141782 4.828597
v 4.470264 28.787161 4.451300
v 5.607567 28.413467 4.004911
v 6.800777 28.022563 3.485251
v 8.039487 27.618040 2.896774
v 9.323774 27.200062 2.245766
v 10.659351 26.766965 1.531712
v 12.043065 26.319970 0.754320
v 13.478889 25.857993 -0.093143
v 14.946495 25.387771 -1.000835
v 16.451779 24.907559 -1.973341
v 17.994029 24.417739 -3.015541
v 19.558967 23.922999 -4.125091
v 21.148251 23.422904 -5.304314
v 22.079214 25.276771 -5.468655
v 20.235663 25.861735 -4.679211
v 18.446994 26.431299 -3.921051
v 16.718986 26.983471 -3.201909
v 15.044452 27.520407 -2.516132
v 13.430344 28.039708 -1.863941
v 11.888447 28.537383 -1.249549
v 10.402920 29.018372 -0.664544
v 8.985708 29.478619 -0.108871
v 7.639427 29.917079 0.419274
v 6.373037 30.330640 0.915263
v 5.186728 30.719035 1.374180
v 4.073732 31.084290 1.799268
v 3.036488 31.425432 2.195333
v 2.047743 31.751245 2.571916
v 1.166595 32.042190 2.914146
v 0.367557 32.306474 3.238809
v -0.373183 32.551804 3.550453
v -1.005144 32.761450 3.837008
v -1.570906 32.949323 4.113863
v -2.029340 33.101775 4.370804
v -2.415816 33.230385 4.613653
v -2.708257 33.327811 4.843325
v -2.906395 33.393911 5.058525
v -3.010050 33.428583 5.258263
v -3.019124 33.431780 5.441902
v -2.934957 33.403931 5.602936
v -2.759036 33.345538 5.734896
v -2.491715 33.256740 5.837251
v -2.133566 33.137771 5.909193
v -1.685365 32.988943 5.949680
v -1.132032 32.805352 5.945498
v -0.509496 32.598934 5.905593
v 0.219734 32.357437 5.815819
v 1.007175 32.096937 5.682604
v 1.897933 31.802721 5.487058
v 2.865863 31.483537 5.235412
v 3.876303 31.150885 4.929382
v 4.980987 30.787964 4.544357
v 6.148409 30.405265 4.088799
v 7.373370 30.004646 3.558429
v 8.645255 29.589726 2.957758
v 9.964105 29.160647 2.293208
v 11.335678 28.715693 1.564278
v 12.756720 28.256083 0.770667
v 14.231211 27.780688 -0.094470
v 15.738442 27.296347 -1.021168
v 17.284344 26.801273 -2.014071
v 18.868124 26.295841 -3.078148
v 20.475219 25.784829 -4.211058
v 22.107246 25.267789 -5.415150
v 22.986376 27.135831 -5.554311
v 21.104620 27.737171 -4.752220
v 19.278465 28.322190 -3.981929
v 17.513841 28.888880 -3.251272
v 15.803563 29.439445 -2.554555
v 14.154744 29.971481 -1.891977
v 12.579372 30.480968 -1.267779
v 11.061498 30.972943 -0.673493
v 9.613265 31.443334 -0.109026
v 8.237378 31.891125 0.427459
v 6.942950 32.313206 0.931286
v 5.730218 32.709357 1.397447
v 4.592377 33.081663 1.829205
v 3.531931 33.429183 2.231443
v 2.521347 33.760807 2.613772
v 1.620425 34.056867 2.961267
v 0.803413 34.325680 3.290896
v 0.046248 34.575034 3.607222
v -0.600001 34.788106 3.898117
v -1.178381 34.978937 4.179110
v -1.647286 35.133804 4.439924
v -2.042477 35.264391 4.686393
v -2.341622 35.363318 4.919503
v -2.544442 35.430454 5.137938
v -2.650754 35.465711 5.340695
v -2.660458 35.469040 5.527125
v -2.574903 35.440881 5.690624
v -2.395595 35.381734 5.824624
v -2.122890 35.291735 5.928586
v -1.757370 35.171105 6.001690
v -1.299828 35.020142 6.042877
v -0.735016 34.833896 6.038756
v -0.099282 34.624358 5.998337
v 0.645285 34.379164 5.907343
v 1.449633 34.114479 5.772183
v 2.359366 33.815451 5.573789
v 3.348022 33.490852 5.318430
v 4.380520 33.152256 5.007745
v 5.509153 32.782681 4.616892
v 6.702027 32.392662 4.154382
v 7.953845 31.984053 3.615851
v 9.253832 31.560470 3.005851
v 10.601984 31.122028 2.330905
v 12.004073 30.666963 1.590535
v 13.456754 30.196475 0.784429
v 14.963995 29.709398 -0.094340
v 16.504782 29.212632 -1.035731
v 18.085051 28.704358 -2.044425
v 19.703931 28.184934 -3.125459
v 21.346622 27.659205 -4.276510
v 23.014692 27.126723 -5.499939
v 23.842122 29.008903 -5.613697
v 21.929878 29.624830 -4.802744
v 20.073662 30.223482 -4.023961
v 18.279547 30.802852 -3.285252
v 16.540389 31.365191 -2.580902
v 14.863433 31.908082 -1.911089
v 13.260841 32.427520 -1.280059
v 11.716619 32.928618 -0.679332
v 10.243070 33.407315 -0.108768
v 8.842977 33.862626 0.433492
v 7.525577 34.291478 0.942744
v 6.291156 34.693696 1.413915
v 5.132906 35.071426 1.850266
v 4.053388 35.423772 2.256744
v 3.024906 35.759694 2.642979
v 2.107712 36.059494 2.994066
v 1.275897 36.331559 3.327084
v 0.505251 36.583747 3.646585
v -0.152784 36.799212 3.940442
v -0.741542 36.992067 4.224252
v -1.219115 37.148583 4.487728
v -1.621503 37.280499 4.736684
v -1.926215 37.380428 4.972175
v -2.132962 37.448266 5.192873
v -2.241556 37.483935 5.397764
v -2.251895 37.487387 5.586191
v -2.165335 37.459069 5.751479
v -1.983387 37.399478 5.886989
v -1.706416 37.308738 5.992177
v -1.335006 37.187061 6.066212
v -0.869960 37.034727 6.108025
v -0.295931 36.846750 6.104106
v 0.350473 36.635128 6.063484
v 1.107417 36.387429 5.971818
v 1.925494 36.119835 5.835463
v 2.850610 35.817402 5.635258
v 3.856097 35.488898 5.377485
v 4.906605 35.145899 5.063685
v 6.054763 34.771307 4.668905
v 7.268421 34.375662 4.201658
v 8.542205 33.960786 3.657519
v 9.865220 33.530275 3.041051
v 11.237410 33.084207 2.358857
v 12.664536 32.620774 1.610483
v 14.143169 32.141151 0.795606
v 15.677237 31.644122 -0.092753
v 17.245515 31.136631 -1.044523
v 18.853902 30.616810 -2.064401
v 20.501449 30.085016 -3.157474
v 22.173178 29.546134 -4.321447
v 23.870587 28.999702 -5.558685
v 24.646454 30.895985 -5.646813
v 22.711435 31.524711 -4.830782
v 20.832588 32.135185 -4.047148
v 19.016106 32.725396 -3.303848
v 17.254928 33.297637 -2.595172
v 15.556418 33.849517 -1.921276
v 13.932854 34.377045 -1.286391
v 12.368286 34.885404 -0.682060
v 10.875122 35.370562 -0.108098
v 9.456225 35.831590 0.437372
v 8.120917 36.265457 0.949639
v 6.869543 36.672053 1.423584
v 5.695320 37.053582 1.862453
v 4.600858 37.409194 2.271235
v 3.558420 37.747903 2.659534
v 2.628456 38.050066 3.012543
v 1.785010 38.324119 3.347374
v 1.003825 38.577941 3.668539
v 0.336505 38.794766 3.963982
v -0.260391 38.988709 4.249289
v -0.744827 39.146112 4.514216
v -1.152896 39.278702 4.764524
v -1.462035 39.379147 5.001341
v -1.671952 39.447353 5.223330
v -1.782454 39.483258 5.429469
v -1.793435 39.486826 5.619099
v -1.706251 39.458498 5.785500
v -1.522416 39.398766 5.921991
v -1.242292 39.307748 6.028022
v -0.866472 39.185637 6.102759
v -0.395761 39.032694 6.145123
v 0.185226 38.843920 6.141547
v 0.839770 38.631246 6.101033
v 1.606134 38.382239 6.009244
v 2.434759 38.113002 5.872441
v 3.371667 37.808582 5.671467
v 4.390092 37.477676 5.412576
v 5.454559 37.131810 5.097202
v 6.617818 36.753844 4.700395
v 7.847591 36.354266 4.230629
v 9.138448 35.934842 3.683431
v 10.479415 35.499135 3.063359
v 11.870383 35.047182 2.377065
v 13.317067 34.577126 1.624121
v 14.815963 34.090105 0.804197
v 16.370942 33.584862 -0.089710
v 17.960640 33.068338 -1.047544
v 19.590897 32.538635 -2.074002
v 21.260678 31.996090 -3.174193
v 22.954883 31.445610 -4.345869
v 24.674933 30.886732 -5.591384
v 25.399369 32.797078 -5.653659
v 23.449293 33.436817 -4.836335
v 21.555241 34.057294 -4.051489
v 19.723516 34.656504 -3.307059
v 17.947183 35.236790 -2.597366
v 16.233693 35.795783 -1.922539
v 14.595411 36.329537 -1.286774
v 13.016497 36.843296 -0.681678
v 11.509422 37.333074 -0.107015
v 10.077120 37.798008 0.439098
v 8.728971 38.235142 0.951971
v 7.465377 38.644425 1.426453
v 6.279618 39.028125 1.865765
v 5.174341 39.385454 2.274916
v 4.121889 39.725435 2.663439
v 3.182656 40.028585 3.016699
v 2.330751 40.303356 3.351764
v 1.541970 40.557617 3.673087
v 0.867867 40.774769 3.968737
v 0.265071 40.968864 4.254221
v -0.224424 41.126387 4.519388
v -0.636656 41.259006 4.769915
v -0.949083 41.359472 5.007001
v -1.161412 41.427712 5.229308
v -1.273446 41.463681 5.435811
v -1.285078 41.467352 5.625849
v -1.197655 41.439163 5.792688
v -1.012680 41.379599 5.929629
v -0.730520 41.288766 6.036123
v -0.351768 41.166833 6.111331
v 0.122770 41.014042 6.154173
v 0.708453 40.825399 6.151080
v 1.368608 40.612710 6.110985
v 2.141433 40.363590 6.019620
v 2.977429 40.093984 5.883120
v 3.922535 39.788986 5.682414
v 4.950003 39.457187 5.423703
v 6.024382 39.109989 5.108296
v 7.198316 38.730292 4.711363
v 8.439536 38.328471 4.241295
v 9.742574 37.906223 3.693589
v 11.096420 37.467054 3.072775
v 12.500903 37.010954 2.385528
v 13.961666 36.536019 1.631451
v 15.475137 36.043340 0.810203
v 17.045107 35.531617 -0.085209
v 18.650157 35.007754 -1.044795
v 20.296037 34.469831 -2.073225
v 21.981619 33.918153 -3.175616
v 23.691741 33.357636 -4.349775
v 25.427727 32.787808 -5.598040
v 26.100868 34.712178 -5.634235
v 24.143450 35.361145 -4.819402
v 22.241620 35.989804 -4.036985
v 20.401778 36.596181 -3.294887
v 18.617150 37.182644 -2.587485
v 16.895262 37.746880 -1.914879
v 15.248512 38.285002 -1.281208
v 13.661252 38.802295 -0.678185
v 12.145969 39.294852 -0.105519
v 10.705665 39.761889 0.438673
v 9.349739 40.200531 0.949738
v 8.078661 40.610817 1.422523
v 6.885801 40.995060 1.860203
v 5.773839 41.352552 2.267787
v 4.715312 41.692289 2.654694
v 3.770314 41.995049 3.006534
v 2.913120 42.269269 3.340255
v 2.119687 42.522779 3.660227
v 1.441301 42.739221 3.954708
v 0.834847 42.932536 4.239048
v 0.342093 43.089412 4.503244
v -0.072781 43.221409 4.752855
v -0.387360 43.321400 4.989155
v -0.601344 43.389343 5.210807
v -0.714536 43.425203 5.416789
v -0.726825 43.428967 5.606442
v -0.639543 43.401069 5.773043
v -0.454179 43.341980 5.909905
v -0.171100 43.251791 6.016479
v 0.209105 43.130653 6.091928
v 0.685631 42.978777 6.135173
v 1.273751 42.791195 6.132705
v 1.936985 42.579519 6.093338
v 2.713315 42.331482 6.002948
v 3.553502 42.062776 5.867498
v 4.503216 41.758616 5.668100
v 5.535833 41.427426 5.410866
v 6.616073 41.080438 5.096968
v 7.796259 40.700654 4.701808
v 9.044257 40.298276 4.233655
v 10.354585 39.874931 3.687992
v 11.716235 39.434032 3.069299
v 13.128971 38.975524 2.384246
v 14.598333 38.497454 1.632471
v 16.120692 38.000860 0.813624
v 17.699731 37.484385 -0.079251
v 19.314068 36.954882 -1.036275
v 20.969319 36.410396 -2.062072
v 22.664269 35.851206 -3.161744
v 24.383748 35.282209 -4.333167
v 26.128971 34.702930 -5.578649
v 26.750953 36.641292 -5.588541
v 24.793908 37.297698 -4.779983
v 22.891728 37.932725 -4.003636
v 21.050892 38.544426 -3.267330
v 19.264834 39.135208 -2.565527
v 17.541123 39.702808 -1.898294
v 15.892157 40.243435 -1.269693
v 14.302551 40.762400 -0.671581
v 12.784765 41.255900 -0.103611
v 11.341857 41.723225 0.436094
v 9.983220 42.161628 0.942942
v 8.709391 42.571221 1.411793
v 7.513867 42.954380 1.845765
v 6.399350 43.310483 2.249849
v 5.338689 43.648463 2.633298
v 4.391428 43.949464 2.982047
v 3.532115 44.221857 3.312848
v 2.736975 44.473419 3.629960
v 2.056807 44.688122 3.921894
v 1.448935 44.879719 4.203771
v 0.954728 45.035187 4.465785
v 0.538729 45.165913 4.713346
v 0.223136 45.264937 4.947803
v 0.008252 45.332242 5.167827
v -0.105722 45.367823 5.372404
v -0.118675 45.371671 5.560877
v -0.031917 45.344215 5.726564
v 0.153085 45.285905 5.862817
v 0.435969 45.196823 5.969090
v 0.816151 45.077097 6.044550
v 1.292825 44.926893 6.088124
v 1.881119 44.741299 6.086421
v 2.544905 44.531679 6.048095
v 3.321781 44.285915 5.959226
v 4.162980 44.019383 5.825576
v 5.113708 43.717472 5.628525
v 6.147580 43.388398 5.374066
v 7.229632 43.043155 5.063217
v 8.411646 42.664924 4.671731
v 9.661754 42.263684 4.207710
v 10.974479 41.840961 3.666640
v 12.338859 41.400069 3.052930
v 13.754586 40.940890 2.373220
v 15.227068 40.461433 1.627182
v 16.752627 39.962660 0.814460
v 18.334818 39.443172 -0.071836
v 19.952371 38.909720 -1.021985
v 21.610745 38.360329 -2.040542
v 23.308633 37.795251 -3.132575
v 25.030907 37.219333 -4.296042
v 26.778666 36.632103 -5.533214
v 27.349622 38.584416 -5.516576
v 25.400666 39.246477 -4.718079
v 23.505562 39.886047 -3.951441
v 21.670858 40.501239 -3.224390
v 19.890230 41.094472 -2.531493
v 18.171277 41.663567 -1.872785
v 16.526346 42.204840 -1.252230
v 14.940394 42.723613 -0.661866
v 13.425808 43.216209 -0.101290
v 11.985698 43.682023 0.431362
v 10.629414 44.118427 0.931582
v 9.357570 44.525645 1.394264
v 8.163819 44.906094 1.822453
v 7.050875 45.259252 2.221101
v 5.992022 45.593965 2.599251
v 5.045999 45.891825 2.943238
v 4.187741 46.161127 3.269541
v 3.393835 46.409545 3.582286
v 2.714388 46.621474 3.870296
v 2.107334 46.810415 4.148389
v 1.613478 46.963707 4.407009
v 1.197871 47.092513 4.651387
v 0.882405 47.190080 4.882945
v 0.667378 47.256417 5.100368
v 0.552997 47.291544 5.302655
v 0.539372 47.295462 5.489155
v 0.625224 47.268598 5.653252
v 0.809114 47.211375 5.788366
v 1.090687 47.123865 5.893956
v 1.469363 47.006157 5.969197
v 1.944349 46.858391 6.013025
v 2.530558 46.675717 6.012229
v 3.192366 46.469182 5.975253
v 3.966828 46.226890 5.888455
v 4.805861 45.963801 5.757353
v 5.754014 45.665555 5.563689
v 6.785245 45.340098 5.313302
v 7.865062 44.998145 5.007043
v 9.044477 44.623108 4.621132
v 10.292027 44.224693 4.163459
v 11.602256 43.804317 3.629533
v 12.964292 43.365166 3.023670
v 14.377749 42.907053 2.352449
v 15.847870 42.427950 1.615584
v 17.370940 41.928739 0.812710
v 18.950365 41.407971 -0.062964
v 20.565067 40.872268 -1.001923
v 22.220316 40.319637 -2.008636
v 23.914706 39.750285 -3.088111
v 25.633218 39.169007 -4.238403
v 27.376809 38.575322 -5.461733
v 27.896874 40.541547 -5.418341
v 25.963722 41.207474 -4.633689
v 24.083123 41.849776 -3.880401
v 22.261676 42.466616 -3.166065
v 20.493341 43.060440 -2.485383
v 18.785723 43.629157 -1.838351
v 17.151080 44.169213 -1.228818
v 15.574782 44.685932 -0.649040
v 14.069099 45.175788 -0.098557
v 12.637187 45.638277 0.424478
v 11.288323 46.070938 0.915658
v 10.023197 46.474084 1.369935
v 8.835653 46.850194 1.790266
v 7.728415 47.198859 2.181542
v 6.675309 47.528784 2.552554
v 5.734027 47.822131 2.890109
v 4.879993 48.087073 3.210336
v 4.090267 48.331152 3.517204
v 3.414039 48.539272 3.799914
v 2.810047 48.724627 4.072902
v 2.318343 48.874978 4.326918
v 1.904649 49.001216 4.566978
v 1.590443 49.096826 4.794580
v 1.376033 49.161864 5.008431
v 1.261619 49.196364 5.207542
v 1.247315 49.200345 5.391274
v 1.331877 49.174217 5.553107
v 1.513907 49.118393 5.686552
v 1.793053 49.032912 5.791078
v 2.168746 48.917841 5.865870
v 2.640205 48.773270 5.909877
v 3.222068 48.594447 5.910129
v 3.879367 48.392033 5.874814
v 4.648460 48.154405 5.790635
v 5.482147 47.896034 5.662831
v 6.424131 47.602860 5.473592
v 7.448828 47.282531 5.228573
v 8.522360 46.945399 4.928446
v 9.694752 46.575203 4.550011
v 10.935074 46.181303 4.100903
v 12.237917 45.764999 3.576671
v 13.592535 45.329321 2.981517
v 14.998459 44.874013 2.321933
v 16.460742 44.397011 1.597677
v 17.975634 43.899101 0.808375
v 19.546372 43.378786 -0.052635
v 21.152155 42.842524 -0.976091
v 22.798030 42.288313 -1.966353
v 24.482491 41.716311 -3.028351
v 26.190679 41.131229 -4.160249
v 27.923402 40.532591 -5.364208
v 28.392711 42.512693 -5.293837
v 26.483081 43.180700 -4.526814
v 24.624412 43.823914 -3.790515
v 22.823346 44.440562 -3.092356
v 21.074167 45.033115 -2.427197
v 19.384461 45.599578 -1.794994
v 17.766357 46.136559 -1.199458
v 16.205713 46.649358 -0.633104
v 14.714636 47.134629 -0.095411
v 13.296324 47.591989 0.415441
v 11.959944 48.019150 0.895170
v 10.706272 48.416541 1.338807
v 9.529374 48.786689 1.749204
v 8.431968 49.129303 2.131175
v 7.388551 49.452932 2.493206
v 6.455510 49.740384 2.822658
v 5.608873 49.999694 3.135231
v 4.826271 50.238241 3.434715
v 4.155764 50.441518 3.710747
v 3.557072 50.622351 3.977311
v 3.069324 50.768994 4.225511
v 2.659060 50.892017 4.460119
v 2.347256 50.985181 4.682710
v 2.134216 51.048582 4.892016
v 2.020145 51.082281 5.087067
v 2.005156 51.086317 5.267237
v 2.088046 51.061077 5.426128
v 2.267465 51.006956 5.557375
v 2.543069 50.923969 5.660454
v 2.914299 50.812145 5.734566
v 3.380391 50.671532 5.778680
v 3.955649 50.497491 5.780120
v 4.605910 50.300235 5.746777
v 5.366674 50.068466 5.665765
v 6.191836 49.816077 5.542008
v 7.124060 49.529392 5.358233
v 8.138329 49.215696 5.119881
v 9.201526 48.884926 4.827427
v 10.362470 48.521206 4.458366
v 11.590897 48.133513 4.020041
v 12.881461 47.723004 3.508054
v 14.223586 47.292532 2.926472
v 15.616715 46.841766 2.281673
v 17.065680 46.368611 1.573460
v 18.566708 45.873746 0.801455
v 20.122839 45.355613 -0.040849
v 21.713637 44.820494 -0.944489
v 23.343887 44.266358 -1.913693
v 25.011987 43.693327 -2.953295
v 26.703292 43.106001 -4.061580
v 28.418444 42.503903 -5.240637
v 28.837132 44.497846 -5.143062
v 26.958739 45.166148 -4.397453
v 25.129428 45.808455 -3.681784
v 23.355868 46.423076 -3.003263
v 21.632707 47.012494 -2.356934
v 19.967491 47.574830 -1.742712
v 18.372179 48.106872 -1.164148
v 16.833191 48.613895 -0.614057
v 15.362422 49.092739 -0.091853
v 13.963109 49.543160 0.404251
v 12.644280 49.963070 0.870118
v 11.406796 50.353016 1.300880
v 10.244978 50.715568 1.699267
v 9.161534 51.050581 2.069997
v 8.131747 51.366396 2.421208
v 7.210451 51.646583 2.740885
v 6.374381 51.898993 3.044228
v 5.601845 52.130813 3.334819
v 4.939561 52.328217 3.602795
v 4.348410 52.503592 3.861615
v 3.866420 52.645760 4.102787
v 3.461105 52.764913 4.330810
v 3.152840 52.855143 4.547334
v 2.941929 52.916573 4.751122
v 2.828575 52.949300 4.941227
v 2.812892 52.953373 5.117042
v 2.893730 52.929177 5.272316
v 3.069788 52.877066 5.400835
v 3.340733 52.797033 5.502086
v 3.706022 52.689073 5.575288
v 4.164910 52.553179 5.619434
v 4.731299 52.384843 5.622203
v 5.371993 52.193776 5.591143
v 6.121471 51.969064 5.513846
v 6.934930 51.723935 5.394885
v 7.853802 51.445150 5.217613
v 8.853747 51.139589 4.987225
v 9.902561 50.816718 4.703985
v 11.047634 50.461123 4.346200
v 12.259496 50.081327 3.920874
v 13.532889 49.678334 3.423683
v 14.857447 49.254802 2.858535
v 16.232520 48.810320 2.231668
v 17.662687 48.342755 1.542935
v 19.144161 47.852671 0.791950
v 20.679768 47.338460 -0.027606
v 22.249510 46.806171 -0.907116
v 23.857889 46.253775 -1.850657
v 25.503194 45.681331 -2.862943
v 27.171056 45.093323 -3.942395
v 28.861937 44.489265 -5.091022
v 29.230139 46.497012 -4.966016
v 27.390696 47.163817 -4.245606
v 25.598170 47.803401 -3.554207
v 23.859242 48.414159 -2.898787
v 22.168961 48.998577 -2.274596
v 20.534816 49.554917 -1.681507
v 18.968545 50.080158 -1.122890
v 17.457211 50.579535 -0.591900
v 16.012455 51.050115 -0.087882
v 14.637543 51.491789 0.390908
v 13.341328 51.902695 0.840503
v 12.124766 52.283504 1.256153
v 10.982466 52.636839 1.640455
v 9.917115 52.962697 1.998009
v 8.904899 53.269188 2.336559
v 7.998847 53.540728 2.644791
v 7.176518 53.784972 2.937326
v 6.416991 54.008866 3.217515
v 5.765430 54.199361 3.476059
v 5.184059 54.368341 3.725814
v 4.709632 54.505276 3.958749
v 4.310784 54.619913 4.179051
v 4.007196 54.706710 4.388451
v 3.799170 54.765835 4.585748
v 3.686910 54.797417 4.770025
v 3.670526 54.801521 4.940689
v 3.748927 54.778514 5.091670
v 3.920874 54.728718 5.216930
v 4.186044 54.652101 5.315972
v 4.543914 54.548621 5.388035
v 4.993759 54.418209 5.432138
v 5.549021 54.256512 5.436377
v 6.177618 54.072669 5.407910
v 6.912852 53.856207 5.334879
v 7.711428 53.619604 5.221461
v 8.613355 53.350131 5.051733
v 9.595084 53.054215 4.830605
v 10.625464 52.740783 4.558120
v 11.750241 52.394951 4.213511
v 12.940872 52.024745 3.803401
v 14.192202 51.630991 3.323556
v 15.494117 51.216131 2.777706
v 16.845871 50.779671 2.171918
v 18.251762 50.319440 1.506100
v 19.707995 49.835877 0.779859
v 21.217157 49.327318 -0.012906
v 22.759777 48.799562 -0.863972
v 24.340036 48.250563 -1.777244
v 25.956112 47.680324 -2.757295
v 27.593971 47.093193 -3.802695
v 29.253879 46.488677 -4.915361
v 29.571729 48.510186 -4.762701
v 27.778953 49.173712 -4.071274
v 26.030641 49.808753 -3.407785
v 24.333468 50.413805 -2.778926
v 22.682929 50.991363 -2.180182
v 21.086431 51.539830 -1.611377
v 19.555454 52.056412 -1.075683
v 18.077776 52.546285 -0.566631
v 16.664736 53.006757 -0.083498
v 15.319625 53.437878 0.375412
v 14.051091 53.838025 0.806323
v 12.860186 54.208011 1.204627
v 11.741838 54.550498 1.572769
v 10.698710 54.865650 1.915212
v 9.708005 55.161302 2.239259
v 8.820702 55.422822 2.534376
v 8.015282 55.657625 2.814525
v 7.271709 55.872405 3.082805
v 6.633374 56.054957 3.330539
v 6.064021 56.216607 3.569908
v 5.598961 56.347538 3.793394
v 5.208098 56.457013 4.004842
v 4.910325 56.539884 4.206062
v 4.705940 56.596369 4.395896
v 4.595146 56.626632 4.573459
v 4.578056 56.630761 4.738178
v 4.653638 56.609091 4.884191
v 4.820724 56.561917 5.005663
v 5.079005 56.489179 5.102114
v 5.427977 56.390789 5.172808
v 5.866941 56.266623 5.216794
v 6.408814 56.112490 5.222643
v 7.022784 55.936909 5.197081
v 7.740815 55.729887 5.128862
v 8.521329 55.503088 5.021737
v 9.402721 55.244338 4.860590
v 10.362339 54.959574 4.650022
v 11.370237 54.657116 4.389833
v 12.470292 54.322690 4.060299
v 13.635022 53.963760 3.667623
v 14.859397 53.580970 3.207675
v 16.133596 53.176519 2.683985
v 17.456771 52.749819 2.102423
v 18.832904 52.298663 1.462955
v 20.258207 51.823360 0.765183
v 21.735007 51.322192 0.003251
v 23.244436 50.800660 -0.815057
v 24.790324 50.256720 -1.693455
v 26.370741 49.690310 -2.636352
v 27.972036 49.105613 -3.642480
v 29.594271 48.502135 -4.713655
v 29.861904 50.537373 -4.533115
v 28.123511 51.195832 -3.874456
v 26.426839 51.824511 -3.242518
v 24.778545 52.422020 -2.643681
v 23.174611 52.990853 -2.073691
v 21.622340 53.529579 -1.532323
v 20.132908 54.035637 -1.022528
v 18.694885 54.514138 -0.538252
v 17.319264 54.962661 -0.078702
v 16.009355 55.381425 0.357764
v 14.773566 55.769059 0.767580
v 13.613054 56.126535 1.146301
v 12.523096 56.456549 1.496208
v 11.506317 56.759437 1.821605
v 10.541065 57.042735 2.129309
v 9.676013 57.292863 2.409639
v 8.890675 57.516958 2.675824
v 8.165998 57.721422 2.930687
v 7.543387 57.894998 3.166234
v 6.988296 58.048388 3.393898
v 6.534404 58.172550 3.606723
v 6.153045 58.276210 3.808183
v 5.862224 58.354659 4.000168
v 5.662240 58.408175 4.181566
v 5.553289 58.436949 4.351529
v 5.535483 58.441086 4.509510
v 5.607865 58.420909 4.649878
v 5.769341 58.376664 4.767034
v 6.019614 58.308265 4.860511
v 6.358209 58.215581 4.929605
v 6.784452 58.098416 4.973400
v 7.310676 57.952781 4.981001
v 7.907490 57.786493 4.958653
v 8.605362 57.590112 4.895796
v 9.364634 57.374382 4.795713
v 10.221899 57.127772 4.644187
v 11.155510 56.855661 4.445474
v 12.136879 56.565718 4.199122
v 13.207788 56.244343 3.886565
v 14.341949 55.898378 3.513539
v 15.534475 55.528275 3.076039
v 16.775885 55.135966 2.577371
v 18.065217 54.720763 2.023184
v 19.406114 54.280431 1.413502
v 20.794800 53.815129 0.747922
v 22.233318 53.323082 0.020865
v 23.703487 52.809469 -0.760372
v 25.208758 52.272248 -1.599289
v 26.747081 51.711285 -2.500112
v 28.305253 51.130580 -3.461750
v 29.883113 50.529640 -4.485904
v 30.100663 52.578568 -4.277260
v 28.424370 53.230174 -3.655153
v 26.786763 53.850676 -3.058405
v 25.194475 54.438804 -2.493052
v 23.644009 54.997050 -1.955124
v 22.142540 55.524155 -1.444345
v 20.700907 56.017835 -0.963424
v 19.308538 56.483102 -0.506763
v 17.976040 56.917834 -0.073493
v 16.706734 57.322431 0.337962
v 15.508755 57.695802 0.724273
v 14.383369 58.039073 1.081176
v 13.326237 58.354989 1.410772
v 12.339939 58.644062 1.717188
v 11.404081 58.913494 2.006708
v 10.564780 59.150850 2.270581
v 9.802696 59.362969 2.521225
v 9.099859 59.555925 2.761161
v 8.495475 59.719491 2.983144
v 7.956882 59.863678 3.197783
v 7.515964 59.980312 3.398736
v 7.145627 60.077506 3.589075
v 6.862897 60.151044 3.770767
v 6.668069 60.201256 3.942756
v 6.561335 60.228363 4.104236
v 6.542806 60.232499 4.254684
v 6.611605 60.213963 4.388732
v 6.766719 60.172953 4.501040
v 7.007874 60.109361 4.591164
v 7.334610 60.022993 4.658427
v 7.746296 59.913595 4.701956
v 8.254610 59.777385 4.711451
v 8.831739 59.621427 4.692628
v 9.506491 59.436878 4.635681
v 10.241345 59.233491 4.543389
v 11.070889 59.000432 4.402523
v 11.974601 58.742484 4.216963
v 12.925388 58.466589 3.985990
v 13.962728 58.159904 3.692309
v 15.061650 57.828598 3.341150
v 16.217437 57.472902 2.928647
v 17.420984 57.094473 2.457865
v 18.671211 56.692505 1.934201
v 19.971393 56.264740 1.357740
v 21.317774 55.811182 0.728075
v 22.712089 55.329988 0.039935
v 24.136932 54.825988 -0.699916
v 25.595336 54.297149 -1.494746
v 27.085133 53.743253 -2.348577
v 28.593621 53.168098 -3.260504
v 30.120404 52.571195 -4.232108
v 30.288007 54.633777 -3.995134
v 28.681527 55.276738 -3.413364
v 27.110416 55.887246 -2.855447
v 25.581255 56.464152 -2.327038
v 24.091120 57.009951 -1.824481
v 22.647034 57.523565 -1.347443
v 21.259448 58.002997 -0.898371
v 19.918736 58.453173 -0.472162
v 18.635063 58.872273 -0.067872
v 17.411761 59.260896 0.316008
v 16.256658 59.618250 0.676403
v 15.171132 59.945629 1.009251
v 14.151263 60.245819 1.316461
v 13.199574 60.519524 1.601961
v 12.297051 60.773576 1.871457
v 11.487003 60.996783 2.117201
v 10.751344 61.195655 2.350727
v 10.073292 61.375910 2.574229
v 9.489636 61.528433 2.781270
v 8.969782 61.662488 2.981563
v 8.543639 61.770820 3.169434
v 8.185841 61.860899 3.347516
v 7.912341 61.929036 3.517860
v 7.723426 61.975606 3.679468
v 7.619284 62.000876 3.831580
v 7.600026 62.005003 3.973701
v 7.664859 61.988254 4.100753
v 7.812863 61.950789 4.207684
v 8.043781 61.892461 4.294071
v 8.357182 61.813025 4.359274
v 8.752470 61.712155 4.402463
v 9.240614 61.586302 4.413991
v 9.795527 61.441706 4.399005
v 10.444203 61.270186 4.348516
v 11.151458 61.080411 4.264764
v 11.949691 60.862314 4.135597
v 12.819608 60.620032 3.964488
v 13.735768 60.359732 3.750434
v 14.735111 60.069376 3.477530
v 15.794128 59.754421 3.150455
v 16.908284 59.414859 2.765501
v 18.068891 59.052034 2.325467
v 19.274753 58.665043 1.835472
v 20.528739 58.251590 1.295668
v 21.827126 57.811512 0.705643
v 23.171322 57.342909 0.060463
v 24.544768 56.850218 -0.633689
v 25.950057 56.331417 -1.379826
v 27.384896 55.786209 -2.181746
v 28.837140 55.218166 -3.038743
v 30.306143 54.626793 -3.952267
v 30.423935 56.702992 -3.686738
v 28.894985 57.335527 -3.149090
v 27.397796 57.934221 -2.633644
v 25.938890 58.498071 -2.145641
v 24.515944 59.029552 -1.681763
v 23.135821 59.527806 -1.241617
v 21.808535 59.991135 -0.827369
v 20.525479 60.424350 -0.434451
v 19.296336 60.825981 -0.061838
v 18.124436 61.196816 0.291901
v 17.017276 61.536406 0.623968
v 15.976344 61.846203 0.930527
v 14.998173 62.129039 1.213275
v 14.085224 62.385824 1.475925
v 13.219976 62.622980 1.723555
v 12.442683 62.830662 1.949500
v 11.736620 63.015016 2.164330
v 11.086296 63.181376 2.369889
v 10.525868 63.321820 2.560612
v 10.026993 63.444807 2.745239
v 9.617429 63.544077 2.918815
v 9.273691 63.626396 3.083507
v 9.010558 63.688633 3.241447
v 8.828312 63.731227 3.391702
v 8.727138 63.754490 3.533560
v 8.707144 63.758596 3.666559
v 8.767627 63.743785 3.785940
v 8.907772 63.710174 3.886964
v 9.127336 63.657569 3.969233
v 9.425923 63.585681 4.032146
v 9.802978 63.494101 4.074921
v 10.268689 63.379531 4.088624
v 10.798857 63.247331 4.077785
v 11.418498 63.090034 4.034302
v 12.094976 62.915145 3.959840
v 12.858306 62.713427 3.843410
v 13.690535 62.488316 3.688049
v 14.568015 62.245140 3.492455
v 15.524939 61.972763 3.242229
v 16.539381 61.675844 2.941454
v 17.607012 61.354135 2.586600
v 18.719608 61.008659 2.180177
v 19.875840 60.638375 1.726999
v 21.078154 60.240981 1.227287
v 22.322859 59.816124 0.680627
v 23.611014 59.361843 0.082448
v 24.926998 58.882158 -0.561692
v 26.272922 58.375058 -1.254530
v 27.646369 57.840155 -1.999619
v 29.035810 57.280781 -2.796468
v 30.440335 56.696444 -3.646381
v 30.508448 58.786222 -3.352072
v 29.064743 59.406542 -2.862330
v 27.648903 59.991607 -2.392995
v 26.267373 60.540552 -1.948860
v 24.918484 61.055860 -1.526968
v 23.608898 61.536875 -1.126866
v 22.348165 61.982242 -0.750419
v 21.128765 62.396635 -0.393629
v 19.959853 62.778948 -0.055392
v 18.844761 63.130201 0.265641
v 17.790605 63.450264 0.566970
v 16.799004 63.740792 0.845004
v 15.866968 64.004649 1.101215
v 14.996888 64.242961 1.339078
v 14.172856 64.461707 1.563003
v 13.431821 64.652491 1.767477
v 12.758524 64.821057 1.962034
v 12.138872 64.972328 2.148142
v 11.604175 65.099663 2.321169
v 11.128516 65.210638 2.488810
v 10.737336 65.300084 2.646881
v 10.409174 65.373989 2.797049
v 10.157547 65.429836 2.941528
v 9.982727 65.468124 3.079456
v 9.884896 65.489202 3.210176
v 9.864157 65.493277 3.333261
v 9.919910 65.480553 3.444294
v 10.051444 65.451099 3.538881
v 10.258540 65.404683 3.616651
v 10.540834 65.340957 3.677043
v 10.897815 65.259429 3.719330
v 11.338835 65.157070 3.735348
v 11.841728 65.038304 3.728967
v 12.429378 64.896428 3.693040
v 13.071896 64.737686 3.628614
v 13.796733 64.553762 3.525962
v 14.587377 64.347325 3.387646
v 15.422131 64.122817 3.212054
v 16.332210 63.870056 2.986405
v 17.297411 63.592872 2.714149
v 18.313625 63.290737 2.391944
v 19.373134 62.964339 2.021995
v 20.474476 62.612507 1.608781
v 21.619636 62.232914 1.152597
v 22.804971 61.825016 0.653024
v 24.031168 61.386796 0.105890
v 25.283621 60.921810 -0.483924
v 26.563929 60.428063 -1.118858
v 27.869555 59.905096 -1.802196
v 29.189631 59.355944 -2.533676
v 30.522974 58.780139 -3.314450
v 30.541543 60.883455 -2.991136
v 29.190799 61.489774 -2.553084
v 27.863736 62.059391 -2.133500
v 26.566711 62.591604 -1.736695
v 25.298739 63.088876 -1.360096
v 24.066269 63.550778 -1.003191
v 22.878339 63.976316 -0.667520
v 21.728596 64.370026 -0.349696
v 20.625620 64.731188 -0.048533
v 19.572730 65.061035 0.237229
v 18.576649 65.359829 0.505408
v 17.639114 65.629405 0.752681
v 16.757646 65.872645 0.980280
v 15.934564 66.090929 1.191422
v 15.155690 66.289756 1.389800
v 14.454414 66.462262 1.571133
v 13.817057 66.613775 1.743839
v 13.231019 66.748759 1.908987
v 12.724552 66.861947 2.062941
v 12.274353 66.959989 2.212276
v 11.903357 67.038834 2.353631
v 11.592292 67.103686 2.488141
v 11.353306 67.152642 2.618103
v 11.186671 67.186289 2.742732
v 11.092557 67.205012 2.861429
v 11.071069 67.209050 2.973804
v 11.121708 67.198565 3.075815
v 11.243882 67.173572 3.163435
v 11.437392 67.133808 3.236324
v 11.701916 67.078857 3.293965
v 12.036984 67.008139 3.335690
v 12.451052 66.918925 3.354164
v 12.924140 66.814625 3.352551
v 13.476839 66.689359 3.324728
v 14.082223 66.548050 3.271089
v 14.764971 66.383320 3.183252
v 15.510140 66.197074 3.063279
v 16.298118 65.992770 2.909230
v 17.156927 65.761265 2.710059
v 18.068215 65.505496 2.468537
v 19.028123 65.224672 2.181533
v 20.029470 64.919081 1.850921
v 21.070660 64.587436 1.480819
v 22.153187 64.227391 1.071598
v 23.273464 63.838194 0.622837
v 24.431780 63.417753 0.130789
v 25.614636 62.969171 -0.400386
v 26.823083 62.490447 -0.972809
v 28.054450 61.981019 -1.589477
v 29.298604 61.443660 -2.250370
v 30.554065 60.877887 -2.956473
v 30.523225 62.994706 -2.603929
v 29.273159 63.585239 -2.221353
v 28.042297 64.137581 -1.855160
v 26.836902 64.651229 -1.509145
v 25.656707 65.128595 -1.181149
v 24.507935 65.569519 -0.870593
v 23.399057 65.973359 -0.578672
v 22.324971 66.344524 -0.302653
v 21.293634 66.682690 -0.041261
v 20.308351 66.989335 0.206663
v 19.375407 67.265104 0.439282
v 18.496667 67.512021 0.653559
v 17.670208 67.733032 0.850469
v 16.898255 67.929738 1.032956
v 16.168478 68.107125 1.203946
v 15.510464 68.259983 1.360468
v 14.912218 68.393173 1.509745
v 14.362737 68.510671 1.652426
v 13.887003 68.608683 1.785929
v 13.464502 68.692848 1.915637
v 13.115494 68.760337 2.039065
v 12.823042 68.815476 2.156782
v 12.597840 68.857058 2.271172
v 12.440142 68.885723 2.381530
v 12.350121 68.901920 2.487319
v 12.327875 68.905908 2.588191
v 12.373019 68.897809 2.680502
v 12.485083 68.877594 2.760625
v 12.663895 68.844941 2.828251
v 12.909165 68.799373 2.882912
v 13.220484 68.740231 2.924000
v 13.605340 68.665096 2.945072
v 14.046094 68.576292 2.948537
v 14.560883 68.468831 2.929366
v 15.125952 68.346221 2.887263
v 15.763023 68.202108 2.815282
v 16.458818 68.037544 2.714949
v 17.195970 67.854985 2.583984
v 17.999086 67.646380 2.413191
v 18.851794 67.413721 2.204620
v 19.750502 67.155919 1.955367
v 20.688615 66.872879 1.666954
v 21.664390 66.563162 1.343112
v 22.678805 66.224406 0.984289
v 23.728335 65.855645 0.590064
v 24.812856 65.454738 0.157145
v 25.920042 65.024237 -0.311077
v 27.050379 64.562196 -0.816383
v 28.201058 64.067939 -1.361463
v 29.362729 63.543927 -1.946548
v 30.533603 62.989674 -2.572452
v 0.073246 4.182050 0.755330
v 19.023854 67.095711 1.050564
v -0.534507 6.069521 -1.964536
v -0.932996 5.521048 -1.683901
v -1.319553 4.988998 -1.414709
v -1.692632 4.475498 -1.160230
v -2.054426 3.977531 -0.917711
v -2.403134 3.497576 -0.687380
v -2.735541 3.040058 -0.471238
v -3.056298 2.598573 -0.265123
v -3.362191 2.177547 -0.069317
v -3.652630 1.777793 0.116956
v -3.925157 1.402692 0.291660
v -4.179767 1.052251 0.452956
v -4.418521 0.723634 0.602487
v -4.640908 0.417545 0.742204
v -4.854886 0.123030 0.876574
v -5.043641 -0.136770 0.998332
v -5.214704 -0.372218 1.114872
v -5.374985 -0.592826 1.228388
v -5.510107 -0.778805 1.333203
v -5.632423 -0.947158 1.436131
v -5.730211 -1.081752 1.532503
v -5.813638 -1.196580 1.625085
v -5.876510 -1.283115 1.713954
v -5.918774 -1.341287 1.798583
v -5.940398 -1.371050 1.878570
v -5.941364 -1.372379 1.953656
v -5.922002 -1.345730 2.021150
v -5.882675 -1.291600 2.078375
v -5.823462 -1.210101 2.125108
v -5.744493 -1.101410 2.161008
v -5.645943 -0.965768 2.185632
v -5.523327 -0.797001 2.193481
v -5.386898 -0.609223 2.188529
v -5.225785 -0.387469 2.164531
v -5.053752 -0.150687 2.124749
v -4.857694 0.119164 2.060787
v -4.645025 0.411879 1.975462
v -4.425488 0.714045 1.870201
v -4.184027 1.046387 1.733859
v -3.929571 1.396616 1.570430
v -3.663428 1.762931 1.378238
v -3.388521 2.141307 1.159369
v -3.104782 2.531841 0.916381
v -2.810454 2.936949 0.648800
v -2.506314 3.355561 0.356504
v -2.191042 3.789495 0.036430
v -1.870406 4.230813 -0.306724
v -1.542551 4.682067 -0.675203
v -1.207509 5.143213 -1.071184
v -0.869210 5.608841 -1.493296
v -0.527038 6.079801 -1.942775
v -1.642481 8.086171 -2.391705
v -2.121436 7.418207 -2.049223
v -2.586588 6.770755 -1.720577
v -3.036141 6.146216 -1.409587
v -3.472544 5.541106 -1.113124
v -3.893674 4.958265 -0.831429
v -4.295782 4.402745 -0.566800
v -4.684122 3.867191 -0.314512
v -5.054924 3.356680 -0.074835
v -5.407428 2.872140 0.153128
v -5.738742 2.417422 0.367012
v -6.048797 1.992497 0.564616
v -6.339873 1.594118 0.747796
v -6.611286 1.223116 0.918842
v -6.872088 0.866984 1.082889
v -7.102899 0.552190 1.231631
v -7.312255 0.266936 1.373645
v -7.508038 0.000357 1.511452
v -7.673660 -0.224921 1.638510
v -7.823250 -0.428295 1.762739
v -7.943276 -0.591322 1.878729
v -8.045402 -0.729994 1.989674
v -8.122440 -0.834531 2.095711
v -8.174308 -0.904851 2.196220
v -8.200951 -0.940903 2.290727
v -8.202338 -0.942659 2.378928
v -8.178863 -0.910659 2.457672
v -8.130965 -0.845501 2.523825
v -8.058752 -0.747315 2.577127
v -7.962396 -0.616309 2.617180
v -7.842131 -0.452771 2.643470
v -7.692867 -0.249693 2.649548
v -7.526441 -0.023205 2.640043
v -7.330417 0.243763 2.607695
v -7.120694 0.529531 2.556232
v -6.882298 0.854674 2.475913
v -6.623817 1.207527 2.370011
v -6.356528 1.572718 2.240059
v -6.063257 1.973889 2.073186
v -5.754326 2.396993 1.873984
v -5.431325 2.839944 1.640475
v -5.097675 3.298141 1.375060
v -4.753346 3.771722 1.080759
v -4.396388 4.263466 0.757076
v -4.027767 4.772145 0.403875
v -3.646051 5.299833 0.017619
v -3.257893 5.837439 -0.396305
v -2.861233 6.387888 -0.840453
v -2.456169 6.951117 -1.317341
v -2.047248 7.520896 -1.825446
v -1.633800 8.098197 -2.366151
v -2.779668 10.058251 -2.792603
v -3.335005 9.277582 -2.392059
v -3.874728 8.521231 -2.007600
v -4.396805 7.791859 -1.643559
v -4.903926 7.085558 -1.296460
v -5.393661 6.405508 -0.966555
v -5.861771 5.757357 -0.656414
v -6.314067 5.132864 -0.360790
v -6.746265 4.537723 -0.079940
v -7.157445 3.972975 0.187148
v -7.544315 3.442916 0.437801
v -7.906746 2.947488 0.669477
v -8.247226 2.483064 0.884230
v -8.564910 2.050596 1.084670
v -8.869879 1.636128 1.276552
v -9.140354 1.269243 1.450609
v -9.385817 0.936809 1.616520
v -9.615056 0.626689 1.777109
v -9.809423 0.364170 1.925033
v -9.984704 0.127616 2.069242
v -10.125685 -0.062364 2.203639
v -10.245420 -0.223637 2.331814
v -10.335805 -0.345246 2.453962
v -10.396726 -0.427099 2.569378
v -10.428107 -0.469136 2.677521
v -10.429907 -0.471326 2.778043
v -10.402579 -0.434295 2.867361
v -10.346635 -0.358728 2.941912
v -10.262206 -0.244772 3.001401
v -10.149503 -0.092670 3.045377
v -10.008816 0.097253 3.073258
v -9.834487 0.332779 3.077707
v -9.639828 0.595890 3.063959
v -9.410944 0.905629 3.023809
v -9.165723 1.237751 2.961415
v -8.887443 1.615207 2.865778
v -8.585784 2.024961 2.740595
v -8.273458 2.449801 2.587494
v -7.931307 2.916101 2.391990
v -7.570949 3.408161 2.159232
v -7.194241 3.923627 1.886956
v -6.805066 4.457356 1.577858
v -6.403425 5.009517 1.235392
v -5.987192 5.583224 0.859044
v -5.557501 6.177098 0.448660
v -5.112817 6.793446 0.000264
v -4.660626 7.422095 -0.480115
v -4.198671 8.066309 -0.995326
v -3.727113 8.726003 -1.548202
v -3.251080 9.394176 -2.137081
v -2.769853 10.071907 -2.763482
v -3.946068 11.985761 -3.167232
v -4.573704 11.099173 -2.712410
v -5.183974 10.240424 -2.275777
v -5.774624 9.412429 -1.862148
v -6.348570 8.610887 -1.467719
v -6.903098 7.839306 -1.092756
v -7.433506 7.103894 -0.740079
v -7.946132 6.395593 -0.403958
v -8.436212 5.720677 -0.084633
v -8.902682 5.080299 0.219014
v -9.341875 4.479175 0.504026
v -9.753611 3.917224 0.767538
v -10.140576 3.390470 1.011789
v -10.501782 2.899985 1.239689
v -10.848259 2.430461 1.457566
v -11.156008 2.014392 1.655265
v -11.435389 1.637399 1.843495
v -11.696038 1.286168 2.025359
v -11.917395 0.988469 2.192772
v -12.116786 0.720577 2.355640
v -12.277434 0.505122 2.507234
v -12.413695 0.322491 2.651503
v -12.516606 0.184740 2.788707
v -12.586027 0.091971 2.918057
v -12.621866 0.044252 3.038951
v -12.624072 0.041616 3.151000
v -12.593153 0.083363 3.250217
v -12.529686 0.168722 3.332636
v -12.433824 0.297527 3.397930
v -12.305816 0.469510 3.445598
v -12.145997 0.684303 3.474998
v -11.948187 0.950415 3.477957
v -11.727061 1.248063 3.460278
v -11.467368 1.598129 3.412874
v -11.188838 1.973975 3.340297
v -10.873127 2.400763 3.230382
v -10.530927 2.864179 3.087216
v -10.176278 3.345293 2.912507
v -9.788174 3.873020 2.690272
v -9.379442 4.430120 2.426174
v -8.952178 5.013982 2.117683
v -8.510693 5.618952 1.767764
v -8.055021 6.245226 1.380281
v -7.582863 6.896224 0.954702
v -7.095515 7.570421 0.490859
v -6.591343 8.270335 -0.015633
v -6.078605 8.984778 -0.558155
v -5.554864 9.717327 -1.139822
v -5.020342 10.467870 -1.763767
v -4.480705 11.228679 -2.428200
v -3.935196 12.000930 -3.134768
v -5.141682 13.868702 -3.515589
v -5.837532 12.882981 -3.010275
v -6.514325 11.928335 -2.525109
v -7.169598 11.007924 -2.065352
v -7.806477 10.117092 -1.626903
v -8.421983 9.259657 -1.210033
v -9.010988 8.442356 -0.817795
v -9.580318 7.655377 -0.444014
v -10.124767 6.905542 -0.088914
v -10.643138 6.194112 0.248728
v -11.131422 5.526198 0.565686
v -11.589396 4.901706 0.858800
v -12.019928 4.316339 1.130474
v -12.421899 3.771283 1.383897
v -12.807228 3.249983 1.625928
v -13.149859 2.787636 1.845599
v -13.460972 2.368708 2.054572
v -13.750986 1.978797 2.256201
v -13.997575 1.647976 2.441725
v -14.219495 1.350587 2.621934
v -14.398527 1.111135 2.789512
v -14.550225 0.908390 2.948743
v -14.664840 0.755427 3.099947
v -14.742212 0.652360 3.242258
v -14.782229 0.599260 3.375018
v -14.784833 0.596169 3.497799
v -14.750582 0.642314 3.606239
v -14.680116 0.736846 3.695996
v -14.573606 0.879584 3.766714
v -14.431333 1.070229 3.817845
v -14.253677 1.308380 3.848687
v -14.033966 1.603214 3.850299
v -13.788139 1.933314 3.828999
v -13.499686 2.321262 3.774890
v -13.190040 2.738202 3.692879
v -12.839352 3.211344 3.569725
v -12.459246 3.725184 3.409873
v -12.064987 4.259195 3.215096
v -11.633861 4.844649 2.968032
v -11.179803 5.462870 2.674812
v -10.705133 6.111008 2.332654
v -10.214557 6.782928 1.944779
v -9.708133 7.478848 1.515424
v -9.183402 8.202465 1.044051
v -8.641809 8.952113 0.530474
v -8.081627 9.730500 -0.030073
v -7.511830 10.525490 -0.630425
v -6.929813 11.340944 -1.273942
v -6.335854 12.176719 -1.964037
v -5.736125 13.024407 -2.698804
v -5.129829 13.885267 -3.480009
v -6.366507 15.707073 -3.837677
v -7.126490 14.629004 -3.285655
v -7.865781 13.584965 -2.755595
v -8.581728 12.578346 -2.253173
v -9.277647 11.604175 -1.774011
v -9.950317 10.666563 -1.318386
v -10.594217 9.772742 -0.889563
v -11.216626 8.912216 -0.480961
v -11.811929 8.092317 -0.092781
v -12.378814 7.314413 0.276289
v -12.912956 6.583985 0.622784
v -13.414097 5.900933 0.943262
v -13.885278 5.260669 1.240283
v -14.325262 4.664489 1.517296
v -14.746786 4.094694 1.781640
v -15.121909 3.588973 2.021612
v -15.462566 3.130736 2.249750
v -15.779898 2.704575 2.469636
v -16.049964 2.342692 2.671895
v -16.292831 2.017645 2.868123
v -16.488961 1.755675 3.050475
v -16.655011 1.534060 3.223533
v -16.780511 1.366815 3.387680
v -16.865279 1.254065 3.541981
v -16.909194 1.195890 3.685722
v -16.912188 1.192333 3.818441
v -16.874868 1.242557 3.935428
v -16.797925 1.345645 4.031993
v -16.681552 1.501396 4.107753
v -16.526055 1.709488 4.162117
v -16.331853 1.969483 4.194328
v -16.091824 2.291178 4.194732
v -15.823062 2.651642 4.170122
v -15.507900 3.075030 4.109857
v -15.169329 3.530431 4.019161
v -14.786118 4.046948 3.883807
v -14.370741 4.607972 3.708566
v -13.939586 5.191506 3.495264
v -13.468366 5.830986 3.225269
v -12.972034 6.506412 2.905143
v -12.453109 7.214704 2.531871
v -11.916657 7.949285 2.108901
v -11.362760 8.710384 1.640824
v -10.788810 9.501948 1.127091
v -10.196385 10.322175 0.567503
v -9.583669 11.173941 -0.043056
v -8.960301 12.044230 -0.696923
v -8.323518 12.937160 -1.397685
v -7.673651 13.852549 -2.149010
v -7.017339 14.781358 -2.948893
v -6.353752 15.724918 -3.799205
v -7.620548 17.500874 -4.133495
v -8.440576 16.337243 -3.538549
v -9.238343 15.210312 -2.967236
v -10.011013 14.123693 -2.425609
v -10.762080 13.072133 -1.909042
v -11.488101 12.060024 -1.417815
v -12.183193 11.095053 -0.955381
v -12.855053 10.166111 -0.514796
v -13.497699 9.281003 -0.096237
v -14.109710 8.441204 0.301697
v -14.686479 7.652538 0.675317
v -15.227717 6.914905 1.020925
v -15.736628 6.223460 1.341218
v -16.211871 5.579605 1.639885
v -16.666932 4.964595 1.924702
v -17.072157 4.418406 2.183304
v -17.440170 3.923481 2.429029
v -17.782775 3.463500 2.665663
v -18.074562 3.072614 2.883280
v -18.336795 2.721753 3.094207
v -18.548737 2.438743 3.290122
v -18.728053 2.199501 3.475873
v -18.863616 2.018905 3.651906
v -18.955231 1.897088 3.817224
v -19.002763 1.834141 3.971061
v -19.006139 1.830107 4.112926
v -18.966009 1.884095 4.237783
v -18.883115 1.995119 4.340627
v -18.757662 2.162965 4.421047
v -18.589982 2.387287 4.478415
v -18.380525 2.667613 4.511919
v -18.121763 3.014306 4.511257
v -17.831831 3.403048 4.483648
v -17.492010 3.859431 4.417774
v -17.126705 4.350664 4.319142
v -16.713424 4.907575 4.172627
v -16.265411 5.512546 3.983295
v -15.800075 6.142227 3.753008
v -15.291690 6.832032 3.461983
v -14.756134 7.560745 3.117170
v -14.196104 8.325072 2.715333
v -13.616993 9.118023 2.260130
v -13.018903 9.939834 1.756478
v -12.399086 10.794672 1.203821
v -11.759241 11.680607 0.601947
v -11.097469 12.600657 -0.054583
v -10.424017 13.540999 -0.757651
v -9.735978 14.505974 -1.511052
v -9.033733 15.495360 -2.318688
v -8.324348 16.499535 -3.178467
v -7.606966 17.519883 -4.092356
v -8.903800 19.250105 -4.403042
v -9.779793 18.007700 -3.768957
v -10.632009 16.804378 -3.160032
v -11.457454 15.643966 -2.582661
v -12.259776 14.520970 -2.031998
v -13.035331 13.440037 -1.508320
v -13.777914 12.409288 -1.015252
v -14.495602 11.417062 -0.545521
v -15.182077 10.471601 -0.099279
v -15.835824 9.574482 0.324952
v -16.451988 8.731853 0.723286
v -17.030254 7.943622 1.091788
v -17.573977 7.204713 1.433278
v -18.081727 6.516630 1.751664
v -18.567666 5.859684 2.055112
v -19.000602 5.275932 2.330674
v -19.393786 4.746946 2.592408
v -19.759617 4.255575 2.844284
v -20.071369 3.837746 3.075880
v -20.351386 3.462910 3.300186
v -20.577858 3.160340 3.508452
v -20.769351 2.904713 3.705762
v -20.914156 2.711695 3.892627
v -21.012065 2.581428 4.067989
v -21.062935 2.514011 4.231038
v -21.066686 2.509493 4.381252
v -21.024007 2.566926 4.513305
v -20.935685 2.685268 4.621898
v -20.801936 2.864292 4.706596
v -20.623113 3.103626 4.766737
v -20.399695 3.402768 4.801462
v -20.123780 3.772597 4.799874
v -19.814443 4.187532 4.769576
v -19.452015 4.674465 4.698642
v -19.062168 5.198901 4.592823
v -18.621268 5.793225 4.436187
v -18.143257 6.438905 4.234060
v -17.646454 7.111357 3.988330
v -17.103833 7.847788 3.678175
v -16.532102 8.625869 3.310890
v -15.934119 9.442111 2.883040
v -15.315567 10.289143 2.398468
v -14.676562 11.167197 1.862388
v -14.014231 12.080639 1.274243
v -13.330376 13.027407 0.633806
v -12.623030 14.010649 -0.064652
v -11.902981 15.015798 -0.812608
v -11.167196 16.047388 -1.614041
v -10.416097 17.105152 -2.473070
v -9.657150 18.178935 -3.387526
v -8.889469 19.270161 -4.359462
v -10.216265 20.954768 -4.646320
v -11.144138 19.640371 -3.976880
v -12.046782 18.367162 -3.333982
v -12.921049 17.139165 -2.724329
v -13.770735 15.950682 -2.142877
v -14.592011 14.806606 -1.589900
v -15.378384 13.715449 -1.069173
v -16.138272 12.665069 -0.573135
v -16.865062 11.664109 -0.101909
v -17.557158 10.714249 0.346054
v -18.209485 9.821934 0.766692
v -18.821709 8.987084 1.155852
v -19.397326 8.204427 1.516464
v -19.934830 7.475564 1.852633
v -20.448990 6.779962 2.172873
v -20.907246 6.161554 2.463723
v -21.323411 5.601128 2.739889
v -21.710422 5.080798 3.005497
v -22.040385 4.638084 3.249696
v -22.336603 4.241115 3.486061
v -22.576319 3.920462 3.705467
v -22.778903 3.649696 3.913202
v -22.932131 3.445185 4.109842
v -23.035783 3.307086 4.294275
v -23.089708 3.235503 4.465651
v -23.093829 3.230489 4.623421
v -23.048862 3.291050 4.761993
v -22.955635 3.416093 4.875806
v -22.814373 3.605374 4.964401
v -22.625450 3.858504 5.027083
v -22.389363 4.174952 5.062954
v -22.097878 4.566052 5.060582
v -21.770901 5.005092 5.027906
v -21.387914 5.520132 4.952461
v -20.975717 6.075139 4.840204
v -20.509656 6.703900 4.674485
v -20.004278 7.387048 4.460862
v -19.478722 8.098897 4.201229
v -18.904795 8.878252 3.873845
v -18.299939 9.701783 3.486306
v -17.667152 10.565821 3.034992
v -17.012376 11.462642 2.523913
v -16.335736 12.392474 1.958553
v -15.634243 13.359846 1.338355
v -14.909793 14.362577 0.663079
v -14.160348 15.403916 -0.073264
v -13.397190 16.468624 -0.861795
v -12.617168 17.561399 -1.706655
v -11.820747 18.681926 -2.612156
v -11.015745 19.819559 -3.576069
v -10.201262 20.975752 -4.600523
v -11.557943 22.614860 -4.863327
v -12.533614 21.235260 -4.162317
v -13.482659 19.898664 -3.489087
v -14.401800 18.609291 -2.850613
v -15.294956 17.361272 -2.241680
v -16.158140 16.159728 -1.662557
v -16.984600 15.013533 -1.117146
v -17.783062 13.910131 -0.597638
v -18.546654 12.858527 -0.104127
v -19.273712 11.860504 0.365004
v -19.958968 10.922779 0.805534
v -20.602082 10.045292 1.213116
v -21.206675 9.222604 1.590774
v -21.771178 8.456405 1.942793
v -22.310903 7.725431 2.277982
v -22.792088 7.075269 2.582451
v -23.229048 6.486030 2.871471
v -23.635194 5.939170 3.149303
v -23.981609 5.473630 3.404727
v -24.292450 5.056370 3.651831
v -24.544122 4.719114 3.881167
v -24.756712 4.434450 4.098192
v -24.917540 4.219377 4.303551
v -25.026383 4.074062 4.496082
v -25.083087 3.998615 4.674900
v -25.087567 3.993096 4.839433
v -25.040572 4.056467 4.983849
v -24.942964 4.187591 5.102350
v -24.794976 4.386214 5.194460
v -24.596990 4.651923 5.259455
v -24.349526 4.984162 5.296398
v -24.044055 5.394671 5.293382
v -23.701205 5.855731 5.258639
v -23.299711 6.396435 5.179231
v -22.867354 6.979381 5.061285
v -22.378581 7.639597 4.887522
v -21.848475 8.356978 4.663700
v -21.296880 9.104846 4.391705
v -20.694575 9.923424 4.048992
v -20.059646 10.788490 3.643415
v -19.395206 11.696202 3.171189
v -18.707423 12.638523 2.636467
v -17.996427 13.615665 2.044973
v -17.259124 14.632295 1.396158
v -16.497491 15.686117 0.689767
v -15.709425 16.780460 -0.080419
v -14.906645 17.899478 -0.905211
v -14.085898 19.048009 -1.788891
v -13.247681 20.225680 -2.735946
v -12.400136 21.421407 -3.744097
v -11.542346 22.636658 -4.815538
v -12.928835 24.230382 -5.054064
v -13.948218 22.792364 -4.325269
v -14.939643 21.398884 -3.625346
v -15.899705 20.054342 -2.961513
v -16.832440 18.752737 -2.328408
v -17.733718 17.499406 -1.726289
v -18.596563 16.303544 -1.159170
v -19.429973 15.152248 -0.619030
v -20.226853 14.054856 -0.105932
v -20.985485 13.013249 0.381801
v -21.700439 12.034388 0.839812
v -22.371372 11.118245 1.263581
v -23.002022 10.259241 1.656210
v -23.590773 9.459156 2.022143
v -24.153405 8.696088 2.370442
v -24.655128 8.017080 2.686857
v -25.110694 7.401648 2.987154
v -25.533929 6.830690 3.275701
v -25.895042 6.344385 3.540974
v -26.218922 5.908675 3.797496
v -26.481267 5.556291 4.035550
v -26.702776 5.258974 4.260732
v -26.870385 5.034270 4.473753
v -26.983867 4.882355 4.673411
v -27.043068 4.803349 4.858786
v -27.047899 4.797313 5.029286
v -26.999139 4.863178 5.178871
v -26.897673 4.999766 5.301531
v -26.743741 5.206809 5.396775
v -26.537736 5.483881 5.463852
v -26.280188 5.830398 5.501792
v -25.962312 6.258454 5.498273
v -25.605354 6.739449 5.461774
v -25.187402 7.303369 5.378952
v -24.737076 7.911626 5.256065
v -24.228049 8.600319 5.075297
v -23.675848 9.348692 4.842574
v -23.100927 10.129204 4.559758
v -22.473174 10.983306 4.203617
v -21.811222 11.885988 3.782220
v -21.118280 12.833254 3.291631
v -20.400704 13.816784 2.736128
v -19.658633 14.836769 2.121649
v -18.888873 15.897986 1.447652
v -18.093470 16.998027 0.713870
v -17.270259 18.140278 -0.086118
v -16.431344 19.308361 -0.942856
v -15.573381 20.507217 -1.860751
v -14.696900 21.736418 -2.844440
v -13.810321 22.984479 -3.891610
v -12.912720 24.252877 -5.004508
v -14.328939 25.801335 -5.218531
v -15.387952 24.311684 -4.465735
v -16.417732 22.867823 -3.742760
v -17.414767 21.474319 -3.057029
v -18.383187 20.125080 -2.403059
v -19.318744 18.825637 -1.781097
v -20.214272 17.585478 -1.195245
v -21.079006 16.391422 -0.637312
v -21.905661 15.253097 -0.107324
v -22.692477 14.172481 0.396444
v -23.433897 13.156761 0.869526
v -24.129581 12.205943 1.307247
v -24.783370 11.314339 1.712771
v -25.393614 10.483817 2.090683
v -25.976494 9.691933 2.450250
v -26.496366 8.986985 2.776942
v -26.968352 8.347985 3.086938
v -27.406630 7.755359 3.384692
v -27.780686 7.250347 3.658437
v -28.116023 6.798028 3.923057
v -28.387756 6.431998 4.168617
v -28.617096 6.123271 4.400823
v -28.790665 5.889864 4.620450
v -28.908235 5.731966 4.826261
v -28.969651 5.649702 5.017309
v -28.974828 5.643140 5.192983
v -28.924563 5.711183 5.347059
v -28.819762 5.852615 5.473349
v -28.660670 6.067160 5.571345
v -28.447686 6.354379 5.640274
v -28.181348 6.713662 5.679138
v -27.852648 7.157400 5.675257
v -27.483348 7.656243 5.637311
v -27.050988 8.240938 5.551624
v -26.584886 8.871874 5.424545
v -26.058055 9.586063 5.237812
v -25.486397 10.362191 4.997483
v -24.890865 11.171972 4.705389
v -24.240593 12.057897 4.337719
v -23.554665 12.994276 3.902718
v -22.836372 13.976976 3.396319
v -22.092223 14.997426 2.822897
v -21.322353 16.055785 2.188580
v -20.523491 17.156918 1.492836
v -19.697729 18.298305 0.735388
v -18.842853 19.483373 -0.090359
v -17.971292 20.695273 -0.974731
v -17.079621 21.939025 -1.922234
v -16.168401 23.214134 -2.937639
v -15.246299 24.508776 -4.018608
v -14.312384 25.824411 -5.167434
v -15.758257 27.327718 -5.356728
v -16.852815 25.793220 -4.583716
v -17.916924 24.305479 -3.841328
v -18.946983 22.869222 -3.137161
v -19.947199 21.478300 -2.465633
v -20.913220 20.138423 -1.826981
v -21.837730 18.859337 -1.225371
v -22.730158 17.627650 -0.652483
v -23.583074 16.453248 -0.108304
v -24.394689 15.338202 0.408936
v -25.159342 14.289898 0.894676
v -25.876706 13.308386 1.344113
v -26.550716 12.387900 1.760457
v -27.179702 11.530386 2.148412
v -27.780173 10.712969 2.517408
v -28.315801 9.984984 2.852705
v -28.802022 9.325042 3.170823
v -29.253295 8.713177 3.476276
v -29.638536 8.191518 3.757115
v -29.983750 7.724429 4.028512
v -30.263586 7.346231 4.280369
v -30.499670 7.027337 4.518463
v -30.678379 6.786158 4.743640
v -30.799486 6.622893 4.954632
v -30.862839 6.537677 5.150467
v -30.868352 6.530579 5.330521
v -30.816842 6.600481 5.488414
v -30.709230 6.746139 5.617804
v -30.545764 6.967269 5.718171
v -30.326841 7.263416 5.788721
v -30.053001 7.633950 5.828433
v -29.715064 8.091510 5.824332
v -29.335187 8.606114 5.785251
v -28.890471 9.209141 5.697246
v -28.410782 9.860124 5.566725
v -27.868602 10.596831 5.375065
v -27.280121 11.397476 5.128430
v -26.666691 12.233149 4.828597
v -25.996829 13.147195 4.451300
v -25.289979 14.113356 4.004911
v -24.549485 15.127371 3.485251
v -23.781978 16.180449 2.896774
v -22.987591 17.272717 2.245766
v -22.162976 18.409091 1.531712
v -21.310267 19.586952 0.754320
v -20.427207 20.809744 -0.093143
v -19.526484 22.060214 -1.000835
v -18.604617 23.343430 -1.973341
v -17.662189 24.658834 -3.015541
v -16.708071 25.994295 -4.125091
v -15.741337 27.351256 -5.304314
v -17.216786 28.809531 -5.468655
v -18.342808 27.236974 -4.679211
v -19.437224 25.711854 -3.921051
v -20.496355 24.239051 -3.201909
v -21.524471 22.812396 -2.516132
v -22.517142 21.437762 -1.863941
v -23.466932 20.125121 -1.249549
v -24.383432 18.860934 -0.664544
v -25.259096 17.655310 -0.108871
v -26.092120 16.510412 0.419274
v -26.876776 15.433801 0.915263
v -27.612751 14.425575 1.374180
v -28.304063 13.479922 1.799268
v -28.949035 12.598864 2.195333
v -29.564441 11.759193 2.571916
v -30.113436 11.011078 2.914146
v -30.611701 10.332816 3.238809
v -31.073925 9.704142 3.550453
v -31.468597 9.167896 3.837008
v -31.822104 8.687880 4.113863
v -32.108759 8.298993 4.370804
v -32.350501 7.971175 4.613653
v -32.533529 7.723154 4.843325
v -32.657621 7.555140 5.058525
v -32.722628 7.467272 5.258263
v -32.728472 7.459630 5.441902
v -32.675977 7.531072 5.602936
v -32.566079 7.680338 5.734896
v -32.399021 7.907135 5.837251
v -32.175201 8.210992 5.909193
v -31.895155 8.591266 5.949680
v -31.549560 9.060785 5.945498
v -31.160871 9.589065 5.905593
v -30.705849 10.207977 5.815819
v -30.214766 10.876379 5.682604
v -29.659691 11.632623 5.487058
v -29.057022 12.454545 5.235412
v -28.428408 13.312735 4.929382
v -27.741884 14.251203 4.544357
v -27.017162 15.243227 4.088799
v -26.257617 16.284436 3.558429
v -25.469971 17.365854 2.957758
v -24.654345 18.487562 2.293208
v -23.807330 19.654507 1.564278
v -22.931088 20.863970 0.770667
v -22.023317 22.119390 -0.094470
v -21.096923 23.403182 -1.021168
v -20.148369 24.720436 -2.014071
v -19.178260 26.070513 -3.078148
v -18.195639 27.441040 -4.211058
v -17.199581 28.833416 -5.415150
v -18.704528 30.246774 -5.554311
v -19.857930 28.642943 -4.752220
v -20.978630 27.086947 -3.981929
v -22.062883 25.583807 -3.251272
v -23.115007 24.127369 -2.554555
v -24.130516 22.723657 -1.891977
v -25.101883 21.382830 -1.267779
v -26.038828 20.091275 -0.673493
v -26.933725 18.859283 -0.109026
v -27.784772 17.689111 0.427459
v -28.586195 16.588467 0.931286
v -29.337712 15.557507 1.397447
v -30.043408 14.590405 1.829205
v -30.701615 13.689251 2.231443
v -31.329295 12.830606 2.613772
v -31.889266 12.065265 2.961267
v -32.397392 11.371309 3.290896
v -32.868520 10.728257 3.607222
v -33.270865 10.179481 3.898117
v -33.631085 9.688379 4.179110
v -33.923272 9.290280 4.439924
v -34.169589 8.954785 4.686393
v -34.356115 8.700851 4.919503
v -34.482639 8.528704 5.137938
v -34.549023 8.438490 5.340695
v -34.555188 8.430290 5.527125
v -34.501969 8.502955 5.690624
v -34.390307 8.655210 5.824624
v -34.220443 8.886757 5.928586
v -33.992765 9.197110 6.001690
v -33.707803 9.585608 6.042877
v -33.356136 10.065224 6.038756
v -32.960400 10.605091 5.998337
v -32.497123 11.237448 5.907343
v -31.996835 11.920635 5.772183
v -31.431320 12.693439 5.573789
v -30.817097 13.533400 5.318430
v -30.176014 14.410732 5.007745
v -29.475760 15.369921 4.616892
v -28.736212 16.383889 4.154382
v -27.960768 17.448172 3.615851
v -27.156199 18.553638 3.005851
v -26.322614 19.700321 2.330905
v -25.456552 20.893164 1.590535
v -24.560188 22.129357 0.784429
v -23.631187 23.412313 -0.094340
v -22.682606 24.724179 -1.035731
v -21.710878 26.070039 -2.044425
v -20.716615 27.449175 -3.125459
v -19.708998 28.849008 -4.276510
v -18.687115 30.270890 -5.499939
v -20.221485 31.639449 -5.613697
v -21.398183 30.011128 -4.802744
v -22.541137 28.430756 -4.023961
v -23.646562 26.903486 -3.285252
v -24.718808 25.423221 -2.580902
v -25.753335 23.996104 -1.911089
v -26.742579 22.632463 -1.280059
v -27.696342 21.318669 -0.679332
v -28.606962 20.065166 -0.108768
v -29.472641 18.874297 0.433492
v -30.287602 17.753897 0.942744
v -31.051591 16.704186 1.413915
v -31.768753 15.719350 1.850266
v -32.437443 14.801547 2.256744
v -33.074742 13.927209 2.642979
v -33.643297 13.147549 2.994066
v -34.159092 12.440519 3.327084
v -34.637079 11.785521 3.646585
v -35.045342 11.226275 3.940442
v -35.410695 10.725929 4.224252
v -35.707129 10.320096 4.487728
v -35.956932 9.978166 4.736684
v -36.146132 9.719248 4.972175
v -36.274538 9.543583 5.192873
v -36.342019 9.451326 5.397764
v -36.348497 9.442560 5.586191
v -36.294817 9.516132 5.751479
v -36.181916 9.670760 5.886989
v -36.010029 9.906136 5.992177
v -35.779536 10.221767 6.066212
v -35.490950 10.616978 6.108025
v -35.134789 11.104824 6.104106
v -34.733775 11.654196 6.063484
v -34.264290 12.297550 5.971818
v -33.756993 12.992896 5.835463
v -33.183486 13.779276 5.635258
v -32.560347 14.634038 5.377485
v -31.909511 15.527138 5.063685
v -31.198453 16.503346 4.668905
v -30.447132 17.535342 4.201658
v -29.658940 18.618579 3.657519
v -28.840665 19.743805 3.041051
v -27.992399 20.910993 2.358857
v -27.110642 22.125062 1.610483
v -26.197571 23.383114 0.795606
v -25.250815 24.688509 -0.092753
v -24.283539 26.023207 -1.044523
v -23.292141 27.392240 -2.064401
v -22.277254 28.794816 -3.157474
v -21.248154 30.218202 -4.321447
v -20.203939 31.663677 -5.558685
v -21.767654 32.987554 -5.646813
v -22.963562 31.341529 -4.830782
v -24.124753 29.743286 -4.047148
v -25.247401 28.198094 -3.303848
v -26.335869 26.699947 -2.595172
v -27.385606 25.255107 -1.921276
v -28.389023 23.874022 -1.286391
v -29.355979 22.543121 -0.682060
v -30.278805 21.272960 -0.108098
v -31.155732 20.065973 0.437372
v -31.980998 18.930093 0.949639
v -32.754389 17.865611 1.423584
v -33.480099 16.866757 1.862453
v -34.156514 15.935751 2.271235
v -34.800776 15.049001 2.659534
v -35.375525 14.257927 3.012543
v -35.896804 13.540448 3.347374
v -36.379602 12.875933 3.668539
v -36.792029 12.308277 3.963982
v -37.160931 11.800526 4.249289
v -37.460329 11.388441 4.514216
v -37.712529 11.041316 4.764524
v -37.903587 10.778347 5.001341
v -38.033323 10.599781 5.223330
v -38.101617 10.505783 5.429469
v -38.108404 10.496442 5.619099
v -38.054522 10.570604 5.785500
v -37.940905 10.726984 5.921991
v -37.767779 10.965272 6.028022
v -37.535509 11.284963 6.102759
v -37.244594 11.685374 6.145123
v -36.885524 12.179591 6.141547
v -36.480994 12.736379 6.101033
v -36.007355 13.388288 6.009244
v -35.495236 14.093158 5.872441
v -34.916196 14.890139 5.671467
v -34.286775 15.756463 5.412576
v -33.628898 16.661953 5.097202
v -32.909964 17.651480 4.700395
v -32.149922 18.697588 4.230629
v -31.352129 19.795656 3.683431
v -30.523366 20.936351 3.063359
v -29.663700 22.119579 2.377065
v -28.769600 23.350202 1.624121
v -27.843232 24.625239 0.804197
v -26.882202 25.947983 -0.089710
v -25.899715 27.300261 -1.047544
v -24.892161 28.687040 -2.074002
v -23.860179 30.107441 -3.174193
v -22.813103 31.548618 -4.345869
v -21.750054 33.011780 -5.591384
v -23.343038 34.291089 -5.653659
v -24.554072 32.634147 -4.836335
v -25.729475 31.024534 -4.051489
v -26.865393 29.467626 -3.307059
v -27.966194 27.957551 -2.597366
v -29.027325 26.500664 -1.922539
v -30.041213 25.107504 -1.286774
v -31.017737 23.764628 -0.681678
v -31.949256 22.482664 -0.107015
v -32.834040 21.264137 0.439098
v -33.666380 20.117053 0.951971
v -34.446103 19.041779 1.426453
v -35.177443 18.032625 1.865765
v -35.858833 17.091865 2.274916
v -36.507400 16.195983 2.663439
v -37.085951 15.396398 3.016699
v -37.610527 14.671097 3.351764
v -38.096090 13.999493 3.673087
v -38.510924 13.425486 3.968737
v -38.881793 12.912173 4.254221
v -39.182869 12.495311 4.519388
v -39.436383 12.144237 4.769915
v -39.628478 11.878148 5.007001
v -39.758991 11.697298 5.229308
v -39.827820 11.601862 5.435811
v -39.834906 11.591934 5.625849
v -39.781081 11.666368 5.792688
v -39.667272 11.823882 5.929629
v -39.493692 12.064163 6.036123
v -39.260687 12.386699 6.111331
v -38.968733 12.790796 6.154173
v -38.608337 13.289520 6.151080
v -38.202059 13.851640 6.110985
v -37.726315 14.509658 6.019620
v -37.211568 15.221425 5.883120
v -36.629444 16.026024 5.682414
v -35.996379 16.900673 5.423703
v -35.334173 17.815178 5.108296
v -34.610294 18.814323 4.711363
v -33.844581 19.870624 4.241295
v -33.040339 20.979405 3.693589
v -32.204303 22.131278 3.072775
v -31.336517 23.326079 2.385528
v -30.433427 24.568583 1.631451
v -29.497172 25.855734 0.810203
v -28.525348 27.190733 -0.085209
v -27.531137 28.555344 -1.044795
v -26.510937 29.954441 -2.073225
v -25.465387 31.387047 -3.175616
v -24.403846 32.840260 -4.349775
v -23.325458 34.315194 -5.598040
v -24.947631 35.550052 -5.634235
v -26.169711 33.888979 -4.819402
v -27.355299 32.274498 -4.036985
v -28.500540 30.712084 -3.294887
v -29.609780 29.196030 -2.587485
v -30.678493 27.732776 -1.914879
v -31.699151 26.332912 -1.281208
v -32.681616 24.983190 -0.678185
v -33.618314 23.694279 -0.105519
v -34.507571 22.468791 0.438673
v -35.343748 21.314776 0.949738
v -36.126738 20.232695 1.422523
v -36.860789 19.216956 1.860203
v -37.544399 18.269888 2.267787
v -38.194611 17.368153 2.654694
v -38.774574 16.562965 3.006534
v -39.300259 15.832463 3.340255
v -39.786546 15.156203 3.660227
v -40.202027 14.577903 3.954708
v -40.573285 14.060869 4.239048
v -40.874753 13.640710 4.503244
v -41.128493 13.286931 4.752855
v -41.320800 13.018647 4.989155
v -41.451543 12.836131 5.210807
v -41.520625 12.739561 5.416789
v -41.528003 12.729037 5.606442
v -41.474498 12.803426 5.773043
v -41.361021 12.961457 5.909905
v -41.187770 13.202812 6.016479
v -40.955071 13.526975 6.091928
v -40.663373 13.933246 6.135173
v -40.303233 14.434615 6.132705
v -39.896967 14.999976 6.093338
v -39.421171 15.661662 6.002948
v -38.905984 16.377693 5.867498
v -38.323233 17.186934 5.668100
v -37.689156 18.066668 5.410866
v -37.025339 18.986812 5.096968
v -36.299445 19.991876 4.701808
v -35.531108 21.054451 4.233655
v -34.723569 22.169826 3.687992
v -33.883477 23.328587 3.069299
v -33.010850 24.530492 2.384246
v -32.102121 25.780206 1.632471
v -31.159397 27.074599 0.813624
v -30.180251 28.416756 -0.079251
v -29.177805 29.788456 -1.036275
v -28.148468 31.194437 -2.062072
v -27.092878 32.633632 -3.161744
v -26.020382 34.093124 -4.333167
v -24.930152 35.573922 -5.578649
v -26.581440 36.764449 -5.588541
v -27.810480 35.106029 -4.779983
v -29.002232 33.493182 -4.003636
v -30.152844 31.931469 -3.267330
v -31.266633 30.415389 -2.565527
v -32.339109 28.951441 -1.898294
v -33.362834 27.550244 -1.269693
v -34.347615 26.198808 -0.671581
v -35.285982 24.907807 -0.103611
v -36.176318 23.679931 0.436094
v -37.013106 22.523265 0.942942
v -37.796287 21.438352 1.411793
v -38.530129 20.419744 1.845765
v -39.213209 19.469818 2.249849
v -39.862409 18.565511 2.633298
v -40.441397 17.757627 2.982047
v -40.966001 17.024546 3.312848
v -41.450962 16.346059 3.629960
v -41.865340 15.765528 3.921894
v -42.235403 15.246614 4.203771
v -42.535980 14.824637 4.465785
v -42.788858 14.469395 4.713346
v -42.980560 14.199849 4.947803
v -43.110974 14.016281 5.167827
v -43.180032 13.918880 5.372404
v -43.187695 13.907750 5.560877
v -43.134773 13.981778 5.726564
v -43.022149 14.139706 5.862817
v -42.850010 14.381216 5.969090
v -42.618661 14.705793 6.044550
v -42.328508 15.112722 6.088124
v -41.970206 15.614872 6.086421
v -41.565723 16.181394 6.048095
v -41.091921 16.844301 5.959226
v -40.578489 17.561966 5.825576
v -39.997563 18.372867 5.628525
v -39.365111 19.254448 5.374066
v -38.702393 20.176855 5.063217
v -37.977412 21.184136 4.671731
v -37.209506 22.249070 4.207710
v -36.401817 23.366916 3.666640
v -35.560888 24.528276 3.052930
v -34.686699 25.732819 2.373220
v -33.775686 26.985072 1.627182
v -32.829902 28.281835 0.814460
v -31.846915 29.626058 -0.071836
v -30.839720 30.999596 -1.021985
v -29.804753 32.407032 -2.040542
v -28.742656 33.847201 -3.132575
v -27.662713 35.307212 -4.296042
v -26.564137 36.787966 -5.533214
v -28.244462 37.934275 -5.516576
v -29.476380 36.285296 -4.718079
v -30.670267 34.680583 -3.951441
v -31.822303 33.125781 -3.224390
v -32.936746 31.615622 -2.531493
v -34.009173 30.156660 -1.872785
v -35.032266 28.759501 -1.252230
v -36.015734 27.411481 -0.661866
v -36.952254 26.123244 -0.101290
v -37.840288 24.897563 0.431362
v -38.674448 23.742516 0.931582
v -39.454756 22.658758 1.394264
v -40.185474 21.640998 1.822453
v -40.865266 20.691658 2.221101
v -41.510800 19.788061 2.599251
v -42.086419 18.980383 2.943238
v -42.607757 18.247350 3.269541
v -43.089346 17.569066 3.582286
v -43.500864 16.988363 3.870296
v -43.868147 16.469407 4.148389
v -44.166547 16.047091 4.407009
v -44.417478 15.691629 4.651387
v -44.607755 15.421753 4.882945
v -44.737292 15.237749 5.100368
v -44.806045 15.139821 5.302655
v -44.813981 15.128074 5.489155
v -44.761902 15.201422 5.653252
v -44.650655 15.358629 5.788366
v -44.480418 15.599380 5.893956
v -44.251453 15.923148 5.969197
v -43.964140 16.329224 6.013025
v -43.609259 16.830293 6.012229
v -43.208322 17.395886 5.975253
v -42.738567 18.057571 5.888455
v -42.229079 18.774241 5.757353
v -41.652435 19.583824 5.563689
v -41.024239 20.464012 5.313302
v -40.365340 21.385309 5.007043
v -39.644200 22.391106 4.621132
v -38.879771 23.454480 4.163459
v -38.075086 24.570678 3.629533
v -37.236536 25.730347 3.023670
v -36.364063 26.933059 2.352449
v -35.454116 28.183177 1.615584
v -34.508684 29.477437 0.812710
v -33.525336 30.818634 -0.062964
v -32.516882 32.188766 -1.001923
v -31.479798 33.592228 -2.008636
v -30.414716 35.027749 -3.088111
v -29.330839 36.482527 -4.238403
v -28.227412 37.957321 -5.461733
v -29.936695 39.059530 -5.418341
v -31.167405 37.426776 -4.633689
v -32.359408 35.836701 -3.880401
v -33.508916 34.295017 -3.166065
v -34.620121 32.796732 -2.485383
v -35.688686 31.348434 -1.838351
v -36.707443 29.960682 -1.228818
v -37.685974 28.621209 -0.649040
v -38.617136 27.340593 -0.098557
v -39.499474 26.121681 0.424478
v -40.327781 24.972535 0.915658
v -41.102142 23.893907 1.369935
v -41.826814 22.880711 1.790266
v -42.500570 21.935408 2.181542
v -43.139775 21.035797 2.552554
v -43.709637 20.231234 2.890109
v -44.225523 19.500871 3.210336
v -44.701694 18.825222 3.517204
v -45.108594 18.246403 3.799914
v -45.471521 17.729250 4.072902
v -45.766458 17.308073 4.326918
v -46.014356 16.953637 4.566978
v -46.202382 16.684354 4.794580
v -46.330493 16.500535 5.008431
v -46.398659 16.402383 5.207542
v -46.406867 16.390009 5.391274
v -46.355886 16.462358 5.553107
v -46.246544 16.618229 5.686552
v -46.078985 16.857297 5.791078
v -45.853451 17.179043 5.865870
v -45.570268 17.582752 5.909877
v -45.220391 18.080878 5.910129
v -44.824767 18.643456 5.874814
v -44.361107 19.301476 5.790635
v -43.857758 20.014519 5.662831
v -43.287844 20.819803 5.473592
v -42.666544 21.695361 5.228573
v -42.014173 22.612171 4.928446
v -41.299807 23.612785 4.550011
v -40.541905 24.670680 4.100903
v -39.743376 25.781112 3.576671
v -38.910422 26.934798 2.981517
v -38.042943 28.131214 2.321933
v -37.137417 29.374526 1.597677
v -36.195750 30.661411 0.808375
v -35.215516 31.994486 -0.052635
v -34.209286 33.355962 -0.976091
v -33.173597 34.750022 -1.966353
v -32.109063 36.175281 -3.028351
v -31.024758 37.619064 -4.160249
v -29.919979 39.081992 -5.364208
v -31.658143 40.140216 -5.293837
v -32.883564 38.530475 -4.526814
v -34.069657 36.961540 -3.790515
v -35.212684 35.439180 -3.092356
v -36.316762 33.958721 -2.427197
v -37.377648 32.526761 -1.794994
v -38.388368 31.153789 -1.199458
v -39.358335 29.827993 -0.633104
v -40.280623 28.559851 -0.095411
v -41.153880 27.352288 0.415441
v -41.973099 26.213315 0.895170
v -42.738446 25.143802 1.338807
v -43.454159 24.138888 1.749204
v -44.119122 23.201067 2.131175
v -44.749344 22.308725 2.493206
v -45.311053 21.510178 2.822658
v -45.819297 20.785109 3.135231
v -46.288006 20.114526 3.434715
v -46.688532 19.539651 3.710747
v -47.045521 19.026143 3.977311
v -47.335709 18.607581 4.225511
v -47.579488 18.255413 4.460119
v -47.764446 17.987660 4.682710
v -47.890577 17.804639 4.892016
v -47.957876 17.706564 5.087067
v -47.966347 17.693556 5.267237
v -47.916728 17.764589 5.426128
v -47.809812 17.918502 5.557375
v -47.645720 18.154973 5.660454
v -47.424653 18.473478 5.734566
v -47.146892 18.873306 5.778680
v -46.803604 19.366627 5.780120
v -46.415060 19.924107 5.746777
v -45.959546 20.576016 5.665765
v -45.464522 21.282800 5.542008
v -44.903795 22.080807 5.358233
v -44.292025 22.948496 5.119881
v -43.648899 23.857443 4.827427
v -42.944229 24.849171 4.458366
v -42.195906 25.897671 4.020041
v -41.406682 26.998216 3.508054
v -40.582540 28.141629 2.926472
v -39.723336 29.327279 2.281673
v -38.825584 30.559114 1.573460
v -37.891096 31.833754 0.801455
v -36.917452 33.153612 -0.040849
v -35.916940 34.501189 -0.944489
v -34.886150 35.880412 -1.913693
v -33.825694 37.289792 -2.953295
v -32.744472 38.716825 -4.061580
v -31.641831 40.161974 -5.240637
v -33.408802 41.176332 -5.143062
v -34.624850 39.596390 -4.397453
v -35.801009 38.055095 -3.681784
v -36.933609 36.558269 -3.003263
v -38.026665 35.101585 -2.356934
v -39.076057 33.691643 -1.742712
v -40.075038 32.338820 -1.164148
v -41.032819 31.031834 -0.614057
v -41.942719 29.781021 -0.091853
v -42.803506 28.589383 0.404251
v -43.610405 27.464861 0.870118
v -44.363669 26.408444 1.300880
v -45.067499 25.415524 1.699267
v -45.720918 24.488633 2.069997
v -46.339497 23.606839 2.421208
v -46.890666 22.817217 2.740885
v -47.389083 22.100067 3.044228
v -47.848283 21.436978 3.334819
v -48.240683 20.868109 3.602795
v -48.590150 20.360084 3.861615
v -48.874303 19.945618 4.102787
v -49.112873 19.596960 4.330810
v -49.293946 19.331665 4.547334
v -49.417544 19.150060 4.751122
v -49.483698 19.052368 4.941227
v -49.492418 19.038711 5.117042
v -49.444426 19.108115 5.272316
v -49.340461 19.259453 5.400835
v -49.180618 19.492405 5.502086
v -48.965061 19.806454 5.575288
v -48.694015 20.200889 5.619434
v -48.358894 20.687538 5.622203
v -47.979193 21.237832 5.591143
v -47.533877 21.881188 5.513846
v -47.049374 22.579084 5.394885
v -46.500286 23.366834 5.217613
v -45.900680 24.223415 4.987225
v -45.269511 25.121123 4.703985
v -44.577472 26.100267 4.346200
v -43.841779 27.135454 3.920874
v -43.065010 28.221991 3.423683
v -42.252896 29.350841 2.858535
v -41.405248 30.521261 2.231668
v -40.518621 31.736945 1.542935
v -39.594723 32.994466 0.791950
v -38.631150 34.296016 -0.027606
v -37.639836 35.624442 -0.907116
v -36.617460 36.983402 -1.850657
v -35.564607 38.371285 -2.862943
v -34.489980 39.775812 -3.942395
v -33.392976 41.197271 -5.091022
v -35.188677 42.167880 -4.966016
v -36.391265 40.624519 -4.245606
v -37.553466 39.117369 -3.554207
v -38.671689 37.652284 -2.898787
v -39.749830 36.225326 -2.274596
v -40.783919 34.843080 -1.681507
v -41.767457 33.515776 -1.122890
v -42.709421 32.232728 -0.591900
v -43.603423 31.004102 -0.087882
v -44.448352 29.832968 0.390908
v -45.239698 28.727171 0.840503
v -45.977808 27.687828 1.256153
v -46.666839 26.710623 1.640455
v -47.305960 25.798109 1.998009
v -47.910243 24.930146 2.336559
v -48.448478 24.152349 2.644791
v -48.934881 23.445744 2.937326
v -49.382524 22.792577 3.217515
v -49.765038 22.231773 3.476059
v -50.105402 21.731073 3.725814
v -50.382241 21.322182 3.958749
v -50.614518 20.978280 4.179051
v -50.790880 20.716372 4.388451
v -50.911395 20.536798 4.585748
v -50.976122 20.439792 4.770025
v -50.985088 20.425478 4.940689
v -50.938979 20.492932 5.091670
v -50.838486 20.641075 5.216930
v -50.683677 20.869592 5.315972
v -50.474674 21.177969 5.388035
v -50.211635 21.565497 5.432138
v -49.886267 22.043616 5.436377
v -49.517174 22.584637 5.407910
v -49.084107 23.216995 5.334879
v -48.612311 23.903372 5.221461
v -48.077316 24.677883 5.051733
v -47.492512 25.520120 4.830605
v -46.876015 26.403214 4.558120
v -46.199535 27.366072 4.213511
v -45.479523 28.384030 3.803401
v -44.718358 29.452438 3.323556
v -43.921489 30.562434 2.777706
v -43.088676 31.713156 2.171918
v -42.216526 32.908018 1.506100
v -41.306629 34.143548 0.779859
v -40.356605 35.421694 -0.012906
v -39.377983 36.725727 -0.863972
v -38.367527 38.058992 -1.777244
v -37.325803 39.419758 -2.757295
v -36.261282 40.796021 -3.802695
v -35.173413 42.187882 -4.915361
v -36.997761 43.114856 -4.762701
v -38.182810 41.614866 -4.071274
v -39.327028 40.148361 -3.407785
v -40.426922 38.721224 -2.778926
v -41.486257 37.329944 -2.180182
v -42.501225 35.981070 -1.611377
v -43.465621 34.684656 -1.075683
v -44.388146 33.430680 -0.566631
v -45.262734 32.229094 -0.083498
v -46.088417 31.083040 0.375412
v -46.860978 30.000245 0.806323
v -47.580865 28.981959 1.204627
v -48.252179 28.024182 1.572769
v -48.874250 27.129495 1.915212
v -49.461576 26.278640 2.239259
v -49.984489 25.515579 2.534376
v -50.456688 24.822137 2.814525
v -50.890732 24.181328 3.082805
v -51.261606 23.630646 3.330539
v -51.591284 23.139112 3.569908
v -51.859519 22.737274 3.793394
v -52.084419 22.399371 4.004842
v -52.255250 22.141780 4.206062
v -52.372129 21.964854 4.395896
v -52.435148 21.868835 4.573459
v -52.444356 21.853857 4.738178
v -52.400391 21.919043 4.884191
v -52.303893 22.063374 5.005663
v -52.154902 22.286536 5.102114
v -51.953489 22.588023 5.172808
v -51.699753 22.967134 5.216794
v -51.385716 23.434856 5.222643
v -51.029001 23.964519 5.197081
v -50.610228 24.583433 5.128862
v -50.153337 25.255662 5.021737
v -49.634887 26.013957 4.860590
v -49.067521 26.838611 4.650022
v -48.468409 27.703715 4.389833
v -47.810415 28.646585 4.060299
v -47.109131 29.643394 3.667623
v -46.366723 30.689555 3.207675
v -45.588319 31.776409 2.683985
v -44.773619 32.902965 2.102423
v -43.919296 34.072330 1.462955
v -43.026814 35.280997 0.765183
v -42.093818 36.530648 0.003251
v -41.131373 37.805038 -0.815057
v -40.136349 39.107179 -1.693455
v -39.109286 40.435214 -2.636352
v -38.058378 41.777455 -3.642480
v -36.983139 43.133807 -4.713655
v -38.836062 44.017264 -4.533115
v -39.999487 42.567430 -3.874456
v -41.121697 41.148070 -3.242518
v -42.199312 39.765091 -2.643681
v -43.235947 38.415438 -2.073691
v -44.227984 37.105616 -1.532323
v -45.169534 35.845462 -1.022528
v -46.068989 34.625686 -0.538252
v -46.920649 33.455994 -0.078702
v -47.723702 32.339602 0.357764
v -48.474244 31.284082 0.767580
v -49.172841 30.290835 1.146301
v -49.823519 29.356204 1.496208
v -50.425784 28.482787 1.821605
v -50.993496 27.652322 2.129309
v -51.498698 26.906902 2.409639
v -51.954507 26.229250 2.675824
v -52.372902 25.603225 2.930687
v -52.730379 25.064724 3.166234
v -53.047794 24.584202 3.393898
v -53.306140 24.190893 3.606723
v -53.522573 23.860231 3.808183
v -53.687051 23.607887 4.000168
v -53.799746 23.434228 4.181566
v -53.860779 23.339501 4.351529
v -53.870216 23.323845 4.509510
v -53.828659 23.386449 4.649878
v -53.736682 23.526349 4.767034
v -53.594291 23.743237 4.860511
v -53.401512 24.036618 4.929605
v -53.158366 24.405794 4.973400
v -52.857246 24.861259 4.981001
v -52.514671 25.377477 4.958653
v -52.112247 25.980507 4.895796
v -51.672448 26.635954 4.795713
v -51.172998 27.375055 4.644187
v -50.625704 28.178885 4.445474
v -50.046692 29.022624 4.199122
v -49.410117 29.941810 3.886565
v -48.730610 30.913551 3.513539
v -48.010110 31.933343 3.076039
v -47.253386 32.992764 2.577371
v -46.460079 34.090687 2.023184
v -45.626937 35.229886 1.413502
v -44.755282 36.406818 0.747922
v -43.842791 37.622879 0.020865
v -42.900008 38.862378 -0.760372
v -41.923927 40.127965 -1.599289
v -40.915052 41.417650 -2.500112
v -39.881267 42.720112 -3.461750
v -38.822153 44.035045 -4.485904
v -40.703573 44.875101 -4.277260
v -41.841290 43.482209 -3.655153
v -42.937470 42.116498 -3.058405
v -43.988858 40.783883 -2.493052
v -44.998902 39.481810 -1.955124
v -45.964187 38.216713 -1.444345
v -46.879194 36.998194 -0.963424
v -47.751955 35.817748 -0.506763
v -48.577175 34.684806 -0.073493
v -49.354206 33.602652 0.337962
v -50.079499 32.578685 0.724273
v -50.753733 31.614455 1.081176
v -51.380858 30.706686 1.410772
v -51.960566 29.857990 1.717188
v -52.506007 29.051195 2.006708
v -52.991104 28.326319 2.270581
v -53.428337 27.667083 2.521225
v -53.829038 27.058272 2.761161
v -54.171364 26.534013 2.983144
v -54.474928 26.066337 3.197783
v -54.722105 25.683041 3.398736
v -54.928983 25.360864 3.589075
v -55.086290 25.114697 3.770767
v -55.194249 24.944920 3.942756
v -55.253012 24.851787 4.104236
v -55.262671 24.835442 4.254684
v -55.223782 24.895147 4.388732
v -55.136847 25.029996 4.501040
v -55.001847 25.239698 4.591164
v -54.818738 25.523753 4.658427
v -54.587477 25.881483 4.701956
v -54.300856 26.322827 4.711451
v -53.974189 26.823516 4.692628
v -53.590162 27.408214 4.635681
v -53.169647 28.044252 4.543389
v -52.691651 28.761176 4.402523
v -52.167066 29.540947 4.216963
v -51.610865 30.359943 3.985990
v -50.998635 31.251741 3.692309
v -50.343958 32.194498 3.341150
v -49.648513 33.183801 2.928647
v -48.916689 34.211501 2.457865
v -48.148054 35.276323 1.934201
v -47.339447 36.380683 1.357740
v -46.492033 37.521010 0.728075
v -45.603524 38.698385 0.039935
v -44.683890 39.897747 -0.699916
v -43.730263 41.121351 -1.494746
v -42.743104 42.367069 -2.348577
v -41.729951 43.623994 -3.260504
v -40.690461 44.891597 -4.232108
v -42.600300 45.688371 -3.995134
v -43.708222 44.359203 -3.413364
v -44.774349 43.053645 -2.855447
v -45.795556 41.777600 -2.327038
v -46.775119 40.529059 -1.824481
v -47.709842 39.314367 -1.347443
v -48.594597 38.142847 -0.898371
v -49.437042 37.006866 -0.472162
v -50.232307 35.915530 -0.067872
v -50.979930 34.872192 0.316008
v -51.676741 33.884052 0.676403
v -52.323543 32.952821 1.009251
v -52.924197 32.075632 1.316461
v -53.478594 31.255101 1.601961
v -53.999107 30.475257 1.871457
v -54.461708 29.773830 2.117201
v -54.878177 29.135632 2.350727
v -55.259139 28.546468 2.574229
v -55.584557 28.038511 2.781270
v -55.872695 27.585525 2.981563
v -56.107410 27.213715 3.169434
v -56.303647 26.901265 3.347516
v -56.452964 26.662207 3.517860
v -56.555633 26.496928 3.679468
v -56.611848 26.405693 3.831580
v -56.621724 26.388653 3.973701
v -56.585760 26.445137 4.100753
v -56.504393 26.574320 4.207684
v -56.377563 26.775911 4.294071
v -56.205168 27.049426 4.359274
v -55.987085 27.394197 4.402463
v -55.716546 27.819559 4.413991
v -55.407549 28.302630 4.399005
v -55.043972 28.866555 4.348516
v -54.644932 29.480550 4.264764
v -54.190842 30.172320 4.135597
v -53.691598 30.924791 3.964488
v -53.160930 31.715673 3.750434
v -52.575971 32.576380 3.477530
v -51.949176 33.486239 3.150455
v -51.281941 34.440933 2.765501
v -50.578227 35.432617 2.325467
v -49.837545 36.459873 1.835472
v -49.056824 37.524721 1.295668
v -48.237062 38.623569 0.705643
v -47.376015 39.757168 0.060463
v -46.483019 40.911144 -0.633689
v -45.555353 42.087334 -1.379826
v -44.593439 43.283469 -2.181746
v -43.604430 44.489100 -3.038743
v -42.588054 45.703461 -3.952267
v -44.526237 46.457068 -3.686738
v -45.600285 45.198414 -3.149090
v -46.632334 43.959509 -2.633644
v -47.619414 42.746247 -2.145641
v -48.564596 41.557182 -1.681763
v -49.464945 40.398575 -1.241617
v -50.315752 39.279428 -0.827369
v -51.124250 38.193040 -0.434451
v -51.886050 37.148166 -0.061838
v -52.600871 36.148217 0.291901
v -53.265972 35.200185 0.623968
v -53.882272 34.305933 0.930527
v -54.453536 33.463037 1.213275
v -54.979870 32.674123 1.475925
v -55.472795 31.924508 1.723555
v -55.910509 31.249436 1.949500
v -56.304026 30.634898 2.164330
v -56.663205 30.067811 2.369889
v -56.969956 29.578212 2.560612
v -57.241085 29.141759 2.745239
v -57.462059 28.782917 2.918815
v -57.646569 28.481441 3.083507
v -57.787073 28.250419 3.241447
v -57.883899 28.090254 3.391702
v -57.937288 28.001221 3.533560
v -57.947371 27.983475 3.666559
v -57.914595 28.036420 3.785940
v -57.839322 28.159320 3.886964
v -57.721442 28.351882 3.969233
v -57.560805 28.613640 4.032146
v -57.357191 28.943941 4.074921
v -57.104316 29.351455 4.088624
v -56.814755 29.814822 4.077785
v -56.473677 30.355529 4.034302
v -56.098305 30.944853 3.959840
v -55.670577 31.608489 3.843410
v -55.199311 32.330422 3.688049
v -54.696881 33.089810 3.492455
v -54.142129 33.915730 3.242229
v -53.546263 34.788769 2.941454
v -52.910383 35.704733 2.586600
v -52.238005 36.656116 2.180177
v -51.528548 37.641334 1.726999
v -50.779069 38.662001 1.227287
v -49.990371 39.714498 0.680627
v -49.160262 40.799225 0.082448
v -48.297394 41.902570 -0.561692
v -47.399199 43.025917 -1.254530
v -46.466058 44.166848 -1.999619
v -45.504701 45.315430 -2.796468
v -44.514941 46.470642 -3.646381
v -46.481390 47.181199 -3.352072
v -47.517478 45.999843 -2.862330
v -48.511427 44.834094 -2.392995
v -49.460421 43.689814 -1.948860
v -50.367338 42.566183 -1.526968
v -51.229494 41.469335 -1.126866
v -52.042651 40.407933 -0.750419
v -52.813578 39.376269 -0.393629
v -53.538393 38.382709 -0.055392
v -54.217037 37.430736 0.265641
v -54.847187 36.527079 0.566970
v -55.429917 35.673788 0.845004
v -55.968875 34.868906 1.101215
v -56.464393 34.115054 1.339078
v -56.927072 33.398949 1.563003
v -57.337511 32.753138 1.767477
v -57.705886 32.164884 1.962034
v -58.041237 31.622306 2.148142
v -58.327570 31.153126 2.321169
v -58.580101 30.735041 2.488810
v -58.786050 30.390648 2.646881
v -58.957746 30.101385 2.797049
v -59.088617 29.879331 2.941528
v -59.179053 29.724899 3.079456
v -59.229331 29.638369 3.210176
v -59.239615 29.619905 3.333261
v -59.210284 29.668997 3.444294
v -59.141626 29.784992 3.538881
v -59.033486 29.967608 3.616651
v -58.885645 30.216393 3.677043
v -58.697794 30.530710 3.719330
v -58.464162 30.918513 3.735348
v -58.195807 31.360092 3.728967
v -57.879281 31.875139 3.693040
v -57.529760 32.437156 3.628614
v -57.130850 33.069681 3.525962
v -56.690194 33.757836 3.387646
v -56.218722 34.482357 3.212054
v -55.697102 35.269786 2.986405
v -55.135220 36.102092 2.714149
v -54.533845 36.975204 2.391944
v -53.896016 37.881994 2.021995
v -53.221071 38.820711 1.608781
v -52.506182 39.792522 1.152597
v -51.751960 40.793795 0.653024
v -50.956272 41.824560 0.105890
v -50.127015 42.872025 -0.483924
v -49.261797 43.937095 -1.118858
v -48.360965 45.017213 -1.802196
v -47.430764 46.102982 -2.533676
v -46.471116 47.193133 -3.314450
v -48.465751 47.860754 -2.991136
v -49.459797 46.763484 -2.553084
v -50.411620 45.677393 -2.133500
v -51.318587 44.608311 -1.736695
v -52.183345 43.556063 -1.360096
v -53.003495 42.526651 -1.003191
v -53.775296 41.528361 -0.667520
v -54.505027 40.556553 -0.349696
v -55.189350 39.619166 -0.048533
v -55.828414 38.719737 0.237229
v -56.420391 37.864739 0.505408
v -56.966486 37.056394 0.752681
v -57.470210 36.293233 0.980280
v -57.932157 35.577890 1.191422
v -58.361937 34.898577 1.389800
v -58.742707 34.284932 1.571133
v -59.083759 33.725589 1.743839
v -59.393231 33.209946 1.908987
v -59.657386 32.763244 2.062941
v -59.889749 32.365377 2.212276
v -60.079379 32.036903 2.353631
v -60.237181 31.761103 2.488141
v -60.357592 31.548942 2.618103
v -60.441086 31.400860 2.742732
v -60.487975 31.317138 2.861429
v -60.498455 31.297950 2.973804
v -60.472835 31.342870 3.075815
v -60.411312 31.451341 3.163435
v -60.313696 31.623093 3.236324
v -60.179692 31.857688 3.293965
v -60.008894 32.154504 3.335690
v -59.796092 32.520737 3.354164
v -59.550704 32.938441 3.352551
v -59.260776 33.425380 3.324728
v -58.939309 33.957467 3.271089
v -58.571661 34.555895 3.183252
v -58.164260 35.207039 3.063279
v -57.726458 35.893317 2.909230
v -57.240896 36.638554 2.710059
v -56.716042 37.426204 2.468537
v -56.152335 38.252351 2.181533
v -55.552268 39.110256 1.850921
v -54.915109 39.998002 1.480819
v -54.238167 40.916287 1.071598
v -53.521833 41.861465 0.622837
v -52.764032 42.833165 0.130789
v -51.971882 43.819509 -0.400386
v -51.143158 44.820876 -0.972809
v -50.278150 45.834554 -1.589477
v -49.382626 46.851762 -2.250370
v -48.456585 47.870942 -2.956473
v -50.479330 48.495745 -2.603929
v -51.427252 47.489347 -2.221353
v -52.332918 46.489410 -1.855160
v -53.193913 45.501737 -1.509145
v -54.012615 44.526820 -1.181149
v -54.786950 43.570525 -0.870593
v -55.513686 42.640713 -0.578672
v -56.198596 41.733892 -0.302653
v -56.838911 40.857532 -0.041261
v -57.435017 40.015231 0.206663
v -57.985584 39.213165 0.439282
v -58.491962 38.453736 0.653559
v -58.957545 37.736023 0.850469
v -59.383171 37.062638 1.032956
v -59.777389 36.423394 1.203946
v -60.126104 35.844822 1.360468
v -60.437643 35.317013 1.509745
v -60.719189 34.830734 1.652426
v -60.959414 34.408572 1.785929
v -61.170020 34.032758 1.915637
v -61.342055 33.721688 2.039065
v -61.484868 33.460588 2.156782
v -61.594006 33.259257 2.271172
v -61.669999 33.118136 2.381530
v -61.713222 33.037526 2.487319
v -61.723888 33.017601 2.588191
v -61.702236 33.058033 2.680502
v -61.648381 33.158366 2.760625
v -61.562070 33.318335 2.828251
v -61.442940 33.537519 2.882912
v -61.290489 33.815325 2.924000
v -61.100105 34.158128 2.945072
v -60.879447 34.549867 2.948537
v -60.618167 35.006254 2.929366
v -60.326941 35.505778 2.887263
v -59.993017 36.067134 2.815282
v -59.621494 36.678021 2.714949
v -59.220077 37.322682 2.583984
v -58.773506 38.022028 2.413191
v -58.288733 38.761105 2.204620
v -57.765833 39.536162 1.955367
v -57.206753 40.340896 1.666954
v -56.610664 41.173206 1.343112
v -55.975016 42.033290 0.984289
v -55.299981 42.917499 0.590064
v -54.583560 43.825053 0.157145
v -53.831990 44.745017 -0.311077
v -53.043269 45.677253 -0.816383
v -52.217624 46.618880 -1.361463
v -51.360283 47.561766 -1.946548
v -50.471337 48.504060 -2.572452
v -3.954731 1.361986 0.755330
v -57.933118 38.826474 1.050564
v -5.937629 1.367239 -1.964536
v -5.539140 0.818766 -1.683901
v -5.152583 0.286716 -1.414709
v -4.779504 -0.226784 -1.160230
v -4.417710 -0.724751 -0.917711
v -4.069002 -1.204706 -0.687380
v -3.736595 -1.662224 -0.471238
v -3.415838 -2.103709 -0.265123
v -3.109945 -2.524734 -0.069317
v -2.819506 -2.924489 0.116956
v -2.546979 -3.299590 0.291660
v -2.292369 -3.650031 0.452956
v -2.053615 -3.978648 0.602487
v -1.831228 -4.284737 0.742204
v -1.617250 -4.579252 0.876574
v -1.428495 -4.839052 0.998332
v -1.257432 -5.074500 1.114872
v -1.097151 -5.295108 1.228388
v -0.962029 -5.481087 1.333203
v -0.839713 -5.649440 1.436131
v -0.741925 -5.784034 1.532503
v -0.658498 -5.898862 1.625085
v -0.595626 -5.985397 1.713954
v -0.553362 -6.043569 1.798583
v -0.531738 -6.073332 1.878570
v -0.530772 -6.074661 1.953656
v -0.550134 -6.048012 2.021150
v -0.589461 -5.993882 2.078375
v -0.648674 -5.912383 2.125108
v -0.727643 -5.803692 2.161008
v -0.826193 -5.668050 2.185632
v -0.948809 -5.499283 2.193481
v -1.085238 -5.311505 2.188529
v -1.246351 -5.089751 2.164531
v -1.418384 -4.852969 2.124749
v -1.614442 -4.583118 2.060787
v -1.827111 -4.290403 1.975462
v -2.046648 -3.988237 1.870201
v -2.288109 -3.655895 1.733859
v -2.542565 -3.305666 1.570430
v -2.808708 -2.939351 1.378238
v -3.083615 -2.560975 1.159369
v -3.367354 -2.170441 0.916381
v -3.661682 -1.765333 0.648800
v -3.965822 -1.346721 0.356504
v -4.281094 -0.912787 0.036430
v -4.601730 -0.471469 -0.306724
v -4.929585 -0.020215 -0.675203
v -5.264627 0.440931 -1.071184
v -5.602926 0.906559 -1.493296
v -5.945098 1.377519 -1.942775
v -8.197960 0.936672 -2.391705
v -7.710693 0.274747 -2.049223
v -7.238670 -0.367712 -1.720577
v -6.783618 -0.988256 -1.409587
v -6.342981 -1.590290 -1.113124
v -5.918802 -2.170915 -0.831429
v -5.514729 -2.725009 -0.566800
v -5.125390 -3.259837 -0.314512
v -4.754450 -3.770247 -0.074835
v -4.402554 -4.255229 0.153128
v -4.072474 -4.710844 0.367012
v -3.764159 -5.137033 0.564616
v -3.475225 -5.536968 0.747796
v -3.206252 -5.909743 0.918842
v -2.948143 -6.267831 1.082889
v -2.720080 -6.584622 1.231631
v -2.513483 -6.871880 1.373645
v -2.320451 -7.140458 1.511452
v -2.157379 -7.367589 1.638510
v -2.010184 -7.572703 1.762739
v -1.892227 -7.737233 1.878729
v -1.791900 -7.877212 1.989674
v -1.716286 -7.982784 2.095711
v -1.665435 -8.053844 2.196220
v -1.639381 -8.090323 2.290727
v -1.638140 -8.092184 2.378928
v -1.661319 -8.059970 2.457672
v -1.708487 -7.994282 2.523825
v -1.779553 -7.895261 2.577127
v -1.874371 -7.763138 2.617180
v -1.992741 -7.598224 2.643470
v -2.139755 -7.393511 2.649548
v -2.303729 -7.165241 2.640043
v -2.497056 -6.896314 2.607695
v -2.704029 -6.608548 2.556232
v -2.939591 -6.281346 2.475913
v -3.195298 -5.926477 2.370011
v -3.460019 -5.559421 2.240059
v -3.750930 -5.156535 2.073186
v -4.057860 -4.731977 1.873984
v -4.379319 -4.287906 1.640475
v -4.711987 -3.828995 1.375060
v -5.055986 -3.355174 1.080759
v -5.413356 -2.863730 0.757076
v -5.783228 -2.355960 0.403875
v -6.167132 -1.829862 0.017619
v -6.558479 -1.294572 -0.396305
v -6.959412 -0.747228 -0.840453
v -7.369903 -0.187942 -1.317341
v -7.785432 0.377036 -1.825446
v -8.206716 0.948644 -2.366151
v -10.424930 0.464549 -2.792603
v -9.854078 -0.304848 -2.392059
v -9.301529 -1.051880 -2.007600
v -8.769186 -1.773792 -1.643559
v -8.254163 -2.474352 -1.296460
v -7.758733 -3.150266 -0.966555
v -7.286959 -3.795754 -0.656414
v -6.832798 -4.418892 -0.360790
v -6.400342 -5.013845 -0.079940
v -5.990296 -5.579418 0.187148
v -5.605730 -6.111150 0.437801
v -5.246547 -6.608938 0.669477
v -4.910067 -7.076269 0.884230
v -4.596936 -7.512045 1.084670
v -4.296994 -7.930165 1.276552
v -4.031647 -8.300775 1.450609
v -3.791335 -8.636952 1.616520
v -3.567232 -8.950805 1.777109
v -3.377625 -9.216781 1.925033
v -3.206814 -9.456582 2.069242
v -3.069697 -9.649370 2.203639
v -2.953317 -9.813082 2.331814
v -2.865591 -9.936622 2.453962
v -2.806570 -10.019855 2.569378
v -2.776288 -10.062690 2.677521
v -2.774761 -10.065079 2.778043
v -2.801535 -10.027645 2.867361
v -2.856116 -9.951088 2.941912
v -2.938404 -9.835576 3.001401
v -3.048235 -9.681387 3.045377
v -3.185387 -9.488897 3.073258
v -3.355515 -9.250319 3.077707
v -3.545596 -8.983881 3.063959
v -3.769446 -8.670485 3.023809
v -4.009536 -8.334634 2.961415
v -4.282524 -7.953334 2.865778
v -4.579006 -7.539819 2.740595
v -4.886538 -7.111495 2.587494
v -5.224285 -6.641996 2.391990
v -5.580905 -6.147221 2.159232
v -5.954734 -5.629662 1.886956
v -6.342079 -5.094604 1.577858
v -6.743101 -4.541993 1.235392
v -7.160106 -3.968847 0.859044
v -7.592132 -3.376669 0.448660
v -8.040898 -2.763288 0.000264
v -8.499044 -2.138965 -0.480115
v -8.968976 -1.500546 -0.995326
v -9.450664 -0.848212 -1.548202
v -9.939031 -0.189000 -2.137081
v -10.434884 0.478104 -2.763482
v -12.618538 -0.049130 -3.167232
v -11.969293 -0.920018 -2.712410
v -11.341158 -1.765787 -2.275777
v -10.736209 -2.583393 -1.862148
v -10.151256 -3.376938 -1.467719
v -9.588797 -4.142757 -1.092756
v -9.053284 -4.874460 -0.740079
v -8.538060 -5.580874 -0.403958
v -8.047620 -6.255528 -0.084633
v -7.582732 -6.897055 0.219014
v -7.146747 -7.500510 0.504026
v -6.739534 -8.065747 0.767538
v -6.358139 -8.596548 1.011789
v -6.003279 -9.091643 1.239689
v -5.663802 -9.566254 1.457566
v -5.363197 -9.987512 1.655265
v -5.090989 -10.369717 1.843495
v -4.837494 -10.726145 2.025359
v -4.622768 -11.028662 2.192772
v -4.429603 -11.301078 2.355640
v -4.274335 -11.520443 2.507234
v -4.142750 -11.706471 2.651503
v -4.043543 -11.846912 2.788707
v -3.976766 -11.941602 2.918057
v -3.942458 -11.990434 3.038951
v -3.940632 -11.993346 3.151000
v -3.970781 -11.951039 3.250217
v -4.032350 -11.864301 3.332636
v -4.125229 -11.733329 3.397930
v -4.249237 -11.558440 3.445598
v -4.404130 -11.340069 3.474998
v -4.596091 -11.069706 3.477957
v -4.810840 -10.767425 3.460278
v -5.063523 -10.412265 3.412874
v -5.334903 -10.031225 3.340297
v -5.643243 -9.599082 3.230382
v -5.978232 -9.130426 3.087216
v -6.326206 -8.644463 2.912507
v -6.708173 -8.112277 2.690272
v -7.111702 -7.551397 2.426174
v -7.534955 -6.964621 2.117683
v -7.973889 -6.357798 1.767764
v -8.428702 -5.730899 1.380281
v -8.901932 -5.080681 0.954702
v -9.392533 -4.408847 0.490859
v -9.902393 -3.713065 -0.015633
v -10.423424 -3.004647 -0.558155
v -10.958275 -2.280170 -1.139822
v -11.506907 -1.539879 -1.763767
v -12.063723 -0.791551 -2.428200
v -12.629605 -0.034102 -3.134768
v -14.778787 -0.604365 -3.515589
v -14.056339 -1.570763 -3.010275
v -13.357558 -2.509432 -2.525109
v -12.684686 -3.417057 -2.065352
v -12.034261 -4.298047 -1.626903
v -11.408993 -5.148390 -1.210033
v -10.813706 -5.961127 -0.817795
v -10.241177 -6.745782 -0.444014
v -9.696286 -7.495296 -0.088914
v -9.179861 -8.208140 0.248728
v -8.695525 -8.878922 0.565686
v -8.243120 -9.507459 0.858800
v -7.819444 -10.097808 1.130474
v -7.425281 -10.648537 1.383897
v -7.048569 -11.176097 1.625928
v -6.714729 -11.644832 1.845599
v -6.412445 -12.070174 2.054572
v -6.131237 -12.466483 2.256201
v -5.892808 -12.803232 2.441725
v -5.678550 -13.106189 2.621934
v -5.506142 -13.350453 2.789512
v -5.360197 -13.557379 2.948743
v -5.250139 -13.713652 3.099947
v -5.176025 -13.819086 3.242258
v -5.137891 -13.873553 3.375018
v -5.135756 -13.876985 3.497799
v -5.169057 -13.830151 3.606239
v -5.237188 -13.733922 3.695996
v -5.340026 -13.588517 3.766714
v -5.477376 -13.394294 3.817845
v -5.648972 -13.151741 3.848687
v -5.861482 -12.851674 3.850299
v -6.099460 -12.515872 3.828999
v -6.379284 -12.121655 3.774890
v -6.680131 -11.698323 3.692879
v -7.021748 -11.218590 3.569725
v -7.392979 -10.698302 3.409873
v -7.779022 -10.158321 3.215096
v -8.202596 -9.567380 2.968032
v -8.650247 -8.944505 2.674812
v -9.119982 -8.292782 2.332654
v -9.607420 -7.618581 1.944779
v -10.112786 -6.921891 1.515424
v -10.638835 -6.199233 1.044051
v -11.184431 -5.452493 0.530474
v -11.751616 -4.679193 -0.030073
v -12.331619 -3.891619 -0.630425
v -12.927309 -3.086099 -1.273942
v -13.538635 -2.262942 -1.964037
v -14.159507 -1.430616 -2.698804
v -14.790878 -0.587973 -3.480009
v -16.905673 -1.201156 -3.837677
v -16.115216 -2.257084 -3.285655
v -15.350730 -3.282817 -2.755595
v -14.614618 -4.274786 -2.253173
v -13.903177 -5.237679 -1.774011
v -13.219321 -6.167164 -1.318386
v -12.568223 -7.055756 -0.889563
v -11.942150 -7.913618 -0.480961
v -11.346338 -8.733149 -0.092781
v -10.781685 -9.512674 0.276289
v -10.252065 -10.246388 0.622784
v -9.757305 -10.934076 0.943262
v -9.293980 -11.580048 1.240283
v -8.862943 -12.182727 1.517296
v -8.451293 -12.759696 1.781640
v -8.086243 -13.272736 2.021612
v -7.755703 -13.738323 2.249750
v -7.448460 -14.171815 2.469636
v -7.187744 -14.540491 2.671895
v -6.953657 -14.871917 2.868123
v -6.765116 -15.139400 3.050475
v -6.605659 -15.365806 3.223533
v -6.485382 -15.536845 3.387680
v -6.404345 -15.652306 3.541981
v -6.362588 -15.712049 3.685722
v -6.360130 -15.715996 3.818441
v -6.396364 -15.664982 3.935428
v -6.470629 -15.559949 4.031993
v -6.582796 -15.401142 4.107753
v -6.732652 -15.188951 4.162117
v -6.919910 -14.923911 4.194328
v -7.151687 -14.596221 4.194732
v -7.411457 -14.229223 4.170122
v -7.716732 -13.798653 4.109857
v -8.045221 -13.335926 4.019161
v -8.418038 -12.811858 3.883807
v -8.823246 -12.243445 3.708566
v -9.244985 -11.653070 3.495264
v -9.707552 -11.007303 3.225269
v -10.196544 -10.326545 2.905143
v -10.709814 -9.614144 2.531871
v -11.242669 -8.876950 2.108901
v -11.795354 -8.114970 1.640824
v -12.370815 -7.324505 1.127091
v -12.967828 -6.507610 0.567503
v -13.588566 -5.661673 -0.043056
v -14.223629 -4.799881 -0.696923
v -14.876079 -3.918334 -1.397685
v -15.545845 -3.017403 -2.149010
v -16.226384 -2.106195 -2.948893
v -16.918703 -1.183510 -3.799205
v -18.999199 -1.839503 -4.133495
v -18.145923 -2.978979 -3.538549
v -17.320672 -4.085941 -2.967236
v -16.526003 -5.156578 -2.425609
v -15.758003 -6.195834 -1.909042
v -15.019782 -7.199080 -1.417815
v -14.316836 -8.158345 -0.955381
v -13.640976 -9.084380 -0.514796
v -12.997777 -9.969087 -0.096237
v -12.388202 -10.810656 0.301697
v -11.816368 -11.602907 0.675317
v -11.282089 -12.345596 1.020925
v -10.781748 -13.043267 1.341218
v -10.316263 -13.694213 1.639885
v -9.871976 -14.317050 1.924702
v -9.477741 -14.871224 2.183304
v -9.120761 -15.374164 2.429029
v -8.789164 -15.842143 2.665663
v -8.507577 -16.240440 2.883280
v -8.254923 -16.598260 3.094207
v -8.051258 -16.887284 3.290122
v -7.879136 -17.131753 3.475873
v -7.749271 -17.316489 3.651906
v -7.661726 -17.441263 3.817224
v -7.616549 -17.505921 3.971061
v -7.613756 -17.510378 4.112926
v -7.652701 -17.455529 4.237783
v -7.732675 -17.342384 4.340627
v -7.853539 -17.171204 4.421047
v -8.015066 -16.942410 4.478415
v -8.216946 -16.656581 4.511919
v -8.466708 -16.303349 4.511257
v -8.746830 -15.907479 4.483648
v -9.075865 -15.443260 4.417774
v -9.430171 -14.944035 4.319142
v -9.832113 -14.378886 4.172627
v -10.269032 -13.765854 3.983295
v -10.724097 -13.128711 3.753008
v -11.223041 -12.432047 3.461983
v -11.750592 -11.697518 3.117170
v -12.304452 -10.928708 2.715333
v -12.879638 -10.132906 2.260130
v -13.476407 -9.310135 1.756478
v -14.097872 -8.456494 1.203821
v -14.742723 -7.574196 0.601947
v -15.413243 -6.660503 -0.054583
v -16.099454 -5.729430 -0.757651
v -16.804584 -4.776873 -1.511052
v -17.528540 -3.803261 -2.318688
v -18.264355 -2.818288 -3.178467
v -19.013080 -1.820713 -4.092356
v -21.059364 -2.519407 -4.403042
v -20.148463 -3.736451 -3.768957
v -19.267385 -4.918803 -3.160032
v -18.418844 -6.062434 -2.582661
v -17.598742 -7.172513 -2.031998
v -16.810374 -8.244136 -1.508320
v -16.059544 -9.268894 -1.015252
v -15.337659 -10.258070 -0.545521
v -14.650604 -11.203110 -0.099279
v -13.999412 -12.102086 0.324952
v -13.388430 -12.948479 0.723286
v -12.817472 -13.742019 1.091788
v -12.282748 -14.487467 1.433278
v -11.785244 -15.182995 1.751664
v -11.310616 -15.848158 2.055112
v -10.889219 -16.440294 2.330674
v -10.507624 -16.977699 2.592408
v -10.153350 -17.477467 2.844284
v -9.852307 -17.903077 3.075880
v -9.582348 -18.285220 3.300186
v -9.364570 -18.594107 3.508452
v -9.180629 -18.855221 3.705762
v -9.041805 -19.052584 3.892627
v -8.948170 -19.185956 4.067989
v -8.899772 -19.255169 4.231038
v -8.896635 -19.260133 4.381252
v -8.938067 -19.201795 4.513305
v -9.023325 -19.081226 4.621898
v -9.152256 -18.898702 4.706596
v -9.324617 -18.654673 4.766737
v -9.540078 -18.349750 4.801462
v -9.806543 -17.973056 4.799874
v -10.105579 -17.550636 4.769576
v -10.456684 -17.055476 4.698642
v -10.834983 -16.522650 4.592823
v -11.263973 -15.919674 4.436187
v -11.730338 -15.265531 4.234060
v -12.216357 -14.585244 3.988330
v -12.749065 -13.841612 3.678175
v -13.312389 -13.057423 3.310890
v -13.903895 -12.236474 2.883040
v -14.518327 -11.386450 2.398468
v -15.155943 -10.507386 1.862388
v -15.820006 -9.595202 1.274243
v -16.509113 -8.652251 0.633806
v -17.225650 -7.675686 -0.064652
v -17.959096 -6.680271 -0.812608
v -18.712826 -5.661719 -1.614041
v -19.486717 -4.620514 -2.473070
v -20.273418 -3.566895 -3.387526
v -21.074009 -2.499580 -4.359462
v -23.086168 -3.240865 -4.646320
v -22.122831 -4.529496 -3.976880
v -21.190869 -5.781405 -3.333982
v -20.293138 -6.992354 -2.724329
v -19.425392 -8.167715 -2.142877
v -18.591099 -9.302334 -1.589900
v -17.796349 -10.387406 -1.069173
v -17.032197 -11.434687 -0.573135
v -16.304818 -12.435219 -0.101909
v -15.615316 -13.386964 0.346054
v -14.968255 -14.283104 0.766692
v -14.363453 -15.123346 1.155852
v -13.796977 -15.912645 1.516464
v -13.269885 -16.649074 1.852633
v -12.767213 -17.353021 2.172873
v -12.320680 -17.979948 2.463723
v -11.916286 -18.548925 2.739889
v -11.541015 -19.077785 3.005497
v -11.221934 -19.528405 3.249696
v -10.935931 -19.932795 3.486061
v -10.705048 -20.259866 3.705467
v -10.510136 -20.536206 3.913202
v -10.362985 -20.745131 4.109842
v -10.263675 -20.886385 4.294275
v -10.212258 -20.959792 4.465651
v -10.208764 -20.965261 4.623421
v -10.252466 -20.903780 4.761993
v -10.342579 -20.776475 4.875806
v -10.478943 -20.583636 4.964401
v -10.661305 -20.325738 5.027083
v -10.889309 -20.003418 5.062954
v -11.171193 -19.605343 5.060582
v -11.487705 -19.158699 5.027906
v -11.859187 -18.635300 4.952461
v -12.259654 -18.071771 4.840204
v -12.713620 -17.434222 4.674485
v -13.207163 -16.742475 4.460862
v -13.721765 -16.022669 4.201229
v -14.285623 -15.235997 3.873845
v -14.881936 -14.406260 3.486306
v -15.508143 -13.537442 3.034992
v -16.158734 -12.637580 2.523913
v -16.833964 -11.706723 1.958553
v -17.537216 -10.740629 1.338355
v -18.267002 -9.741775 0.663079
v -19.025783 -8.707219 -0.073264
v -19.802551 -7.652399 -0.861795
v -20.600803 -6.572869 -1.706655
v -21.420379 -5.469166 -2.612156
v -22.253573 -4.352015 -3.576069
v -23.101489 -3.220112 -4.600523
v -25.079611 -4.003881 -4.863327
v -24.069032 -5.358119 -4.162317
v -23.091125 -6.673745 -3.489087
v -22.148888 -7.946338 -2.850613
v -21.237952 -9.181439 -2.241680
v -20.361955 -10.373673 -1.662557
v -19.527249 -11.513877 -1.117146
v -18.724589 -12.614230 -0.597638
v -17.960418 -13.665412 -0.104127
v -17.235915 -14.665292 0.365004
v -16.555840 -15.606782 0.805534
v -15.920034 -16.489578 1.213116
v -15.324441 -17.318805 1.590774
v -14.770184 -18.092447 1.942793
v -14.241770 -18.831640 2.277982
v -13.772124 -19.490185 2.582451
v -13.346752 -20.087844 2.871471
v -12.952163 -20.643101 3.149303
v -12.616457 -21.116421 3.404727
v -12.315674 -21.540988 3.651831
v -12.072696 -21.884561 3.881167
v -11.867658 -22.174712 4.098192
v -11.712810 -22.394130 4.303551
v -11.608242 -22.542550 4.496082
v -11.554010 -22.619793 4.674900
v -11.550145 -22.625759 4.839433
v -11.595893 -22.561481 4.983849
v -11.690436 -22.428131 5.102350
v -11.833607 -22.226009 5.194460
v -12.025130 -21.955604 5.259455
v -12.264637 -21.617585 5.296398
v -12.560659 -21.200210 5.293382
v -12.893207 -20.731665 5.258639
v -13.283378 -20.182735 5.179231
v -13.704187 -19.591398 5.061285
v -14.181050 -18.922530 4.887522
v -14.699509 -18.196686 4.663700
v -15.240321 -17.440984 4.391705
v -15.832713 -16.615204 4.048992
v -16.459236 -15.744030 3.643415
v -17.117198 -14.831612 3.171189
v -17.800862 -13.886297 2.636467
v -18.510469 -12.908147 2.044973
v -19.249503 -11.892774 1.396158
v -20.016389 -10.842769 0.689767
v -20.813645 -9.755103 -0.080419
v -21.629822 -8.645818 -0.905211
v -22.468515 -7.510326 -1.788891
v -23.329524 -6.349213 -2.735946
v -24.204822 -5.173651 -3.744097
v -25.095522 -3.982311 -4.815538
v -27.039693 -4.808452 -5.054064
v -25.987063 -6.222315 -4.325269
v -24.968152 -7.595825 -3.625346
v -23.986092 -8.924385 -2.961513
v -23.036423 -10.213687 -2.328408
v -22.122945 -11.458154 -1.726289
v -21.252246 -12.648310 -1.159170
v -20.414836 -13.796700 -0.619030
v -19.617404 -14.893690 -0.105932
v -18.861207 -15.937067 0.381801
v -18.151188 -16.919513 0.839812
v -17.487214 -17.840712 1.263581
v -16.865134 -18.705943 1.656210
v -16.286142 -19.513118 2.022143
v -15.734284 -20.284013 2.370442
v -15.243550 -20.971006 2.686857
v -14.799017 -21.594454 2.987154
v -14.386790 -22.173410 3.275701
v -14.035877 -22.667126 3.540974
v -13.721577 -23.109796 3.797496
v -13.467509 -23.468193 4.035550
v -13.253194 -23.770736 4.260732
v -13.091282 -23.999580 4.473753
v -12.981870 -24.154452 4.673411
v -12.925024 -24.235169 4.858786
v -12.920777 -24.241629 5.029286
v -12.968351 -24.174902 5.178871
v -13.066898 -24.036194 5.301531
v -13.216241 -23.825816 5.396775
v -13.416092 -23.544274 5.463852
v -13.666063 -23.192252 5.501792
v -13.974940 -22.757657 5.498273
v -14.322087 -22.269535 5.461774
v -14.729253 -21.697778 5.378952
v -15.168581 -21.081530 5.256065
v -15.666268 -20.384599 5.075297
v -16.207374 -19.628165 4.842574
v -16.772025 -18.840191 4.559758
v -17.390338 -17.979230 4.203617
v -18.044285 -17.070732 3.782220
v -18.731057 -16.118984 3.291631
v -19.444707 -15.132601 2.736128
v -20.185458 -14.111657 2.121649
v -20.956866 -13.051637 1.447652
v -21.757274 -11.955233 0.713870
v -22.589234 -10.819338 -0.086118
v -23.440907 -9.660525 -0.942856
v -24.315962 -8.474086 -1.860751
v -25.214154 -7.260660 -2.844440
v -26.127162 -6.031801 -3.891610
v -27.056107 -4.786174 -5.004508
v -28.966414 -5.654579 -5.218531
v -27.876925 -7.122088 -4.465735
v -26.821950 -8.547644 -3.742760
v -25.804750 -9.926497 -3.057029
v -24.820806 -11.264458 -2.403059
v -23.874065 -12.555775 -1.781097
v -22.971337 -13.790703 -1.195245
v -22.102940 -14.982098 -0.637312
v -21.275779 -16.120054 -0.107324
v -20.491191 -17.202290 0.396444
v -19.754296 -18.221297 0.869526
v -19.064993 -19.176751 1.307247
v -18.419059 -20.074062 1.712771
v -17.817761 -20.911084 2.090683
v -17.244755 -21.710141 2.450250
v -16.734959 -22.422410 2.776942
v -16.273085 -23.068758 3.086938
v -15.844900 -23.668716 3.384692
v -15.480195 -24.180521 3.658437
v -15.153638 -24.639220 3.923057
v -14.889493 -25.010763 4.168617
v -14.666746 -25.324280 4.400823
v -14.498398 -25.561481 4.620450
v -14.384560 -25.722090 4.826261
v -14.325301 -25.805921 5.017309
v -14.320660 -25.812873 5.192983
v -14.369840 -25.744041 5.347059
v -14.471965 -25.600665 5.473349
v -14.626847 -25.383061 5.571345
v -14.834192 -25.091746 5.640274
v -15.093587 -24.727418 5.679138
v -15.414034 -24.277684 5.675257
v -15.774342 -23.772308 5.637311
v -16.196814 -23.180428 5.551624
v -16.652836 -22.542169 5.424545
v -17.169270 -21.820426 5.237812
v -17.730759 -21.036910 4.997483
v -18.316878 -20.220290 4.705389
v -18.958497 -19.328078 4.337719
v -19.637083 -18.386365 3.902718
v -20.349722 -17.399557 3.396319
v -21.090273 -16.376492 2.822897
v -21.858929 -15.317252 2.188580
v -22.659307 -14.217220 1.492836
v -23.489655 -13.079165 0.735388
v -24.352551 -11.899924 -0.090359
v -25.235809 -10.696522 -0.974731
v -26.143146 -9.464153 -1.922234
v -27.074265 -8.203501 -2.937639
v -28.020596 -6.926463 -4.018608
v -28.983244 -5.631703 -5.167434
v -30.859774 -6.542263 -5.356728
v -29.738617 -8.057435 -4.583716
v -28.652518 -9.529201 -3.841328
v -27.604862 -10.952673 -3.137161
v -26.591101 -12.333753 -2.465633
v -25.615319 -13.666538 -1.826981
v -24.684526 -14.941059 -1.225371
v -23.788897 -16.170421 -0.652483
v -22.935539 -17.344502 -0.108304
v -22.125871 -18.460963 0.408936
v -21.365166 -19.512134 0.894676
v -20.653369 -20.497692 1.344113
v -19.986216 -21.423160 1.760457
v -19.365039 -22.286347 2.148412
v -18.773185 -23.110025 2.517408
v -18.246349 -23.844397 2.852705
v -17.768957 -24.510754 3.170823
v -17.326489 -25.129017 3.476276
v -16.949408 -25.656604 3.757115
v -16.611857 -26.129260 4.028512
v -16.338644 -26.512270 4.280369
v -16.108312 -26.835343 4.518463
v -15.934161 -27.079834 4.743640
v -15.816311 -27.245465 4.954632
v -15.754843 -27.332050 5.150467
v -15.749796 -27.339487 5.330521
v -15.800359 -27.268897 5.488414
v -15.905634 -27.121542 5.617804
v -16.065428 -26.897743 5.718171
v -16.279429 -26.598020 5.788721
v -16.547207 -26.223082 5.828433
v -16.877944 -25.760291 5.824332
v -17.249973 -25.239985 5.785251
v -17.686060 -24.630689 5.697246
v -18.156951 -23.973313 5.566725
v -18.690057 -23.230015 5.375065
v -19.269665 -22.422923 5.128430
v -19.874877 -21.581279 4.828597
v -20.537188 -20.661746 4.451300
v -21.237633 -19.690932 4.004911
v -21.973193 -18.673332 3.485251
v -22.737558 -17.617971 2.896774
v -23.530887 -16.524935 2.245766
v -24.356823 -15.389520 1.531712
v -25.213534 -14.214567 0.754320
v -26.103597 -12.996863 -0.093143
v -27.014526 -11.753808 -1.000835
v -27.950065 -10.480525 -1.973341
v -28.909861 -9.177741 -3.015541
v -29.885122 -7.857640 -4.125091
v -30.876931 -6.518897 -5.304314
v -32.719772 -7.471501 -5.468655
v -31.572141 -9.028358 -4.679211
v -30.459859 -10.540498 -3.921051
v -29.386430 -12.002913 -3.201909
v -28.347306 -13.421569 -2.516132
v -27.346703 -14.790441 -1.863941
v -26.391808 -16.099374 -1.249549
v -25.472710 -17.361672 -0.664544
v -24.596688 -18.567037 -0.108871
v -23.765244 -19.713083 0.419274
v -22.983798 -20.792025 0.915263
v -22.252347 -21.803539 1.374180
v -21.566605 -22.753238 1.799268
v -20.927976 -23.638905 2.195333
v -20.319572 -24.483663 2.571916
v -19.777722 -25.236969 2.914146
v -19.286629 -25.920442 3.238809
v -18.831559 -26.554313 3.550453
v -18.443519 -27.095378 3.837008
v -18.096236 -27.579916 4.113863
v -17.814964 -27.972714 4.370804
v -17.577894 -28.303926 4.613653
v -17.398570 -28.554638 4.843325
v -17.277125 -28.724576 5.058525
v -17.213646 -28.813554 5.258263
v -17.208184 -28.821474 5.441902
v -17.259908 -28.749472 5.602936
v -17.367908 -28.598827 5.734896
v -17.531981 -28.369861 5.837251
v -17.751802 -28.063098 5.909193
v -18.026926 -27.679247 5.949680
v -18.366669 -27.205478 5.945498
v -18.748982 -26.672565 5.905593
v -19.196993 -26.048559 5.815819
v -19.680928 -25.374964 5.682604
v -20.228630 -24.613364 5.487058
v -20.824090 -23.786203 5.235412
v -21.446025 -22.923161 4.929382
v -22.126414 -21.980235 4.544357
v -22.845933 -20.984431 4.088799
v -23.601469 -19.940310 3.558429
v -24.386563 -18.857037 2.957758
v -25.201328 -17.734704 2.293208
v -26.049417 -16.568539 1.564278
v -26.928911 -15.361439 0.770667
v -27.842370 -14.110151 -0.094470
v -28.777057 -12.832384 -1.021168
v -29.736721 -11.523203 -2.014071
v -30.720940 -10.183377 -3.078148
v -31.720742 -8.825332 -4.211058
v -32.737171 -7.447757 -5.415150
v -34.546409 -8.442295 -5.554311
v -33.377496 -10.034857 -4.752220
v -32.243970 -11.581535 -3.981929
v -31.149453 -13.077217 -3.251272
v -30.089422 -14.527910 -2.554555
v -29.068222 -15.927487 -1.891977
v -28.093189 -17.265651 -1.267779
v -27.154379 -18.555851 -0.673493
v -26.259223 -19.787656 -0.109026
v -25.409312 -20.958652 0.427459
v -24.610191 -22.060969 0.931286
v -23.861921 -23.094287 1.397447
v -23.160224 -24.064295 1.829205
v -22.506572 -24.968760 2.231443
v -21.883916 -25.831055 2.613772
v -21.329075 -26.600122 2.961267
v -20.826103 -27.297823 3.290896
v -20.360111 -27.944606 3.607222
v -19.962525 -28.496840 3.898117
v -19.606773 -28.991188 4.179110
v -19.318450 -29.392094 4.439924
v -19.075491 -29.730029 4.686393
v -18.891625 -29.985895 4.919503
v -18.767002 -30.159424 5.137938
v -18.701717 -30.250436 5.340695
v -18.695823 -30.258833 5.527125
v -18.748486 -30.185764 5.690624
v -18.858784 -30.032518 5.824624
v -19.026507 -29.799416 5.928586
v -19.251314 -29.486977 6.001690
v -19.532740 -29.095909 6.042877
v -19.880210 -28.613245 6.038756
v -20.271366 -28.070049 5.998337
v -20.729612 -27.434038 5.907343
v -21.224765 -26.747119 5.772183
v -21.784991 -25.970473 5.573789
v -22.394035 -25.126750 5.318430
v -23.030322 -24.245933 5.007745
v -23.726175 -23.283547 4.616892
v -24.461983 -22.266861 4.154382
v -25.234550 -21.200489 3.615851
v -26.037286 -20.093690 3.005851
v -26.870254 -18.946559 2.330905
v -27.737087 -17.754276 1.590535
v -28.635785 -16.519779 0.784429
v -29.568871 -15.239792 -0.094340
v -30.523403 -13.932248 -1.035731
v -31.503111 -12.592186 -2.044425
v -32.507503 -11.220410 -3.125459
v -33.527453 -9.829537 -4.276510
v -34.563964 -8.418282 -5.499939
v -36.339687 -9.454647 -5.613697
v -35.154681 -11.076932 -4.802744
v -34.004851 -12.652308 -4.023961
v -32.893926 -14.175582 -3.285252
v -31.817452 -15.652775 -2.580902
v -30.779870 -17.077673 -1.911089
v -29.788663 -18.439888 -1.280059
v -28.833900 -19.752955 -0.679332
v -27.923145 -21.006359 -0.108768
v -27.058070 -22.197668 0.433492
v -26.244344 -23.318964 0.942744
v -25.482095 -24.369940 1.413915
v -24.767075 -25.356333 1.850266
v -24.100830 -26.275911 2.256744
v -23.466221 -27.152204 2.642979
v -22.900413 -27.933860 2.994066
v -22.387377 -28.642894 3.327084
v -21.912143 -29.299893 3.646585
v -21.506429 -29.860991 3.940442
v -21.143471 -30.363077 4.224252
v -20.849105 -30.770412 4.487728
v -20.601104 -31.113652 4.736684
v -20.413324 -31.373601 4.972175
v -20.285936 -31.550006 5.192873
v -20.219047 -31.642693 5.397764
v -20.212712 -31.651563 5.586191
v -20.266096 -31.577775 5.751479
v -20.378267 -31.422618 5.886989
v -20.549007 -31.186408 5.992177
v -20.777963 -30.869660 6.066212
v -21.064654 -30.473072 6.108025
v -21.418563 -29.983590 6.104106
v -21.817126 -29.432437 6.063484
v -22.283913 -28.787124 5.971818
v -22.788463 -28.089782 5.835463
v -23.359132 -27.301339 5.635258
v -23.979499 -26.444563 5.377485
v -24.627767 -25.549599 5.063685
v -25.336468 -24.571677 4.668905
v -26.085783 -23.538224 4.201658
v -26.872438 -22.453870 3.657519
v -27.689731 -21.327931 3.041051
v -28.537664 -20.160501 2.358857
v -29.419834 -18.946732 1.610483
v -30.334158 -17.689590 0.795606
v -31.283099 -16.385783 -0.092753
v -32.253567 -15.053404 -1.044523
v -33.249236 -13.687473 -2.064401
v -34.269548 -12.288839 -3.157474
v -35.305259 -10.870257 -4.321447
v -36.357307 -9.430472 -5.558685
v -38.099604 -10.508554 -5.646813
v -36.903696 -12.154579 -4.830782
v -35.742505 -13.752822 -4.047148
v -34.619857 -15.298014 -3.303848
v -33.531390 -16.796161 -2.595172
v -32.481652 -18.241001 -1.921276
v -31.478235 -19.622086 -1.286391
v -30.511279 -20.952987 -0.682060
v -29.588453 -22.223148 -0.108098
v -28.711526 -23.430135 0.437372
v -27.886261 -24.566015 0.949639
v -27.112869 -25.630498 1.423584
v -26.387159 -26.629351 1.862453
v -25.710744 -27.560357 2.271235
v -25.066482 -28.447107 2.659534
v -24.491733 -29.238181 3.012543
v -23.970454 -29.955660 3.347374
v -23.487656 -30.620175 3.668539
v -23.075230 -31.187831 3.963982
v -22.706327 -31.695582 4.249289
v -22.406930 -32.107667 4.514216
v -22.154729 -32.454792 4.764524
v -21.963671 -32.717761 5.001341
v -21.833935 -32.896327 5.223330
v -21.765641 -32.990326 5.429469
v -21.758854 -32.999667 5.619099
v -21.812737 -32.925504 5.785500
v -21.926353 -32.769124 5.921991
v -22.099479 -32.530836 6.028022
v -22.331749 -32.211145 6.102759
v -22.622664 -31.810734 6.145123
v -22.981734 -31.316517 6.141547
v -23.386264 -30.759729 6.101033
v -23.859903 -30.107821 6.009244
v -24.372022 -29.402950 5.872441
v -24.951063 -28.605969 5.671467
v -25.580484 -27.739645 5.412576
v -26.238360 -26.834155 5.097202
v -26.957294 -25.844628 4.700395
v -27.717336 -24.798520 4.230629
v -28.515129 -23.700452 3.683431
v -29.343892 -22.559757 3.063359
v -30.203558 -21.376529 2.377065
v -31.097658 -20.145906 1.624121
v -32.024027 -18.870869 0.804197
v -32.985056 -17.548125 -0.089710
v -33.967543 -16.195847 -1.047544
v -34.975098 -14.809068 -2.074002
v -36.007079 -13.388667 -3.174193
v -37.054156 -11.947490 -4.345869
v -38.117205 -10.484328 -5.591384
v -39.826159 -11.604018 -5.653659
v -38.624544 -13.267804 -4.836335
v -37.456930 -14.883076 -4.051489
v -36.327241 -16.444509 -3.307059
v -35.231241 -17.958072 -2.597366
v -34.173567 -19.417470 -1.922539
v -33.161901 -20.812245 -1.286774
v -32.186512 -22.155947 -0.681678
v -31.255148 -23.438022 -0.107015
v -30.369673 -24.656047 0.439098
v -29.535938 -25.802118 0.951971
v -28.754240 -26.875957 1.426453
v -28.020474 -27.883348 1.865765
v -27.336319 -28.822099 2.274916
v -26.684703 -29.715766 2.663439
v -26.103035 -30.513086 3.016699
v -25.575335 -31.236118 3.351764
v -25.086649 -31.905453 3.673087
v -24.668927 -32.477361 3.968737
v -24.295341 -32.988701 4.254221
v -23.991920 -33.403858 4.519388
v -23.736369 -33.753453 4.769915
v -23.542664 -34.018372 5.007001
v -23.410996 -34.198383 5.229308
v -23.341500 -34.293335 5.435811
v -23.334248 -34.303141 5.625849
v -23.388406 -34.228950 5.792688
v -23.503042 -34.072037 5.929629
v -23.677924 -33.832701 6.036123
v -23.912671 -33.511431 6.111331
v -24.206772 -33.108894 6.154173
v -24.569717 -32.612022 6.151080
v -24.978779 -32.051924 6.110985
v -25.457578 -31.396126 6.019620
v -25.975443 -30.686624 5.883120
v -26.560776 -29.884357 5.682414
v -27.196989 -29.011995 5.423703
v -27.862102 -28.099602 5.108296
v -28.588654 -27.102399 4.711363
v -29.356638 -26.047748 4.241295
v -30.162627 -24.940236 3.693589
v -30.999774 -23.789170 3.072775
v -31.867936 -22.594644 2.385528
v -32.770558 -21.351798 1.631451
v -33.705392 -20.063616 0.810203
v -34.674741 -18.726819 -0.085209
v -35.665335 -17.359580 -1.044795
v -36.680696 -15.956967 -2.073225
v -37.720093 -14.519890 -3.175616
v -38.774146 -13.061238 -4.349775
v -39.843652 -11.579850 -5.598040
v -41.519351 -12.741036 -5.634235
v -40.317220 -14.416602 -4.819402
v -39.148124 -16.043066 -4.036985
v -38.016080 -17.615068 -3.294887
v -36.917000 -19.138504 -2.587485
v -35.855613 -20.607081 -1.914879
v -34.839664 -22.010366 -1.281208
v -33.859601 -23.361832 -0.678185
v -32.923230 -24.650981 -0.105519
v -32.032516 -25.875411 0.438673
v -31.193376 -27.027273 0.949738
v -30.406213 -28.106323 1.422523
v -29.667022 -29.118327 1.860203
v -28.977554 -30.061139 2.267787
v -28.320880 -30.958178 2.654694
v -27.734318 -31.758573 3.006534
v -27.202016 -32.484267 3.340255
v -26.709125 -33.155729 3.660227
v -26.287521 -33.729580 3.954708
v -25.910516 -34.242439 4.239048
v -25.604080 -34.658988 4.503244
v -25.346026 -35.009633 4.752855
v -25.150299 -35.275432 4.989155
v -25.017118 -35.456176 5.210807
v -24.946622 -35.551720 5.416789
v -24.938893 -35.561988 5.606442
v -24.993107 -35.488115 5.773043
v -25.108338 -35.331357 5.909905
v -25.284342 -35.092003 6.016479
v -25.520731 -34.770521 6.091928
v -25.816978 -34.367556 6.135173
v -26.182519 -33.870111 6.132705
v -26.594667 -33.309023 6.093338
v -27.076938 -32.652041 6.002948
v -27.598723 -31.940804 5.867498
v -28.188276 -31.136505 5.668100
v -28.829013 -30.261610 5.410866
v -29.498990 -29.345941 5.096968
v -30.230550 -28.344994 4.701808
v -31.003689 -27.285908 4.233655
v -31.814931 -26.173223 3.687992
v -32.657375 -25.016171 3.069299
v -33.530798 -23.814844 2.384246
v -34.438534 -22.564409 1.632471
v -35.378258 -21.267835 0.813624
v -36.352152 -19.921863 -0.079251
v -37.346943 -18.544602 -1.036275
v -38.366028 -17.131172 -2.062072
v -39.408588 -15.682511 -3.161744
v -40.465228 -14.211498 -4.333167
v -41.536651 -12.717036 -5.578649
v -43.179186 -13.919611 -5.588541
v -41.981729 -15.600978 -4.779983
v -40.816092 -17.232798 -4.003636
v -39.686374 -18.809691 -3.267330
v -38.588675 -20.337462 -2.565527
v -37.527791 -21.809832 -1.898294
v -36.511522 -23.216447 -1.269693
v -35.530544 -24.570645 -0.671581
v -34.592701 -25.862026 -0.103611
v -33.700051 -27.088221 0.436094
v -32.858578 -28.241483 0.942942
v -32.068780 -29.321589 1.411793
v -31.326796 -30.334282 1.845765
v -30.634446 -31.277472 2.249849
v -29.975012 -32.174345 2.633298
v -29.385587 -32.974645 2.982047
v -28.850496 -33.700107 3.312848
v -28.355079 -34.370997 3.629960
v -27.931011 -34.944488 3.921894
v -27.551850 -35.456792 4.203771
v -27.243409 -35.873055 4.465785
v -26.983698 -36.223333 4.713346
v -26.786583 -36.488946 4.947803
v -26.652300 -36.669703 5.167827
v -26.581006 -36.765480 5.372404
v -26.572788 -36.776207 5.560877
v -26.626840 -36.703000 5.726564
v -26.742236 -36.547085 5.862817
v -26.918732 -36.308741 5.969090
v -27.155932 -35.988415 6.044550
v -27.453282 -35.586715 6.088124
v -27.820133 -35.090776 6.086421
v -28.233936 -34.531026 6.048095
v -28.717984 -33.875563 5.959226
v -29.241866 -33.165490 5.825576
v -29.833562 -32.362415 5.628525
v -30.476557 -31.488493 5.374066
v -31.149027 -30.573172 5.063217
v -31.882977 -29.572406 4.671731
v -32.658493 -28.513001 4.207710
v -33.472039 -27.399411 3.666640
v -34.316696 -26.240760 3.052930
v -35.192145 -25.037132 2.373220
v -36.101590 -23.783740 1.627182
v -37.042621 -22.483524 0.814460
v -38.017294 -21.133260 -0.071836
v -39.012366 -19.750914 -1.021985
v -40.031095 -18.331680 -2.040542
v -41.072570 -16.876529 -3.132575
v -42.127403 -15.398274 -4.296042
v -43.196204 -13.895888 -5.533214
v -44.805659 -15.139743 -5.516576
v -43.618070 -16.820929 -4.718079
v -42.460828 -18.452267 -3.951441
v -41.338123 -20.028379 -3.224390
v -40.246258 -21.554942 -2.531493
v -39.190101 -23.025724 -1.872785
v -38.177477 -24.430489 -1.252230
v -37.199342 -25.782384 -0.661866
v -36.263556 -27.071155 -0.101290
v -35.372282 -28.294481 0.431362
v -34.531537 -29.444744 0.931582
v -33.741951 -30.521761 1.394264
v -32.999808 -31.531220 1.822453
v -32.306999 -32.471103 2.221101
v -31.647108 -33.364269 2.599251
v -31.056836 -34.161301 2.943238
v -30.520783 -34.883643 3.269541
v -30.024516 -35.551263 3.582286
v -29.599400 -36.122087 3.870296
v -29.219341 -36.631760 4.148389
v -28.909905 -37.046058 4.407009
v -28.649382 -37.394551 4.651387
v -28.451514 -37.658911 4.882945
v -28.316545 -37.838969 5.100368
v -28.244656 -37.934618 5.302655
v -28.235936 -37.945796 5.489155
v -28.289601 -37.873600 5.653252
v -28.404737 -37.719218 5.788366
v -28.581097 -37.482917 5.893956
v -28.818265 -37.165109 5.969197
v -29.115682 -36.766373 6.013025
v -29.482562 -36.274022 6.012229
v -29.896578 -35.717931 5.975253
v -30.380715 -35.066695 5.888455
v -30.904868 -34.360681 5.757353
v -31.496634 -33.562084 5.563689
v -32.139619 -32.692641 5.313302
v -32.812214 -31.781295 5.007043
v -33.545940 -30.784642 4.621132
v -34.321047 -29.729026 4.163459
v -35.133953 -28.618801 3.629533
v -35.977737 -27.462935 3.023670
v -36.851976 -26.261505 2.352449
v -37.759719 -25.009787 1.615584
v -38.698479 -23.710679 0.812710
v -39.670161 -22.361007 -0.062964
v -40.661605 -20.978515 -1.001923
v -41.675900 -19.558497 -2.008636
v -42.712034 -18.101944 -3.088111
v -43.760673 -16.621564 -4.238403
v -44.822308 -15.116406 -5.461733
v -46.398768 -16.401429 -5.418341
v -45.226237 -18.076453 -4.633689
v -44.082336 -19.701475 -3.880401
v -42.971324 -21.271128 -3.166065
v -41.889752 -22.790943 -2.485383
v -40.842543 -24.254758 -1.838351
v -39.837526 -25.652492 -1.228818
v -38.865994 -26.997050 -0.649040
v -37.935801 -28.278370 -0.098557
v -37.049205 -29.494188 0.424478
v -36.212262 -30.637061 0.915658
v -35.425717 -31.706836 1.369935
v -34.686046 -32.709135 1.790266
v -33.995212 -33.642030 2.181542
v -33.337156 -34.527945 2.552554
v -32.748068 -35.318539 2.890109
v -32.212869 -36.034870 3.210336
v -31.717434 -36.696523 3.517204
v -31.292684 -37.262373 3.799914
v -30.912993 -37.767346 4.072902
v -30.603570 -38.177998 4.326918
v -30.343086 -38.523291 4.566978
v -30.145086 -38.785327 4.794580
v -30.009852 -38.963970 5.008431
v -29.937568 -39.059132 5.207542
v -29.928337 -39.070761 5.391274
v -29.981391 -38.999918 5.553107
v -30.095844 -38.847761 5.686552
v -30.271433 -38.614527 5.791078
v -30.507738 -38.300606 5.865870
v -30.804179 -37.906530 5.909877
v -31.169807 -37.419848 5.910129
v -31.582596 -36.869741 5.874814
v -32.065132 -36.225435 5.790635
v -32.587732 -35.526379 5.662831
v -33.177490 -34.735512 5.473592
v -33.818202 -33.874058 5.228573
v -34.488547 -32.970307 4.928446
v -35.219436 -31.981698 4.550011
v -35.991349 -30.933983 4.100903
v -36.800674 -29.831394 3.576671
v -37.640498 -28.682699 2.981517
v -38.510291 -27.487965 2.321933
v -39.412928 -26.242554 1.597677
v -40.345837 -24.949306 0.808375
v -41.310757 -23.605105 -0.052635
v -42.294656 -22.227404 -0.976091
v -43.300440 -20.811617 -1.966353
v -44.326983 -19.358756 -3.028351
v -45.365033 -17.881367 -4.160249
v -46.414965 -16.378590 -5.364208
v -47.958519 -17.704674 -5.293837
v -46.806240 -19.367555 -4.526814
v -45.680617 -20.980424 -3.790515
v -44.585981 -22.537943 -3.092356
v -43.519160 -24.045470 -2.427197
v -42.485117 -25.496932 -1.794994
v -41.491673 -26.882456 -1.199458
v -40.530502 -28.214643 -0.633104
v -39.609430 -29.483669 -0.095411
v -38.730821 -30.687343 0.415441
v -37.900745 -31.818428 0.895170
v -37.120084 -32.876815 1.338807
v -36.385521 -33.868033 1.749204
v -35.699085 -34.790254 2.131175
v -35.045167 -35.665380 2.493206
v -34.459281 -36.446361 2.822658
v -33.926756 -37.153788 3.135231
v -33.433832 -37.806779 3.434715
v -33.010864 -38.365348 3.710747
v -32.632803 -38.863547 3.977311
v -32.324401 -39.268875 4.225511
v -32.064801 -39.609549 4.460119
v -31.867308 -39.868194 4.682710
v -31.732221 -40.044709 4.892016
v -31.659743 -40.139021 5.087067
v -31.649989 -40.151096 5.267237
v -31.702212 -40.081955 5.426128
v -31.815554 -39.932711 5.557375
v -31.989743 -39.703576 5.660454
v -32.224346 -39.394905 5.734566
v -32.518773 -39.007185 5.778680
v -32.881867 -38.528255 5.780120
v -33.291995 -37.986457 5.746777
v -33.771236 -37.351787 5.665765
v -34.290456 -36.662582 5.542008
v -34.876132 -35.882701 5.358233
v -35.512306 -35.032743 5.119881
v -36.178029 -34.140214 4.827427
v -36.903463 -33.163572 4.458366
v -37.669401 -32.127870 4.020041
v -38.472198 -31.037187 3.508054
v -39.304975 -29.900047 2.926472
v -40.167087 -28.716509 2.281673
v -41.061210 -27.482038 1.573460
v -41.984692 -26.199402 0.801455
v -42.939079 -24.865553 -0.040849
v -43.911526 -23.497585 -0.944489
v -44.904713 -22.091042 -1.913693
v -45.917415 -20.646966 -2.953295
v -46.940487 -19.177685 -4.061580
v -47.974171 -17.682436 -5.240637
v -49.484907 -19.049471 -5.143062
v -48.358072 -20.694231 -4.397453
v -47.255667 -22.289110 -3.681784
v -46.182093 -23.828822 -3.003263
v -45.134478 -25.318520 -2.356934
v -44.117823 -26.752248 -1.742712
v -43.139914 -28.120380 -1.164148
v -42.192867 -29.435165 -0.614057
v -41.284448 -30.687054 -0.091853
v -40.417131 -31.873947 0.404251
v -39.596992 -32.988850 0.870118
v -38.825051 -34.031698 1.300880
v -38.098223 -35.007908 1.699267
v -37.418615 -35.915772 2.069997
v -36.771131 -36.776565 2.421208
v -36.190477 -37.544765 2.740885
v -35.662445 -38.240399 3.044228
v -35.173711 -38.882030 3.334819
v -34.753943 -39.431015 3.602795
v -34.378774 -39.920366 3.861615
v -34.072401 -40.318689 4.102787
v -33.814530 -40.653323 4.330810
v -33.618174 -40.907515 4.547334
v -33.483651 -41.081183 4.751122
v -33.411183 -41.174287 4.941227
v -33.400889 -41.186801 5.117042
v -33.452066 -41.119711 5.272316
v -33.563870 -40.974068 5.400835
v -33.736026 -40.750062 5.502086
v -33.968094 -40.448009 5.575288
v -34.259466 -40.068342 5.619434
v -34.618739 -39.599240 5.622203
v -35.024765 -39.068072 5.591143
v -35.499023 -38.445744 5.513846
v -36.013042 -37.769292 5.394885
v -36.592560 -37.003650 5.217613
v -37.221928 -36.168693 4.987225
v -37.880657 -35.291008 4.703985
v -38.598027 -34.330269 4.346200
v -39.355206 -33.310692 3.920874
v -40.148529 -32.236182 3.423683
v -40.971173 -31.114983 2.858535
v -41.822370 -29.947142 2.231668
v -42.704572 -28.728242 1.542935
v -43.615045 -27.460967 0.791950
v -44.555132 -26.142354 -0.027606
v -45.512208 -24.789053 -0.907116
v -46.488724 -23.396773 -1.850657
v -47.483329 -21.966571 -2.862943
v -48.487036 -20.510518 -3.942395
v -49.499930 -19.027949 -5.091022
v -50.977936 -20.435828 -4.966016
v -49.881734 -22.056482 -4.245606
v -48.807488 -23.627536 -3.554207
v -47.759660 -25.143765 -2.898787
v -46.735706 -26.610092 -2.274596
v -45.740663 -28.020707 -1.681507
v -44.782252 -29.366267 -1.122890
v -43.853084 -30.658611 -0.591900
v -42.960853 -31.888524 -0.087882
v -42.108135 -33.054000 0.390908
v -41.301000 -34.148325 0.840503
v -40.540614 -35.171483 1.256153
v -39.824159 -36.128764 1.640455
v -39.153806 -37.018587 1.998009
v -38.515058 -37.861509 2.336559
v -37.941653 -38.613753 2.644791
v -37.419938 -39.294703 2.937326
v -36.937069 -39.922277 3.217515
v -36.521916 -40.459368 3.476059
v -36.150901 -40.937797 3.725814
v -35.847570 -41.327441 3.958749
v -35.592277 -41.654621 4.179051
v -35.397687 -41.903286 4.388451
v -35.264143 -42.073393 4.585748
v -35.191886 -42.164929 4.770025
v -35.181043 -42.177880 4.940689
v -35.230948 -42.113183 5.091670
v -35.340786 -41.971830 5.216930
v -35.510279 -41.753982 5.315972
v -35.738978 -41.459914 5.388035
v -36.026256 -41.089996 5.432138
v -36.380430 -40.632806 5.436377
v -36.780915 -40.114594 5.407910
v -37.248498 -39.507313 5.334879
v -37.755488 -38.846506 5.221461
v -38.326770 -38.098358 5.051733
v -38.947071 -37.281912 4.830605
v -39.596435 -36.422697 4.558120
v -40.303123 -35.481786 4.213511
v -41.048763 -34.482448 3.803401
v -41.829667 -33.428381 3.323556
v -42.639090 -32.327506 2.777706
v -43.476137 -31.179861 2.171918
v -44.343010 -29.981164 1.506100
v -45.236895 -28.734001 0.779859
v -46.158910 -27.435506 -0.012906
v -47.096708 -26.101813 -0.863972
v -48.052471 -24.728810 -1.777244
v -49.024726 -23.317572 -2.757295
v -50.004674 -21.879863 -3.802695
v -50.992243 -20.415130 -4.915361
v -52.437602 -21.863738 -4.762701
v -51.377227 -23.454309 -4.071274
v -50.336081 -24.995700 -3.407785
v -49.318679 -26.482771 -2.778926
v -48.322846 -27.920187 -2.180182
v -47.353633 -29.302304 -1.611377
v -46.418685 -30.620113 -1.075683
v -45.511159 -31.884986 -0.566631
v -44.638644 -33.088080 -0.083498
v -43.803833 -34.227500 0.375412
v -43.012767 -35.296852 0.806323
v -42.266777 -36.296173 1.204627
v -41.563325 -37.230599 1.572769
v -40.904657 -38.098698 1.915212
v -40.276940 -38.920207 2.239259
v -39.712815 -39.653325 2.534376
v -39.199231 -40.316698 2.814525
v -38.723912 -40.927521 3.082805
v -38.314788 -41.450412 3.330539
v -37.949188 -41.915847 3.569908
v -37.649906 -42.295128 3.793394
v -37.398039 -42.613439 4.004842
v -37.205845 -42.855509 4.206062
v -37.073696 -43.021340 4.395896
v -37.001851 -43.110947 4.573459
v -36.990451 -43.124333 4.738178
v -37.038861 -43.062375 4.884191
v -37.146308 -42.926000 5.005663
v -37.312508 -42.715340 5.102114
v -37.536999 -42.430620 5.172808
v -37.819146 -42.072152 5.216794
v -38.166933 -41.628951 5.222643
v -38.560441 -41.126020 5.197081
v -39.019656 -40.536487 5.128862
v -39.517796 -39.894228 5.021737
v -40.078767 -39.166827 4.860590
v -40.687734 -38.372398 4.650022
v -41.325361 -37.535277 4.389833
v -42.018753 -36.618124 4.060299
v -42.750066 -35.643132 3.667623
v -43.515607 -34.613779 3.207675
v -44.308727 -33.537616 2.683985
v -45.128389 -32.414666 2.102423
v -45.976521 -31.240803 1.462955
v -46.850240 -30.018503 0.765183
v -47.750417 -28.745008 0.003251
v -48.665021 -27.435860 -0.815057
v -49.595952 -26.087152 -1.693455
v -50.541608 -24.699972 -2.636352
v -51.493407 -23.285724 -3.642480
v -52.451107 -21.843975 -4.713655
v -53.863910 -23.333206 -4.533115
v -52.844553 -24.887712 -3.874456
v -51.841444 -26.393603 -3.242518
v -50.859154 -27.845841 -2.643681
v -49.895895 -29.248805 -2.073691
v -48.956737 -30.597045 -1.532323
v -48.049215 -31.881921 -1.022528
v -47.167085 -33.114286 -0.538252
v -46.317820 -34.285718 -0.078702
v -45.504225 -35.394450 0.357764
v -44.732296 -36.434431 0.767580
v -44.003541 -37.405767 1.146301
v -43.315724 -38.313416 1.496208
v -42.671166 -39.156105 1.821605
v -42.056779 -39.952658 2.129309
v -41.503958 -40.663481 2.409639
v -41.000326 -41.306387 2.675824
v -40.534231 -41.897757 2.930687
v -40.132554 -42.404144 3.166234
v -39.773636 -42.854514 3.393898
v -39.479411 -43.221754 3.606723
v -39.231814 -43.529774 3.808183
v -39.042647 -43.764181 4.000168
v -38.912312 -43.925023 4.181566
v -38.841082 -44.012341 4.351529
v -38.829108 -44.026155 4.509510
v -38.875806 -43.967286 4.649878
v -38.980437 -43.836579 4.767034
v -39.142708 -43.634135 4.860511
v -39.362158 -43.360132 4.929605
v -39.638129 -43.014804 4.973400
v -39.978251 -42.587676 4.981001
v -40.363341 -42.102347 4.958653
v -40.812502 -41.533273 4.895796
v -41.299964 -40.912455 4.795713
v -41.848551 -40.209055 4.644187
v -42.443916 -39.440150 4.445474
v -43.067435 -38.628748 4.199122
v -43.744920 -37.739285 3.886565
v -44.459122 -36.792751 3.513539
v -45.206355 -35.792381 3.076039
v -45.980084 -34.745315 2.577371
v -46.779125 -33.651558 2.023184
v -47.605112 -32.507162 1.413502
v -48.455085 -31.314476 0.747922
v -49.329652 -30.070862 0.020865
v -50.217150 -28.791196 -0.760372
v -51.119170 -27.471800 -1.599289
v -52.033973 -26.113767 -2.500112
v -52.953230 -24.728097 -3.461750
v -53.876522 -23.314483 -4.485904
v -55.256853 -24.844228 -4.277260
v -54.283709 -26.356689 -3.655153
v -53.323579 -27.821246 -3.058405
v -52.381083 -29.232975 -2.493052
v -51.454859 -30.595948 -1.955124
v -50.549970 -31.904925 -1.444345
v -49.673842 -33.151691 -0.963424
v -48.820869 -34.346514 -0.506763
v -47.998384 -35.481443 -0.073493
v -47.209311 -36.554847 0.337962
v -46.459588 -37.561066 0.724273
v -45.750900 -38.500263 1.081176
v -45.081353 -39.377211 1.410772
v -44.453334 -40.190807 1.717188
v -43.854577 -40.958866 2.006708
v -43.315083 -41.644220 2.270581
v -42.823225 -42.263769 2.521225
v -42.368035 -42.832991 2.761161
v -41.975219 -43.320567 2.983144
v -41.624240 -43.753793 3.197783
v -41.336085 -44.107318 3.398736
v -41.093605 -44.403628 3.589075
v -40.908097 -44.629306 3.770767
v -40.779991 -44.784445 3.942756
v -40.709574 -44.869112 4.104236
v -40.697015 -44.883349 4.254684
v -40.741780 -44.827913 4.388732
v -40.843164 -44.703562 4.501040
v -41.000885 -44.510368 4.591164
v -41.214454 -44.248444 4.658427
v -41.483212 -43.917957 4.701956
v -41.814385 -43.508981 4.711451
v -42.189622 -43.043581 4.692628
v -42.627033 -42.497668 4.635681
v -43.101994 -41.901188 4.543389
v -43.636121 -41.225045 4.402523
v -44.215621 -40.485172 4.216963
v -44.822657 -39.703110 3.985990
v -45.481617 -38.845264 3.692309
v -46.175927 -37.931301 3.341150
v -46.901906 -36.964183 2.928647
v -47.653160 -35.950600 2.457865
v -48.428345 -34.890536 1.934201
v -49.228780 -33.780239 1.357740
v -50.051430 -32.621920 0.728075
v -50.896616 -31.413068 0.039935
v -51.753094 -30.167822 -0.699916
v -52.622124 -28.882754 -1.494746
v -53.501823 -27.558962 -2.348577
v -54.384148 -26.206985 -3.260504
v -55.268491 -24.826660 -4.232108
v -56.616440 -26.396808 -3.995134
v -55.694693 -27.861241 -3.413364
v -54.782485 -29.278628 -2.855447
v -53.884465 -30.644172 -2.327038
v -52.999733 -31.961613 -1.824481
v -52.133338 -33.225947 -1.347443
v -51.292560 -34.429419 -0.898371
v -50.472509 -35.581669 -0.472162
v -49.680336 -36.675253 -0.067872
v -48.919091 -37.708694 0.316008
v -48.194640 -38.676752 0.676403
v -47.508860 -39.579664 1.009251
v -46.860216 -40.421987 1.316461
v -46.251163 -41.202807 1.601961
v -45.670335 -41.938829 1.871457
v -45.146190 -42.595542 2.117201
v -44.667923 -43.188842 2.350727
v -44.225318 -43.733220 2.574229
v -43.842782 -44.199678 2.781270
v -43.501007 -44.613694 2.981563
v -43.219925 -44.951816 3.169434
v -42.983408 -45.235001 3.347516
v -42.802192 -45.450883 3.517860
v -42.676729 -45.599601 3.679468
v -42.607330 -45.681258 3.831580
v -42.594177 -45.695916 3.973701
v -42.636782 -45.644258 4.100753
v -42.734499 -45.526954 4.207684
v -42.887031 -45.344036 4.294071
v -43.093886 -45.095558 4.359274
v -43.354391 -44.781608 4.402463
v -43.675333 -44.392867 4.413991
v -44.039276 -43.949716 4.399005
v -44.463249 -43.429671 4.348516
v -44.923883 -42.860427 4.264764
v -45.441473 -42.214793 4.135597
v -46.002841 -41.507458 3.964488
v -46.591029 -40.758366 3.750434
v -47.228848 -39.936064 3.477530
v -47.900485 -39.058785 3.150455
v -48.602266 -38.129189 2.765501
v -49.327954 -37.153471 2.325467
v -50.076049 -36.131600 1.835472
v -50.847524 -35.060034 1.295668
v -51.639270 -33.940832 0.705643
v -52.451308 -32.771626 0.060463
v -53.272854 -31.565738 -0.633689
v -54.104812 -30.320012 -1.379826
v -54.945156 -29.035552 -2.181746
v -55.786159 -27.722388 -3.038743
v -56.627007 -26.380499 -3.952267
v -57.942662 -27.990943 -3.686738
v -57.077510 -29.401368 -3.149090
v -56.218162 -30.765748 -2.633644
v -55.369305 -32.079436 -2.145641
v -54.530515 -33.345799 -1.681763
v -53.706838 -34.560111 -1.241617
v -52.905379 -35.715112 -0.827369
v -52.122002 -36.819751 -0.434451
v -51.363677 -37.867150 -0.061838
v -50.633561 -38.855986 0.291901
v -49.937457 -39.781493 0.623968
v -49.277420 -40.643969 0.930527
v -48.652309 -41.447742 1.213275
v -48.064653 -42.192103 1.475925
v -47.504049 -42.892546 1.723555
v -46.997278 -43.517446 1.949500
v -46.534422 -44.081606 2.164330
v -46.106082 -44.598444 2.369889
v -45.735237 -45.041477 2.560612
v -45.403929 -45.434207 2.745239
v -45.130935 -45.755254 2.918815
v -44.901230 -46.023895 3.083507
v -44.724934 -46.228912 3.241447
v -44.602529 -46.370493 3.391702
v -44.534351 -46.448781 3.533560
v -44.520589 -46.463855 3.666559
v -44.560816 -46.416322 3.785940
v -44.654439 -46.306755 3.886964
v -44.801150 -46.135140 3.969233
v -45.000457 -45.901476 4.032146
v -45.251671 -45.605760 4.074921
v -45.561097 -45.239332 4.088624
v -45.912307 -44.820755 4.077785
v -46.321151 -44.329284 4.034302
v -46.765635 -43.790171 3.959840
v -47.264615 -43.178304 3.843410
v -47.805585 -42.507014 3.688049
v -48.372547 -41.794510 3.492455
v -48.986615 -41.011686 3.242229
v -49.632792 -40.175200 2.941454
v -50.307427 -39.287394 2.586600
v -51.004470 -38.353931 2.180177
v -51.722234 -37.374749 1.726999
v -52.461344 -36.346548 1.227287
v -53.218607 -35.271212 0.680627
v -53.993726 -34.146533 0.082448
v -54.776429 -32.984943 -0.561692
v -55.567238 -31.783576 -1.254530
v -56.363971 -30.543539 -1.999619
v -57.159262 -29.274303 -2.796468
v -57.952081 -27.976006 -3.646381
v -59.235527 -29.626635 -3.352072
v -58.432159 -30.977073 -2.862330
v -57.630613 -32.282611 -2.392995
v -56.835594 -33.538759 -1.948860
v -56.047210 -34.748510 -1.526968
v -55.270466 -35.907414 -1.126866
v -54.512292 -37.008763 -0.750419
v -53.769351 -38.060760 -0.393629
v -53.048399 -39.057127 -0.055392
v -52.352732 -39.996732 0.265641
v -51.688030 -40.875285 0.566970
v -51.056576 -41.693176 0.845004
v -50.457635 -42.454478 1.101215
v -49.893802 -43.158696 1.339078
v -49.355722 -43.820019 1.563003
v -48.868351 -44.409936 1.767477
v -48.422723 -44.942062 1.962034
v -48.010330 -45.428666 2.148142
v -47.652595 -45.845969 2.321169
v -47.333009 -46.215335 2.488810
v -47.069114 -46.517629 2.646881
v -46.847065 -46.770308 2.797049
v -46.676321 -46.963392 2.941528
v -46.557393 -47.097123 3.079456
v -46.490635 -47.171680 3.210176
v -46.476253 -47.187166 3.333261
v -46.513879 -47.144101 3.444294
v -46.602980 -47.042959 3.538881
v -46.743241 -46.883680 3.616651
v -46.934164 -46.666196 3.677043
v -47.175047 -46.390410 3.719330
v -47.471674 -46.048375 3.735348
v -47.808715 -45.656699 3.728967
v -48.200741 -45.196506 3.693040
v -48.627243 -44.690419 3.628614
v -49.105540 -44.115573 3.525962
v -49.623844 -43.483833 3.387646
v -50.167212 -42.811546 3.212054
v -50.754912 -42.072127 2.986405
v -51.372851 -41.280549 2.714149
v -52.017395 -40.438801 2.391944
v -52.682703 -39.551976 2.021995
v -53.366907 -38.619986 1.608781
v -54.070241 -37.639780 1.152597
v -54.789441 -36.613062 0.653024
v -55.523876 -35.537793 0.105890
v -56.263819 -34.425438 -0.483924
v -57.009393 -33.273443 -1.118858
v -57.758275 -32.082926 -1.802196
v -58.503455 -30.862731 -2.533676
v -59.243702 -29.613176 -3.314450
v -60.495024 -31.303880 -2.991136
v -59.758634 -32.588350 -2.553084
v -59.019830 -33.829207 -2.133500
v -58.283342 -35.022149 -1.736695
v -57.549819 -36.169746 -1.360096
v -56.824230 -37.267860 -1.003191
v -56.113300 -38.310375 -0.667520
v -55.414554 -39.304695 -0.349696
v -54.734514 -40.245194 -0.048533
v -54.076588 -41.130919 0.237229
v -53.446367 -41.958131 0.505408
v -52.846338 -42.727291 0.752681
v -52.276189 -43.442190 0.980280
v -51.738606 -44.102581 1.191422
v -51.225351 -44.721246 1.389800
v -50.759403 -45.273007 1.571133
v -50.332828 -45.770212 1.743839
v -49.938055 -46.223880 1.908987
v -49.594844 -46.613146 2.062941
v -49.288254 -46.957083 2.212276
v -49.034456 -47.238937 2.353631
v -48.820918 -47.474242 2.488141
v -48.656350 -47.654321 2.618103
v -48.541316 -47.779488 2.742732
v -48.476181 -47.849954 2.861429
v -48.461171 -47.865851 2.973804
v -48.495975 -47.827603 3.075815
v -48.580126 -47.735572 3.163435
v -48.713307 -47.589660 3.236324
v -48.895011 -47.389720 3.293965
v -49.124520 -47.135560 3.335690
v -49.407069 -46.820001 3.354164
v -49.728499 -46.457546 3.352551
v -50.102013 -46.031336 3.324728
v -50.508719 -45.561179 3.271089
v -50.964249 -45.026600 3.183252
v -51.457630 -44.437924 3.063279
v -51.975030 -43.809478 2.909230
v -52.533746 -43.117391 2.710059
v -53.120657 -42.374828 2.468537
v -53.732175 -41.583416 2.181533
v -54.362659 -40.747611 1.850921
v -55.010063 -39.867309 1.480819
v -55.674217 -38.939733 1.071598
v -56.351776 -37.966383 0.622837
v -57.041744 -36.945399 0.130789
v -57.735025 -35.887223 -0.400386
v -58.431292 -34.789620 -0.972809
v -59.128055 -33.653704 -1.589477
v -59.818745 -32.487676 -2.250370
v -60.501881 -31.292015 -2.956473
v -61.721166 -33.022685 -2.603929
v -61.056948 -34.235206 -2.221353
v -60.385818 -35.405543 -1.855160
v -59.712547 -36.529606 -1.509145
v -59.038339 -37.609504 -1.181149
v -58.368131 -38.641451 -0.870593
v -57.708401 -39.619947 -0.578672
v -57.057612 -40.551557 -0.302653
v -56.422012 -41.431344 -0.041261
v -55.805143 -42.258559 0.206663
v -55.212468 -43.030032 0.439282
v -54.646688 -43.746303 0.653559
v -54.107975 -44.410884 0.850469
v -53.599073 -45.023765 1.032956
v -53.112937 -45.596227 1.203946
v -52.670440 -46.106663 1.360468
v -52.264736 -46.566056 1.509745
v -51.889259 -46.984091 1.652426
v -51.561993 -47.343014 1.785929
v -51.269653 -47.659444 1.915637
v -51.026970 -47.919186 2.039065
v -50.822780 -48.135693 2.156782
v -50.665029 -48.301704 2.271172
v -50.554297 -48.417587 2.381530
v -50.490990 -48.483604 2.487319
v -50.475336 -48.499905 2.588191
v -50.507098 -48.466819 2.680502
v -50.585878 -48.384595 2.760625
v -50.711346 -48.253075 2.828251
v -50.882990 -48.072044 2.882912
v -51.100089 -47.841208 2.924000
v -51.367282 -47.554210 2.945072
v -51.671661 -47.223297 2.948537
v -52.024971 -46.833774 2.929366
v -52.410052 -46.402441 2.887263
v -52.840746 -45.911391 2.815282
v -53.306927 -45.369277 2.714949
v -53.795991 -44.788296 2.583984
v -54.323110 -44.147472 2.413191
v -54.876212 -43.458037 2.204620
v -55.451749 -42.721224 1.955367
v -56.044332 -41.940831 1.666954
v -56.651704 -41.116719 1.343112
v -57.273267 -40.246401 0.984289
v -57.905602 -39.331169 0.590064
v -58.547350 -38.369363 0.157145
v -59.190041 -37.370293 -0.311077
v -59.832922 -36.332098 -0.816383
v -60.473324 -35.255884 -1.361463
v -61.105129 -34.149136 -1.946548
v -61.726604 -33.012514 -2.572452
v -2.517405 -3.340296 0.755330
v -54.828490 -43.099628 1.050564
v -3.135150 -5.224521 -1.964536
v -2.490381 -5.015023 -1.683901
v -1.864919 -4.811798 -1.414709
v -1.261264 -4.615659 -1.160230
v -0.675869 -4.425452 -0.917711
v -0.111647 -4.242125 -0.687380
v 0.426198 -4.067369 -0.471238
v 0.945194 -3.898737 -0.265123
v 1.440139 -3.737919 -0.069317
v 1.910079 -3.585227 0.116956
v 2.351037 -3.441951 0.291660
v 2.763005 -3.308094 0.452956
v 3.149317 -3.182574 0.602487
v 3.509147 -3.065658 0.742204
v 3.855370 -2.953163 0.876574
v 4.160783 -2.853929 0.998332
v 4.437568 -2.763996 1.114872
v 4.696909 -2.679731 1.228388
v 4.915540 -2.608693 1.333203
v 5.113451 -2.544388 1.436131
v 5.271676 -2.492978 1.532503
v 5.406664 -2.449117 1.625085
v 5.508392 -2.416064 1.713954
v 5.576778 -2.393844 1.798583
v 5.611766 -2.382476 1.878570
v 5.613329 -2.381968 1.953656
v 5.582001 -2.392147 2.021150
v 5.518367 -2.412823 2.078375
v 5.422559 -2.443953 2.125108
v 5.294785 -2.485469 2.161008
v 5.135328 -2.537280 2.185632
v 4.936931 -2.601743 2.193481
v 4.716184 -2.673468 2.188529
v 4.455498 -2.758170 2.164531
v 4.177143 -2.848613 2.124749
v 3.859914 -2.951687 2.060787
v 3.515808 -3.063494 1.975462
v 3.160590 -3.178911 1.870201
v 2.769898 -3.305855 1.733859
v 2.358180 -3.439630 1.570430
v 1.927550 -3.579550 1.378238
v 1.482742 -3.724077 1.159369
v 1.023643 -3.873247 0.916381
v 0.547409 -4.027985 0.648800
v 0.055302 -4.187880 0.356504
v -0.454819 -4.353629 0.036430
v -0.973619 -4.522197 -0.306724
v -1.504100 -4.694561 -0.675203
v -2.046209 -4.870703 -1.071184
v -2.593588 -5.048557 -1.493296
v -3.147235 -5.228448 -1.942775
v -3.424137 -7.507276 -2.391705
v -2.644035 -7.248404 -2.049223
v -1.887157 -6.998014 -1.720577
v -1.156366 -6.756992 -1.409587
v -0.447633 -6.523960 -1.113124
v 0.235653 -6.299965 -0.831429
v 0.887492 -6.086893 -0.566800
v 1.516456 -5.881881 -0.314512
v 2.116512 -5.686821 -0.074835
v 2.686500 -5.502016 0.153128
v 3.221815 -5.328884 0.367012
v 3.722419 -5.167358 0.564616
v 4.192066 -5.016153 0.747796
v 4.629713 -4.875538 0.918842
v 5.050035 -4.740717 1.082889
v 5.421797 -4.621710 1.231631
v 5.758837 -4.513992 1.373645
v 6.073921 -4.413403 1.511452
v 6.340327 -4.328499 1.638510
v 6.580888 -4.251893 1.762739
v 6.773816 -4.190551 1.878729
v 6.937947 -4.138391 1.989674
v 7.061717 -4.099101 2.095711
v 7.145013 -4.072698 2.196220
v 7.187758 -4.059191 2.290727
v 7.189912 -4.058587 2.378928
v 7.152111 -4.070676 2.457672
v 7.075062 -4.095236 2.523825
v 6.958928 -4.132225 2.577127
v 6.803971 -4.181574 2.617180
v 6.610549 -4.243190 2.643470
v 6.370426 -4.319748 2.649548
v 6.102658 -4.405158 2.640043
v 5.787151 -4.505920 2.607695
v 5.449512 -4.613838 2.556232
v 5.065532 -4.736759 2.475913
v 4.649014 -4.870292 2.370011
v 4.218119 -5.008629 2.240059
v 3.745055 -5.160803 2.073186
v 3.246430 -5.321516 1.873984
v 2.724757 -5.490015 1.640475
v 2.185507 -5.664591 1.375060
v 1.628575 -5.845334 1.080759
v 1.050751 -6.033349 0.757076
v 0.453536 -6.228209 0.403875
v -0.165447 -6.430750 0.017619
v -0.795470 -6.637529 -0.396305
v -1.439921 -6.849701 -0.840453
v -2.098682 -7.067272 -1.317341
v -2.764414 -7.287875 -1.825446
v -3.438229 -7.511903 -2.366151
v -3.663293 -9.771144 -2.792603
v -2.755150 -9.465988 -2.392059
v -1.873933 -9.171329 -2.007600
v -1.022851 -8.888124 -1.643559
v -0.197427 -8.614792 -1.296460
v 0.598500 -8.352480 -0.966555
v 1.358182 -8.103262 -0.656414
v 2.091165 -7.863890 -0.360790
v 2.790636 -7.636450 -0.079940
v 3.455238 -7.421245 0.187148
v 4.079784 -7.219815 0.437801
v 4.664202 -7.032037 0.669477
v 5.212637 -6.856438 0.884230
v 5.723848 -6.693295 1.084670
v 6.214191 -6.537240 1.276552
v 6.648659 -6.399405 1.450609
v 7.042643 -6.274739 1.616520
v 7.410386 -6.158590 1.777109
v 7.721936 -6.060454 1.925033
v 8.002785 -5.972106 2.069242
v 8.228508 -5.901275 2.203639
v 8.420170 -5.841181 2.331814
v 8.564773 -5.795924 2.453962
v 8.662171 -5.765512 2.569378
v 8.712267 -5.749949 2.677521
v 8.715011 -5.749235 2.778043
v 8.671136 -5.763131 2.867361
v 8.581459 -5.791383 2.941912
v 8.446173 -5.833948 3.001401
v 8.265590 -5.890757 3.045377
v 8.040138 -5.961713 3.073258
v 7.760665 -6.049791 3.077707
v 7.448529 -6.148234 3.063959
v 7.081299 -6.264284 3.023809
v 6.687693 -6.388839 2.961415
v 6.240697 -6.530638 2.865778
v 5.755803 -6.684825 2.740595
v 5.253411 -6.844947 2.587494
v 4.702521 -7.021080 2.391990
v 4.121760 -7.207352 2.159232
v 3.514013 -7.402950 1.886956
v 2.885446 -7.605995 1.577858
v 2.235960 -7.816623 1.235392
v 1.562003 -8.036107 0.859044
v 0.865305 -8.263995 0.448660
v 0.143268 -8.501252 0.000264
v -0.592072 -8.744048 -0.480115
v -1.344462 -8.993698 -0.995326
v -2.113718 -9.250227 -1.548202
v -2.891579 -9.510985 -2.137081
v -3.679260 -9.776423 -2.763482
v -3.852618 -12.016125 -3.167232
v -2.823726 -11.667776 -2.712410
v -1.825247 -11.331740 -2.275777
v -0.860718 -11.009054 -1.862148
v 0.074749 -10.697950 -1.467719
v 0.976895 -10.399671 -1.092756
v 1.838269 -10.116476 -0.740079
v 2.669321 -9.844763 -0.403958
v 3.462509 -9.586806 -0.084633
v 4.216296 -9.342914 0.219014
v 4.924943 -9.114746 0.504026
v 5.588351 -8.902130 0.767538
v 6.211030 -8.703429 1.011789
v 6.791551 -8.518930 1.239689
v 7.347837 -8.342731 1.457566
v 7.841370 -8.187015 1.655265
v 8.288985 -8.046237 1.843495
v 8.706303 -7.915291 2.025359
v 9.060367 -7.804558 2.192772
v 9.379142 -7.705028 2.355640
v 9.635750 -7.625147 2.507234
v 9.853335 -7.557488 2.651503
v 10.017559 -7.506535 2.788707
v 10.128250 -7.472288 2.918057
v 10.185294 -7.454748 3.038951
v 10.188628 -7.453911 3.151000
v 10.139075 -7.469511 3.250217
v 10.037556 -7.501264 3.332636
v 9.884293 -7.549124 3.397930
v 9.679643 -7.613019 3.445598
v 9.424096 -7.692851 3.474998
v 9.107646 -7.791870 3.477957
v 8.753799 -7.902698 3.460278
v 8.337939 -8.033263 3.412874
v 7.891687 -8.173614 3.340297
v 7.385411 -8.333322 3.230382
v 6.836177 -8.507094 3.087216
v 6.266468 -8.687865 2.912507
v 5.642295 -8.886683 2.690272
v 4.984169 -9.097140 2.426174
v 4.295319 -9.318355 2.117683
v 3.582558 -9.548287 1.767764
v 2.845797 -9.787117 1.380281
v 2.081166 -10.036258 0.954702
v 1.290610 -10.295239 0.490859
v 0.471327 -10.565136 -0.015633
v -0.363425 -10.841752 -0.558155
v -1.217722 -11.126550 -1.139822
v -2.091318 -11.419568 -1.763767
v -2.975086 -11.717885 -2.428200
v -3.870330 -12.022007 -3.134768
v -3.992111 -14.242221 -3.515589
v -2.849763 -13.853766 -3.010275
v -1.741101 -13.479250 -2.525109
v -0.669969 -13.119782 -2.065352
v 0.368895 -12.773432 -1.626903
v 1.370837 -12.441537 -1.210033
v 2.327750 -12.126535 -0.817795
v 3.250923 -11.824500 -0.444014
v 4.132133 -11.537889 -0.088914
v 4.969672 -11.267022 0.248728
v 5.757292 -11.013674 0.565686
v 6.494867 -10.777640 0.858800
v 7.187246 -10.557128 1.130474
v 7.832823 -10.352441 1.383897
v 8.450973 -10.157191 1.625928
v 8.999929 -9.984538 1.845599
v 9.497863 -9.828486 2.054572
v 9.961674 -9.683508 2.256201
v 10.355620 -9.560810 2.441725
v 10.709958 -9.450658 2.621934
v 10.995545 -9.362169 2.789512
v 11.237442 -9.287311 2.948743
v 11.420076 -9.230931 3.099947
v 11.543253 -9.193025 3.242258
v 11.606838 -9.173588 3.375018
v 11.610762 -9.172618 3.497799
v 11.555929 -9.189818 3.606239
v 11.443356 -9.224877 3.695996
v 11.273289 -9.277749 3.766714
v 11.046129 -9.348358 3.817845
v 10.762421 -9.436603 3.848687
v 10.411371 -9.545986 3.850299
v 10.018466 -9.668549 3.828999
v 9.557072 -9.812857 3.774890
v 9.061492 -9.968163 3.692879
v 8.499674 -10.144814 3.569725
v 7.890134 -10.337098 3.409873
v 7.257287 -10.537383 3.215096
v 6.564378 -10.757616 2.968032
v 5.833656 -10.990878 2.674812
v 5.068675 -11.236229 2.332654
v 4.276845 -11.491470 1.944779
v 3.458087 -11.756813 1.515424
v 2.608241 -12.033802 1.044051
v 1.729450 -12.321940 0.530474
v 0.818729 -12.622402 -0.030073
v -0.109530 -12.930643 -0.630425
v -1.059703 -13.248259 -1.273942
v -2.031482 -13.575295 -1.964037
v -3.014932 -13.908576 -2.698804
v -4.011437 -14.248655 -3.480009
v -4.081773 -16.449428 -3.837677
v -2.833262 -16.023959 -3.285655
v -1.621491 -15.613858 -2.755595
v -0.450602 -15.220309 -2.253173
v 0.685011 -14.841239 -1.774011
v 1.780327 -14.478081 -1.318386
v 2.826628 -14.133439 -0.889563
v 3.835971 -13.803102 -0.480961
v 4.799507 -13.489700 -0.092781
v 5.715367 -13.193570 0.276289
v 6.576832 -12.916602 0.622784
v 7.383751 -12.658564 0.943262
v 8.141282 -12.417532 1.240283
v 8.847662 -12.193829 1.517296
v 9.523599 -11.980621 1.781640
v 10.124336 -11.791976 2.021612
v 10.669278 -11.621487 2.249750
v 11.176497 -11.463239 2.469636
v 11.607694 -11.329210 2.671895
v 11.995235 -11.208996 2.868123
v 12.307890 -11.112340 3.050475
v 12.572490 -11.030651 3.223533
v 12.772325 -10.969114 3.387680
v 12.907177 -10.927722 3.541981
v 12.976899 -10.906471 3.685722
v 12.981412 -10.905353 3.818441
v 12.921698 -10.924049 3.935428
v 12.798857 -10.962223 4.031993
v 12.613161 -11.019826 4.107753
v 12.365048 -11.096776 4.162117
v 12.055114 -11.192968 4.194328
v 11.671839 -11.312140 4.194732
v 11.242530 -11.445786 4.170122
v 10.738698 -11.603067 4.109857
v 10.197110 -11.772487 4.019161
v 9.583484 -11.965112 3.883807
v 8.917676 -12.174838 3.708566
v 8.225871 -12.393500 3.495264
v 7.468769 -12.633874 3.225269
v 6.670223 -12.888568 2.905143
v 5.834080 -13.156573 2.531871
v 4.968305 -13.435542 2.108901
v 4.072830 -13.725712 1.640824
v 3.143226 -14.028741 1.127091
v 2.181826 -14.344100 0.567503
v 1.185474 -14.673048 -0.043056
v 0.169615 -15.010720 -0.696923
v -0.870404 -15.358824 -1.397685
v -1.934210 -15.717407 -2.149010
v -3.011118 -16.083059 -2.948893
v -4.102582 -16.456368 -3.799205
v -4.121604 -18.637751 -4.133495
v -2.774221 -18.178354 -3.538549
v -1.466421 -17.735563 -2.967236
v -0.202619 -17.310634 -2.425609
v 1.023098 -16.901370 -1.909042
v 2.205364 -16.509300 -1.417815
v 3.334901 -16.137188 -0.955381
v 4.424466 -15.780568 -0.514796
v 5.464631 -15.442238 -0.096237
v 6.453380 -15.122557 0.301697
v 7.383562 -14.823529 0.675317
v 8.255002 -14.544903 1.020925
v 9.073141 -14.284643 1.341218
v 9.836070 -14.043094 1.639885
v 10.565716 -13.813019 1.924702
v 11.214591 -13.609328 2.183304
v 11.803229 -13.425238 2.429029
v 12.350773 -13.254484 2.665663
v 12.816591 -13.109759 2.883280
v 13.234973 -12.980043 3.094207
v 13.572787 -12.875659 3.290122
v 13.858479 -12.787507 3.475873
v 14.074303 -12.721084 3.651906
v 14.220024 -12.676382 3.817224
v 14.295478 -12.653395 3.971061
v 14.300579 -12.652117 4.112926
v 14.236381 -12.672206 4.237783
v 14.104060 -12.713302 4.340627
v 13.903909 -12.775353 4.421047
v 13.636399 -12.858274 4.478415
v 13.302174 -12.961946 4.511919
v 12.889050 -13.090330 4.511257
v 12.425993 -13.234411 4.483648
v 11.882817 -13.403891 4.417774
v 11.298539 -13.586586 4.319142
v 10.636844 -13.794216 4.172627
v 9.918800 -14.020313 3.983295
v 9.172219 -14.256217 3.753008
v 8.355469 -14.515461 3.461983
v 7.493869 -14.790209 3.117170
v 6.591535 -15.079386 2.715333
v 5.656939 -15.380504 2.260130
v 4.690026 -15.693815 1.756478
v 3.686122 -16.021074 1.203821
v 2.647737 -16.361718 0.601947
v 1.571561 -16.717075 -0.054583
v 0.474007 -17.081982 -0.757651
v -0.649826 -17.458244 -1.511052
v -1.799501 -17.845905 -2.318688
v -2.963645 -18.241334 -3.178467
v -4.143764 -18.645145 -4.092356
v -4.111603 -20.807185 -4.403042
v -2.672642 -20.316954 -3.768957
v -1.275890 -19.844366 -3.160032
v 0.073982 -19.390757 -2.582661
v 1.383155 -18.953827 -2.031998
v 2.645948 -18.535194 -1.508320
v 3.852570 -18.137780 -1.015252
v 5.016407 -17.756899 -0.545521
v 6.127506 -17.395504 -0.099279
v 7.183712 -17.053983 0.324952
v 8.177483 -16.734454 0.723286
v 9.108621 -16.436658 1.091788
v 9.982822 -16.158461 1.433278
v 10.798046 -15.900237 1.751664
v 11.577322 -15.654385 2.055112
v 12.270695 -15.436593 2.330674
v 12.899718 -15.239742 2.592408
v 13.484502 -15.057245 2.844284
v 13.982308 -14.902456 3.075880
v 14.429170 -14.763798 3.300186
v 14.790236 -14.652130 3.508452
v 15.095411 -14.557881 3.705762
v 15.326013 -14.486840 3.892627
v 15.481792 -14.439002 4.067989
v 15.562574 -14.414361 4.231038
v 15.568264 -14.412911 4.381252
v 15.499978 -14.434288 4.513305
v 15.358964 -14.478115 4.621898
v 15.145531 -14.544333 4.706596
v 14.860184 -14.632848 4.766737
v 14.503603 -14.743538 4.801462
v 14.063004 -14.880557 4.799874
v 13.568852 -15.034422 4.769576
v 12.989429 -15.215330 4.698642
v 12.365781 -15.410461 4.592823
v 11.659751 -15.632125 4.436187
v 10.893510 -15.873523 4.234060
v 10.096330 -16.125535 3.988330
v 9.224478 -16.402375 3.678175
v 8.304593 -16.695801 3.310890
v 7.341039 -17.004669 2.883040
v 6.342748 -17.326356 2.398468
v 5.309674 -17.661120 1.862388
v 4.236930 -18.010800 1.274243
v 3.127183 -18.374792 0.633806
v 1.976993 -18.754484 -0.064652
v 0.803649 -19.144433 -0.812608
v -0.397967 -19.546523 -1.614041
v -1.627357 -19.960787 -2.473070
v -2.872512 -20.383398 -3.387526
v -4.134985 -20.814987 -4.359462
v -4.051772 -22.957734 -4.646320
v -2.528523 -22.439755 -3.976880
v -1.049896 -21.940267 -3.333982
v 0.379199 -21.460678 -2.724329
v 1.765183 -20.998609 -2.142877
v 3.102080 -20.555765 -1.589900
v 4.379636 -20.135219 -1.069173
v 5.611795 -19.732095 -0.573135
v 6.788130 -19.349497 -0.101909
v 7.906362 -18.987848 0.346054
v 8.958595 -18.649379 0.766692
v 9.944606 -18.333827 1.155852
v 10.870325 -18.038983 1.516464
v 11.733590 -17.765258 1.852633
v 12.558418 -17.504720 2.172873
v 13.292647 -17.273773 2.463723
v 13.958741 -17.064995 2.739889
v 14.577682 -16.871518 3.005497
v 15.104849 -16.707302 3.249696
v 15.577827 -16.560261 3.486061
v 15.960236 -16.441748 3.705467
v 16.283282 -16.341770 3.913202
v 16.527455 -16.266382 4.109842
v 16.692483 -16.215583 4.294275
v 16.778186 -16.189367 4.465651
v 16.784467 -16.187733 4.623421
v 16.712491 -16.210298 4.761993
v 16.563570 -16.256661 4.875806
v 16.338030 -16.326761 4.964401
v 16.036402 -16.420502 5.027083
v 15.659400 -16.537745 5.062954
v 15.193701 -16.682821 5.060582
v 14.671110 -16.845820 5.027906
v 14.058534 -17.037382 4.952461
v 13.398834 -17.244108 4.840204
v 12.652207 -17.478843 4.674485
v 11.841803 -17.734468 4.460862
v 10.998205 -18.001452 4.201229
v 10.075795 -18.294617 3.873845
v 9.102396 -18.605342 3.486306
v 8.082593 -18.932421 3.034992
v 7.025729 -19.273097 2.523913
v 5.931775 -19.627628 1.958553
v 4.795648 -19.997921 1.338355
v 3.620165 -20.383326 0.663079
v 2.401767 -20.785274 -0.073264
v 1.158540 -21.198067 -0.861795
v -0.114828 -21.623656 -1.706655
v -1.417775 -22.062057 -2.612156
v -2.737719 -22.509253 -3.576069
v -4.076244 -22.965891 -4.600523
v -3.942109 -25.089395 -4.863327
v -2.341866 -24.546760 -4.162317
v -0.788441 -24.023266 -3.489087
v 0.713034 -23.520398 -2.850613
v 2.169180 -23.035714 -2.241680
v 3.573759 -22.571012 -1.662557
v 4.916096 -22.129501 -1.117146
v 6.210630 -21.706154 -0.597638
v 7.446505 -21.304217 -0.104127
v 8.621331 -20.924154 0.365004
v 9.726896 -20.568301 0.805534
v 10.762960 -20.236413 1.213116
v 11.735650 -19.926214 1.590774
v 12.642703 -19.638153 1.942793
v 13.509005 -19.364025 2.277982
v 14.280447 -19.120867 2.582451
v 14.980302 -18.901001 2.871471
v 15.630318 -18.697308 3.149303
v 16.184211 -18.524297 3.404727
v 16.680945 -18.369434 3.651831
v 17.082787 -18.244517 3.881167
v 17.422097 -18.139176 4.098192
v 17.678626 -18.059711 4.303551
v 17.852096 -18.006125 4.496082
v 17.942317 -17.978417 4.674900
v 17.949185 -17.976585 4.839433
v 17.873917 -18.000231 4.983849
v 17.717877 -18.048939 5.102350
v 17.481405 -18.122643 5.194460
v 17.165052 -18.221233 5.259455
v 16.769564 -18.344565 5.296398
v 16.281141 -18.497122 5.293382
v 15.732765 -18.668606 5.258639
v 15.090132 -18.870052 5.179231
v 14.397700 -19.087532 5.061285
v 13.614210 -19.334364 4.887522
v 12.763679 -19.603149 4.663700
v 11.877844 -19.883968 4.391705
v 10.909421 -20.192186 4.048992
v 9.887279 -20.518837 3.643415
v 8.816197 -20.862643 3.171189
v 7.705885 -21.220728 2.636467
v 6.556328 -21.593339 2.044973
v 5.362277 -21.982435 1.396158
v 4.126682 -22.387317 0.689767
v 2.845884 -22.809446 -0.080419
v 1.538679 -23.242889 -0.905211
v 0.199591 -23.689647 -1.788891
v -1.170758 -24.149711 -2.735946
v -2.559266 -24.618900 -3.744097
v -3.967540 -25.097862 -4.815538
v -3.782615 -27.202170 -5.054064
v -2.112671 -26.637967 -4.325269
v -0.491524 -26.093363 -3.625346
v 1.075485 -25.569916 -2.961513
v 2.595147 -25.065144 -2.328408
v 4.060986 -24.580936 -1.726289
v 5.461953 -24.120630 -1.159170
v 6.812910 -23.679078 -0.619030
v 8.102630 -23.259664 -0.105932
v 9.328618 -22.862899 0.381801
v 10.482388 -22.491223 0.839812
v 11.563680 -22.144412 1.263581
v 12.578797 -21.820150 1.656210
v 13.525383 -21.518927 2.022143
v 14.429083 -21.232299 2.370442
v 15.234096 -20.977875 2.686857
v 15.964399 -20.747755 2.987154
v 16.642404 -20.534612 3.275701
v 17.220394 -20.353440 3.540974
v 17.738522 -20.191315 3.797496
v 18.157889 -20.060433 4.035550
v 18.511852 -19.950098 4.260732
v 18.779529 -19.866827 4.473753
v 18.960631 -19.810628 4.673411
v 19.054964 -19.781508 4.858786
v 19.062420 -19.779464 5.029286
v 18.984258 -19.804091 5.178871
v 18.821886 -19.854951 5.301531
v 18.575656 -19.931974 5.396775
v 18.246135 -20.035043 5.463852
v 17.834097 -20.163999 5.501792
v 17.325325 -20.323461 5.498273
v 16.753818 -20.502779 5.461774
v 16.084224 -20.713334 5.378952
v 15.362378 -20.940729 5.256065
v 14.545763 -21.198695 5.075297
v 13.659141 -21.479566 4.842574
v 12.735246 -21.773083 4.559758
v 11.725355 -22.095082 4.203617
v 10.659241 -22.436281 3.782220
v 9.541850 -22.795334 3.291631
v 8.383214 -23.169247 2.736128
v 7.183334 -23.558253 2.121649
v 5.936818 -23.964342 1.447652
v 4.646735 -24.386768 0.713870
v 3.309345 -24.826998 -0.086118
v 1.944066 -25.278895 -0.942856
v 0.545290 -25.744491 -1.860751
v -0.886304 -26.223753 -2.844440
v -2.337154 -26.712338 -3.891610
v -3.808874 -27.210897 -5.004508
v -3.573289 -29.296058 -5.218531
v -1.840935 -28.713378 -4.465735
v -0.159145 -28.150558 -3.742760
v 1.466554 -27.609233 -3.057029
v 3.043085 -27.086899 -2.403059
v 4.563760 -26.585534 -1.781097
v 6.017205 -26.108602 -1.195245
v 7.418638 -25.650868 -0.637312
v 8.756506 -25.215840 -0.107324
v 10.028224 -24.804082 0.396444
v 11.225071 -24.418143 0.869526
v 12.346768 -24.057828 1.307247
v 13.399765 -23.720793 1.712771
v 14.381633 -23.407579 2.090683
v 15.318650 -23.109539 2.450250
v 16.153593 -22.844798 2.776942
v 16.911033 -22.605262 3.086938
v 17.613944 -22.383431 3.384692
v 18.213400 -22.194732 3.658437
v 18.750560 -22.025904 3.923057
v 19.185544 -21.889501 4.168617
v 19.552549 -21.774538 4.400823
v 19.830162 -21.687729 4.620450
v 20.018089 -21.629092 4.826261
v 20.116129 -21.598639 5.017309
v 20.124174 -21.596374 5.192983
v 20.043514 -21.621876 5.347059
v 19.875597 -21.674697 5.473349
v 19.620782 -21.754756 5.571345
v 19.279652 -21.861932 5.640274
v 18.852998 -21.996047 5.679138
v 18.326252 -22.161835 5.675257
v 17.734269 -22.348338 5.637311
v 17.040807 -22.567232 5.551624
v 16.292868 -22.803702 5.424545
v 15.446863 -23.071829 5.237812
v 14.528185 -23.363717 4.997483
v 13.570413 -23.668800 4.705389
v 12.523598 -24.003307 4.337719
v 11.418281 -24.357675 3.902718
v 10.259553 -24.730495 3.396319
v 9.057718 -25.118656 2.822897
v 7.812792 -25.522369 2.188580
v 6.519269 -25.943645 1.492836
v 5.180323 -26.381675 0.735388
v 3.792149 -26.837932 -0.090359
v 2.374704 -27.306089 -0.974731
v 0.922268 -27.788194 -1.922234
v -0.564415 -28.284178 -2.937639
v -2.071382 -28.789566 -4.018608
v -3.600246 -29.304996 -5.167434
v -3.314133 -31.371060 -5.356728
v -1.526661 -30.772990 -4.583716
v 0.208694 -30.194850 -3.841328
v 1.886239 -29.638347 -3.137161
v 3.512995 -29.100980 -2.465633
v 5.082082 -28.584809 -1.826981
v 6.581854 -28.093421 -1.225371
v 8.027812 -27.621521 -0.652483
v 9.408131 -27.172741 -0.108304
v 10.720149 -26.747706 0.408936
v 11.954944 -26.349062 0.894676
v 13.112222 -25.976657 1.344113
v 14.198556 -25.628142 1.760457
v 15.211450 -25.304107 2.148412
v 16.177707 -24.995750 2.517408
v 17.038938 -24.721633 2.852705
v 17.820204 -24.473522 3.170823
v 18.544936 -24.243764 3.476276
v 19.163226 -24.048172 3.757115
v 19.717058 -23.873201 4.028512
v 20.165749 -23.731716 4.280369
v 20.544186 -23.612493 4.518463
v 20.830527 -23.522417 4.743640
v 21.024469 -23.461517 4.954632
v 21.125811 -23.429814 5.150467
v 21.134443 -23.427313 5.330521
v 21.051684 -23.453587 5.488414
v 20.879009 -23.508175 5.617804
v 20.616784 -23.590990 5.718171
v 20.265601 -23.701897 5.788721
v 19.826266 -23.840707 5.828433
v 19.283922 -24.012247 5.824332
v 18.674118 -24.205284 5.785251
v 17.959885 -24.431745 5.697246
v 17.189170 -24.676448 5.566725
v 16.317512 -24.953770 5.375065
v 15.370814 -25.255605 5.128430
v 14.383342 -25.571114 4.828597
v 13.304149 -25.916857 4.451300
v 12.164400 -26.283023 4.004911
v 10.969305 -26.668126 3.485251
v 9.729395 -27.068955 2.896774
v 8.444703 -27.485689 2.245766
v 7.109631 -27.920339 1.531712
v 5.727447 -28.372039 0.754320
v 4.294296 -28.842248 -0.093143
v 2.830589 -29.324468 -1.000835
v 1.330527 -29.820752 -1.973341
v -0.205088 -30.330990 -3.015541
v -1.761950 -30.850585 -4.125091
v -3.341656 -31.380158 -5.304314
v -3.005146 -33.427174 -5.468655
v -1.169849 -32.816807 -4.679211
v 0.611996 -32.226241 -3.921051
v 2.334543 -31.657260 -3.201909
v 4.004872 -31.107383 -2.516132
v 5.615950 -30.578758 -1.863941
v 7.155897 -30.075082 -1.249549
v 8.640432 -29.591039 -0.664544
v 10.057507 -29.130371 -0.108871
v 11.404392 -28.693768 0.419274
v 12.672008 -28.283980 0.915263
v 13.860045 -27.900904 1.374180
v 14.975169 -27.542198 1.799268
v 16.014835 -27.208511 2.195333
v 17.006255 -26.890930 2.571916
v 17.890132 -26.608384 2.914146
v 18.691910 -26.352531 3.238809
v 19.435382 -26.115611 3.550453
v 20.069876 -25.913761 3.837008
v 20.638015 -25.733207 4.113863
v 21.098506 -25.587082 4.370804
v 21.486766 -25.463965 4.613653
v 21.780622 -25.370892 4.843325
v 21.979771 -25.307905 5.058525
v 22.084010 -25.275029 5.258263
v 22.093230 -25.272281 5.441902
v 22.008768 -25.299223 5.602936
v 21.832123 -25.355386 5.734896
v 21.563662 -25.440675 5.837251
v 21.203984 -25.554942 5.909193
v 20.753903 -25.697983 5.949680
v 20.198335 -25.874696 5.945498
v 19.573364 -26.073618 5.905593
v 18.841456 -26.306873 5.815819
v 18.051284 -26.558970 5.682604
v 17.157710 -26.844519 5.487058
v 16.187026 -27.155228 5.235412
v 15.174036 -27.480029 4.929382
v 14.067009 -27.835737 4.544357
v 12.897599 -28.212320 4.088799
v 11.671107 -28.608226 3.558429
v 10.398246 -29.020145 2.957758
v 9.079067 -29.448213 2.293208
v 7.707905 -29.894428 1.564278
v 6.288106 -30.357863 0.770667
v 4.815787 -30.839945 -0.094470
v 3.311723 -31.334033 -1.021168
v 1.770065 -31.842168 -2.014071
v 0.191674 -32.364187 -3.078148
v -1.408858 -32.895397 -4.211058
v -3.033104 -33.436384 -5.415150
v -2.646327 -35.464401 -5.554311
v -0.770497 -34.844827 -4.752220
v 1.050760 -34.244730 -3.981929
v 2.811462 -33.665973 -3.251272
v 4.518721 -33.106113 -2.554555
v 6.165366 -32.567387 -1.891977
v 7.739337 -32.053590 -1.267779
v 9.256499 -31.559423 -0.673493
v 10.704633 -31.088727 -0.109026
v 12.080954 -30.642272 0.427459
v 13.376261 -30.222897 0.931286
v 14.590234 -29.830563 1.397447
v 15.729603 -29.462959 1.829205
v 16.791789 -29.120794 2.231443
v 17.804292 -28.795077 2.613772
v 18.707173 -28.505046 2.961267
v 19.526154 -28.242292 3.290896
v 20.285280 -27.998974 3.607222
v 20.933346 -27.791497 3.898117
v 21.513433 -27.605920 4.179110
v 21.983814 -27.455594 4.439924
v 22.380287 -27.328954 4.686393
v 22.680449 -27.233155 4.919503
v 22.883995 -27.168254 5.137938
v 22.990727 -27.134289 5.340695
v 23.000535 -27.131278 5.527125
v 22.914768 -27.158785 5.690624
v 22.734938 -27.216329 5.824624
v 22.461416 -27.303810 5.928586
v 22.094799 -27.421065 6.001690
v 21.635907 -27.567870 6.042877
v 21.069491 -27.749182 6.038756
v 20.432008 -27.953337 5.998337
v 19.685519 -28.192617 5.907343
v 18.879210 -28.451266 5.772183
v 17.967456 -28.744075 5.573789
v 16.976822 -29.062586 5.318430
v 15.942493 -29.395544 5.007745
v 14.812178 -29.759945 4.616892
v 13.617875 -30.145567 4.154382
v 12.364959 -30.550795 3.615851
v 11.064271 -30.972223 3.005851
v 9.715884 -31.409939 2.330905
v 8.314089 -31.865911 1.590535
v 6.862300 -32.339143 0.784429
v 5.356620 -32.831023 -0.094340
v 3.818106 -33.334783 -1.035731
v 2.240885 -33.852440 -2.044425
v 0.625873 -34.383771 -3.125459
v -1.012107 -34.923997 -4.276510
v -2.674590 -35.473676 -5.499939
v -2.237677 -37.482743 -5.613697
v -0.328606 -36.857049 -4.802744
v 1.524983 -36.250314 -4.023961
v 3.316998 -35.664479 -3.285252
v 5.054541 -35.097169 -2.580902
v 6.730330 -34.550687 -1.911089
v 8.332173 -34.028941 -1.280059
v 9.876012 -33.526668 -0.679332
v 11.349509 -33.047811 -0.108768
v 12.749834 -32.593211 0.433492
v 14.067706 -32.165811 0.942744
v 15.302791 -31.765639 1.413915
v 16.461859 -31.390426 1.850266
v 17.542311 -31.040955 2.256744
v 18.571820 -30.708196 2.642979
v 19.490064 -30.411625 2.994066
v 20.322932 -30.142803 3.327084
v 21.094630 -29.893852 3.646585
v 21.753639 -29.681383 3.940442
v 22.343311 -29.491343 4.224252
v 22.821674 -29.337258 4.487728
v 23.224751 -29.207461 4.736684
v 23.530005 -29.109201 4.972175
v 23.737141 -29.042560 5.192873
v 23.845961 -29.007587 5.397764
v 23.856355 -29.004302 5.586191
v 23.769682 -29.032272 5.751479
v 23.587455 -29.091007 5.886989
v 23.310046 -29.180397 5.992177
v 22.938049 -29.300267 6.066212
v 22.472279 -29.450374 6.108025
v 21.897390 -29.635703 6.104106
v 21.250050 -29.844444 6.063484
v 20.492075 -30.088972 5.971818
v 19.672949 -30.353337 5.835463
v 18.746749 -30.652433 5.635258
v 17.740203 -30.977679 5.377485
v 16.688714 -31.317659 5.063685
v 15.539655 -31.689479 4.668905
v 14.325231 -32.082766 4.201658
v 13.050860 -32.495835 3.657519
v 11.727471 -32.925193 3.041051
v 10.355153 -33.370869 2.358857
v 8.928185 -33.834788 1.610483
v 7.450030 -34.315884 0.795606
v 5.916797 -34.815481 -0.092753
v 4.349738 -35.326723 -1.044523
v 2.742982 -35.851566 -2.064401
v 1.097508 -36.389738 -3.157474
v -0.571696 -36.936391 -4.321447
v -2.266113 -37.492031 -5.558685
v -1.779196 -39.482199 -5.646813
v 0.155823 -38.853473 -4.830782
v 2.034670 -38.242999 -4.047148
v 3.851152 -37.652788 -3.303848
v 5.612330 -37.080547 -2.595172
v 7.310841 -36.528667 -1.921276
v 8.934404 -36.001139 -1.286391
v 10.498972 -35.492780 -0.682060
v 11.992136 -35.007622 -0.108098
v 13.411033 -34.546594 0.437372
v 14.746341 -34.112727 0.949639
v 15.997715 -33.706131 1.423584
v 17.171938 -33.324602 1.862453
v 18.266401 -32.968990 2.271235
v 19.308839 -32.630281 2.659534
v 20.238802 -32.328118 3.012543
v 21.082249 -32.054065 3.347374
v 21.863434 -31.800243 3.668539
v 22.530753 -31.583418 3.963982
v 23.127649 -31.389474 4.249289
v 23.612085 -31.232072 4.514216
v 24.020155 -31.099482 4.764524
v 24.329293 -30.999037 5.001341
v 24.539210 -30.930831 5.223330
v 24.649712 -30.894926 5.429469
v 24.660693 -30.891358 5.619099
v 24.573510 -30.919686 5.785500
v 24.389674 -30.979418 5.921991
v 24.109550 -31.070436 6.028022
v 23.733730 -31.192547 6.102759
v 23.263019 -31.345490 6.145123
v 22.682032 -31.534264 6.141547
v 22.027489 -31.746938 6.101033
v 21.261124 -31.995945 6.009244
v 20.432499 -32.265182 5.872441
v 19.495591 -32.569602 5.671467
v 18.477167 -32.900508 5.412576
v 17.412700 -33.246374 5.097202
v 16.249440 -33.624340 4.700395
v 15.019667 -34.023918 4.230629
v 13.728810 -34.443342 3.683431
v 12.387843 -34.879049 3.063359
v 10.996875 -35.331002 2.377065
v 9.550191 -35.801058 1.624121
v 8.051295 -36.288079 0.804197
v 6.496316 -36.793322 -0.089710
v 4.906618 -37.309846 -1.047544
v 3.276361 -37.839549 -2.074002
v 1.606580 -38.382094 -3.174193
v -0.087625 -38.932574 -4.345869
v -1.807675 -39.491452 -5.591384
v -1.270882 -41.462768 -5.653659
v 0.682791 -40.834102 -4.836335
v 2.579819 -40.222782 -4.051489
v 4.413923 -39.630893 -3.307059
v 6.192090 -39.056252 -2.597366
v 7.906900 -38.501322 -1.922539
v 9.546031 -37.970180 -1.286774
v 11.125379 -37.457757 -0.681678
v 12.632512 -36.968160 -0.107015
v 14.064550 -36.502413 0.439098
v 15.412166 -36.063640 0.951971
v 16.675006 -35.652035 1.426453
v 17.859838 -35.265483 1.865765
v 18.964059 -34.904903 2.274916
v 20.015347 -34.561338 2.663439
v 20.953389 -34.254524 3.016699
v 21.804102 -33.976081 3.351764
v 22.591689 -33.718149 3.673087
v 23.264689 -33.497601 3.968737
v 23.866447 -33.300313 4.254221
v 24.355047 -33.140033 4.519388
v 24.766501 -33.005020 4.769915
v 25.078312 -32.902659 5.007001
v 25.290200 -32.833063 5.229308
v 25.401980 -32.796310 5.435811
v 25.413548 -32.792443 5.625849
v 25.326252 -32.821024 5.792688
v 25.141594 -32.881560 5.929629
v 24.859931 -32.973924 6.036123
v 24.481844 -33.097903 6.111331
v 24.008126 -33.253219 6.154173
v 23.423417 -33.444859 6.151080
v 22.764325 -33.660820 6.110985
v 21.992667 -33.913533 6.019620
v 21.157862 -34.186803 5.883120
v 20.213982 -34.495574 5.682414
v 19.187716 -34.831074 5.423703
v 18.114448 -35.181689 5.108296
v 16.941534 -35.564528 4.711363
v 15.701182 -35.969019 4.241295
v 14.398811 -36.393320 3.693589
v 13.045389 -36.833796 3.072775
v 11.641050 -37.290338 2.385528
v 10.180108 -37.764722 1.631451
v 8.666095 -38.255732 0.810203
v 7.095180 -38.764545 -0.085209
v 5.488747 -39.284156 -1.044795
v 3.841020 -39.816390 -2.073225
v 2.153087 -40.360834 -3.175616
v 0.440106 -40.912550 -4.349775
v -1.299273 -41.471937 -5.598040
v -0.712740 -43.424447 -5.634235
v 1.252298 -42.798931 -4.819402
v 3.160428 -42.189660 -4.036985
v 5.005311 -41.598796 -3.294887
v 6.793819 -41.024277 -2.587485
v 8.518505 -40.468653 -1.914879
v 10.167054 -39.936068 -1.281208
v 11.755232 -39.421598 -0.678185
v 13.270639 -38.929425 -0.105519
v 14.710387 -38.460676 0.438673
v 16.065182 -38.018551 0.949738
v 17.334666 -37.603359 1.422523
v 18.525561 -37.213073 1.860203
v 19.635286 -36.848695 2.267787
v 20.691345 -36.501361 2.654694
v 21.633823 -36.190843 3.006534
v 22.488490 -35.908846 3.340255
v 23.279400 -35.647572 3.660227
v 23.955447 -35.423932 3.954708
v 24.559706 -35.223862 4.239048
v 25.050562 -35.061144 4.503244
v 25.463788 -34.924075 4.752855
v 25.777060 -34.820065 4.989155
v 25.990114 -34.749255 5.210807
v 26.102765 -34.711734 5.416789
v 26.114920 -34.707556 5.606442
v 26.027909 -34.736289 5.773043
v 25.843216 -34.797438 5.909905
v 25.561188 -34.890864 6.016479
v 25.182392 -35.016340 6.091928
v 24.707604 -35.173565 6.135173
v 24.121547 -35.367496 6.132705
v 23.460560 -35.586086 6.093338
v 22.686703 -35.841735 6.002948
v 21.849036 -36.118197 5.867498
v 20.901921 -36.430354 5.668100
v 19.871847 -36.769373 5.410866
v 18.793960 -37.123602 5.096968
v 17.615938 -37.510047 4.701808
v 16.369774 -37.918071 4.233655
v 15.060861 -38.345769 3.687992
v 13.700110 -38.789432 3.069299
v 12.287677 -39.248877 2.384246
v 10.817936 -39.725779 1.632471
v 9.294431 -40.218846 0.813624
v 7.713385 -40.729146 -0.079251
v 6.096125 -41.249652 -1.036275
v 4.436958 -41.782085 -2.062072
v 2.737031 -42.325958 -3.161744
v 1.011495 -42.876314 -4.333167
v -0.740911 -43.433484 -5.578649
v -0.104765 -45.367243 -5.588541
v 1.864344 -44.747965 -4.779983
v 3.776499 -44.143639 -4.003636
v 5.625316 -43.556499 -3.267330
v 7.417520 -42.984634 -2.565527
v 9.145658 -42.430660 -1.898294
v 10.797473 -41.898798 -1.269693
v 12.388531 -41.384303 -0.671581
v 13.906517 -40.891420 -0.103611
v 15.348541 -40.421374 0.436094
v 16.705389 -39.977463 0.942942
v 17.976691 -39.560092 1.411793
v 19.169105 -39.167363 1.845765
v 20.280080 -38.800361 2.249849
v 21.336833 -38.450351 2.633298
v 22.280107 -38.137080 2.982047
v 23.135414 -37.852359 3.312848
v 23.926561 -37.588505 3.629960
v 24.603027 -37.362411 3.921894
v 25.207424 -37.160118 4.203771
v 25.698627 -36.995406 4.465785
v 26.112017 -36.856648 4.713346
v 26.425541 -36.751260 4.947803
v 26.638947 -36.679405 5.167827
v 26.752068 -36.641198 5.372404
v 26.764809 -36.636697 5.560877
v 26.678482 -36.665481 5.726564
v 26.494539 -36.727048 5.862817
v 26.213320 -36.821254 5.969090
v 25.835373 -36.947858 6.044550
v 25.361448 -37.106523 6.088124
v 24.776419 -37.302166 6.086421
v 24.116192 -37.522743 6.048095
v 23.343231 -37.780552 5.959226
v 22.506023 -38.059368 5.825576
v 21.559409 -38.373940 5.628525
v 20.529563 -38.715408 5.374066
v 19.451236 -39.072115 5.063217
v 18.272649 -39.460890 4.671731
v 17.025447 -39.871075 4.207710
v 15.714960 -40.300685 3.666640
v 14.352004 -40.745959 3.052930
v 12.936757 -41.206619 2.373220
v 11.463677 -41.684233 1.627182
v 9.936303 -42.177418 0.814460
v 8.350936 -42.687132 -0.071836
v 6.728752 -43.206334 -1.021985
v 5.064176 -43.736635 -2.040542
v 3.358411 -44.277471 -3.132575
v 1.626546 -44.823871 -4.296042
v -0.132586 -45.376098 -5.533214
v 0.553042 -47.291153 -5.516576
v 2.518930 -46.681204 -4.718079
v 4.428032 -46.084713 -3.951441
v 6.273938 -45.504002 -3.224390
v 8.063191 -44.937310 -2.531493
v 9.788359 -44.387342 -1.872785
v 11.437288 -43.858376 -1.252230
v 13.025277 -43.345872 -0.661866
v 14.540144 -42.854139 -0.101290
v 15.979015 -42.384516 0.431362
v 17.332785 -41.940370 0.931582
v 18.601084 -41.522246 1.394264
v 19.790472 -41.128366 1.822453
v 20.898443 -40.759905 2.221101
v 21.951813 -40.408315 2.599251
v 22.892239 -40.093230 2.943238
v 23.744877 -39.806629 3.269541
v 24.533175 -39.540957 3.582286
v 25.207429 -39.313042 3.870296
v 25.809602 -39.109081 4.148389
v 26.299244 -38.942816 4.407009
v 26.711186 -38.802734 4.651387
v 27.023753 -38.696242 4.882945
v 27.236705 -38.623519 5.100368
v 27.349888 -38.584706 5.302655
v 27.363214 -38.579867 5.489155
v 27.277968 -38.608596 5.653252
v 27.095563 -38.670390 5.788366
v 26.816329 -38.765098 5.893956
v 26.440786 -38.892450 5.969197
v 25.969659 -39.052094 6.013025
v 25.388034 -39.248873 6.012229
v 24.731222 -39.470783 5.975253
v 23.962253 -39.729982 5.888455
v 23.128821 -40.010311 5.757353
v 22.186445 -40.326334 5.563689
v 21.160862 -40.669177 5.313302
v 20.086277 -41.027231 5.007043
v 18.911669 -41.417063 4.621132
v 17.668198 -41.828030 4.163459
v 16.361109 -42.258072 3.629533
v 15.001072 -42.703376 3.023670
v 13.588290 -43.163564 2.352449
v 12.117327 -43.640077 1.615584
v 10.591709 -44.131444 0.812710
v 9.007828 -44.638498 -0.062964
v 7.386628 -45.154203 -1.001923
v 5.722675 -45.680045 -2.008636
v 4.017228 -46.215367 -3.088111
v 2.285256 -46.755220 -4.238403
v 0.525702 -47.299775 -5.461733
v 1.260679 -49.196172 -5.418341
v 3.216053 -48.598640 -4.633689
v 5.115026 -48.012884 -3.880401
v 6.951177 -47.441299 -3.166065
v 8.730831 -46.882312 -2.485383
v 10.446606 -46.338700 -1.838351
v 12.086497 -45.814796 -1.228818
v 13.665469 -45.306305 -0.649040
v 15.171522 -44.817589 -0.098557
v 16.601807 -44.350094 0.424478
v 17.947373 -43.907281 0.915658
v 19.207845 -43.489811 1.369935
v 20.389659 -43.096070 1.790266
v 21.490375 -42.727327 2.181542
v 22.536280 -42.375242 2.552554
v 23.470218 -42.059293 2.890109
v 24.316875 -41.771647 3.210336
v 25.099243 -41.504922 3.517204
v 25.768653 -41.275818 3.799914
v 26.366241 -41.070756 4.072902
v 26.852412 -40.903375 4.326918
v 27.261299 -40.762342 4.566978
v 27.571695 -40.655006 4.794580
v 27.783385 -40.581595 5.008431
v 27.896226 -40.542256 5.207542
v 27.910138 -40.537069 5.391274
v 27.826368 -40.565635 5.553107
v 27.646290 -40.627467 5.686552
v 27.370212 -40.722389 5.791078
v 26.998633 -40.850122 5.865870
v 26.532239 -41.010278 5.909877
v 25.956392 -41.207618 5.910129
v 25.305650 -41.430211 5.874814
v 24.543766 -41.690028 5.790635
v 23.717433 -41.971031 5.662831
v 22.783028 -42.287532 5.473592
v 21.765746 -42.630682 5.228573
v 20.699080 -42.988943 4.928446
v 19.532999 -43.378563 4.550011
v 18.298028 -43.788934 4.100903
v 16.999309 -44.217929 3.576671
v 15.647315 -44.661683 2.981517
v 14.242275 -45.119712 2.321933
v 12.778889 -45.593318 1.597677
v 11.260651 -46.080932 0.808375
v 9.684064 -46.583245 -0.052635
v 8.069751 -47.093255 -0.976091
v 6.412453 -47.612310 -1.966353
v 4.713481 -48.139652 -3.028351
v 2.987625 -48.670358 -4.160249
v 1.233952 -49.204519 -5.364208
v 2.018149 -51.082308 -5.293837
v 3.955716 -50.500285 -4.526814
v 5.837483 -49.928158 -3.790515
v 7.657032 -49.368396 -3.092356
v 9.420442 -48.819640 -2.427197
v 11.120401 -48.284734 -1.794994
v 12.745104 -47.768063 -1.199458
v 14.309107 -47.265603 -0.633104
v 15.800649 -46.781762 -0.095411
v 17.216917 -46.318111 0.415441
v 18.549150 -45.878187 0.895170
v 19.796973 -45.462793 1.338807
v 20.966670 -45.070486 1.749204
v 22.055875 -44.702628 2.131175
v 23.090241 -44.351144 2.493206
v 24.014047 -44.035270 2.822658
v 24.851409 -43.747415 3.135231
v 25.624762 -43.480402 3.434715
v 26.286697 -43.250742 3.710747
v 26.877340 -43.045137 3.977311
v 27.358131 -42.877082 4.225511
v 27.762352 -42.735463 4.460119
v 28.069368 -42.627561 4.682710
v 28.278987 -42.553631 4.892016
v 28.391080 -42.513845 5.087067
v 28.405579 -42.508300 5.267237
v 28.323683 -42.536602 5.426128
v 28.146719 -42.598276 5.557375
v 27.874972 -42.693134 5.660454
v 27.508912 -42.820871 5.734566
v 27.049186 -42.981075 5.778680
v 26.481493 -43.178400 5.780120
v 25.839476 -43.401031 5.746777
v 25.087775 -43.660692 5.665765
v 24.271855 -43.941523 5.542008
v 23.349160 -44.257537 5.358233
v 22.344214 -44.599924 5.119881
v 21.289648 -44.957257 4.827427
v 20.136635 -45.345387 4.458366
v 18.914936 -45.753788 4.020041
v 17.629557 -46.180254 3.508054
v 16.290730 -46.620876 2.926472
v 14.898712 -47.075060 2.281673
v 13.448360 -47.543949 1.573460
v 11.943129 -48.025877 0.801455
v 10.379642 -48.521370 -0.040849
v 8.778124 -49.023497 -0.944489
v 7.133511 -49.533429 -1.913693
v 5.447171 -50.050321 -2.953295
v 3.733655 -50.569288 -4.061580
v 1.992163 -51.090322 -5.240637
v 2.825447 -52.949554 -5.143062
v 4.737918 -52.386130 -4.397453
v 6.595400 -51.830525 -3.681784
v 8.391505 -51.285292 -3.003263
v 10.132023 -50.749293 -2.356934
v 11.809744 -50.225443 -1.742712
v 13.413105 -49.718173 -1.164148
v 14.956193 -49.223768 -0.614057
v 16.427528 -48.746665 -0.091853
v 17.824346 -48.288568 0.404251
v 19.138119 -47.853094 0.870118
v 20.368468 -47.441192 1.300880
v 21.521502 -47.051603 1.699267
v 22.594942 -46.685803 2.069997
v 23.613689 -46.336008 2.421208
v 24.523722 -46.021160 2.740885
v 25.348480 -45.733935 3.044228
v 26.109735 -45.467396 3.334819
v 26.761566 -45.237818 3.602795
v 27.342900 -45.032229 3.861615
v 27.816402 -44.863939 4.102787
v 28.214345 -44.722098 4.330810
v 28.516772 -44.613902 4.547334
v 28.723510 -44.539629 4.751122
v 28.834452 -44.499479 4.941227
v 28.849534 -44.493555 5.117042
v 28.769913 -44.521495 5.272316
v 28.596849 -44.582821 5.400835
v 28.330608 -44.677330 5.502086
v 27.971625 -44.804700 5.575288
v 27.520501 -44.964488 5.619434
v 26.963337 -45.161216 5.622203
v 26.332698 -45.383230 5.591143
v 25.594275 -45.641966 5.513846
v 24.792090 -45.921792 5.394885
v 23.884841 -46.236350 5.217613
v 22.896264 -46.576899 4.987225
v 21.857978 -46.932168 4.703985
v 20.722581 -47.317542 4.346200
v 19.518925 -47.722596 3.920874
v 18.251855 -48.145049 3.423683
v 16.931319 -48.580960 2.858535
v 15.557602 -49.029614 2.231668
v 14.125744 -49.491977 1.542935
v 12.639142 -49.966279 0.791950
v 11.094564 -50.452881 -0.027606
v 9.511745 -50.944921 -0.907116
v 7.885849 -51.443405 -1.850657
v 6.218295 -51.947374 -2.862943
v 4.523344 -52.452011 -3.942395
v 2.800336 -52.957192 -5.091022
v 3.682579 -54.797918 -4.966016
v 5.562658 -54.256177 -4.245606
v 7.388779 -53.719991 -3.554207
v 9.154596 -53.191988 -2.898787
v 10.865575 -52.671270 -2.274596
v 12.514634 -52.160831 -1.681507
v 14.090503 -51.665129 -1.122890
v 15.606725 -51.180794 -0.591900
v 17.052156 -50.712296 -0.087882
v 18.424093 -50.261465 0.390908
v 19.714277 -49.831998 0.840503
v 20.922331 -49.425002 1.256153
v 22.054156 -49.039429 1.640455
v 23.107578 -48.676856 1.998009
v 24.106629 -48.329847 2.336559
v 24.999247 -48.016963 2.644791
v 25.808088 -47.731208 2.937326
v 26.554161 -47.465903 3.217515
v 27.193254 -47.237039 3.476059
v 27.762917 -47.032025 3.725814
v 28.227225 -46.863947 3.958749
v 28.617282 -46.722253 4.179051
v 28.913907 -46.614029 4.388451
v 29.116957 -46.539587 4.585748
v 29.226341 -46.499153 4.770025
v 29.242008 -46.492843 4.940689
v 29.165057 -46.520313 5.091670
v 28.996680 -46.581094 5.216930
v 28.737118 -46.674973 5.315972
v 28.386771 -46.801607 5.388035
v 27.946185 -46.960513 5.432138
v 27.401925 -47.156073 5.436377
v 26.785319 -47.376821 5.407910
v 26.063270 -47.633859 5.334879
v 25.278136 -47.911835 5.221461
v 24.390070 -48.223966 5.051733
v 23.421899 -48.561611 4.830605
v 22.404073 -48.913681 4.558120
v 21.290835 -49.295024 4.213511
v 20.109992 -49.695357 3.803401
v 18.866202 -50.112316 3.323556
v 17.569083 -50.541934 2.777706
v 16.218945 -50.983372 2.171918
v 14.811039 -51.437399 1.506100
v 13.348691 -51.902140 0.779859
v 11.828830 -52.377771 -0.012906
v 10.270617 -52.857536 -0.863972
v 8.669467 -53.342240 -1.777244
v 7.026856 -53.830812 -2.757295
v 5.356693 -54.318522 -3.802695
v 3.658473 -54.805128 -4.915361
v 4.589541 -56.627391 -4.762701
v 6.429937 -56.110428 -4.071274
v 8.217619 -55.596555 -3.407785
v 9.946302 -55.088479 -2.778926
v 11.621096 -54.585571 -2.180182
v 13.235071 -54.090892 -1.611377
v 14.777296 -53.608929 -1.075683
v 16.260703 -53.136688 -0.566631
v 17.674535 -52.678654 -0.083498
v 19.016160 -52.236801 0.375412
v 20.277626 -51.814901 0.806323
v 21.458560 -51.414229 1.204627
v 22.564632 -51.033960 1.572769
v 23.593782 -50.675787 1.915212
v 24.569059 -50.332653 2.239259
v 25.440620 -50.022684 2.534376
v 26.230232 -49.739229 2.814525
v 26.958040 -49.475929 3.082805
v 27.581765 -49.248412 3.330539
v 28.137396 -49.044532 3.569908
v 28.590598 -48.877103 3.793394
v 28.971160 -48.735926 4.004842
v 29.260774 -48.627943 4.206062
v 29.459325 -48.553507 4.395896
v 29.566748 -48.512867 4.573459
v 29.583001 -48.506162 4.738178
v 29.509117 -48.533057 4.884191
v 29.346213 -48.593103 5.005663
v 29.094505 -48.686070 5.102114
v 28.754349 -48.811591 5.172808
v 28.326237 -48.969156 5.216794
v 27.797255 -49.162964 5.222643
v 27.197339 -49.381799 5.197081
v 26.494755 -49.636362 5.128862
v 25.729996 -49.911653 5.021737
v 24.864847 -50.220389 4.860590
v 23.921119 -50.554059 4.650022
v 22.927932 -50.901794 4.389833
v 21.841398 -51.277833 4.060299
v 20.688137 -51.672064 3.667623
v 19.472599 -52.082049 3.207675
v 18.204020 -52.503798 2.683985
v 16.882741 -52.936332 2.102423
v 15.504244 -53.380210 1.462955
v 14.071773 -53.833454 0.765183
v 12.582438 -54.296042 0.003251
v 11.054735 -54.761334 -0.815057
v 9.484365 -55.229928 -1.693455
v 7.872854 -55.700638 -2.636352
v 6.233702 -56.168826 -3.642480
v 4.566572 -56.634128 -4.713655
v 5.546335 -58.437981 -4.533115
v 7.339757 -57.948884 -3.874456
v 9.081922 -57.460216 -3.242518
v 10.766627 -56.974769 -2.643681
v 12.398588 -56.492195 -2.073691
v 13.971057 -56.015632 -1.532323
v 15.473486 -55.549575 -1.022528
v 16.918127 -55.091442 -0.538252
v 18.294663 -54.645735 -0.078702
v 19.600544 -54.214577 0.357764
v 20.828165 -53.801801 0.767580
v 21.977158 -53.408873 1.146301
v 23.052930 -53.035199 1.496208
v 24.053554 -52.682593 1.821605
v 25.000978 -52.344425 2.129309
v 25.847841 -52.038317 2.409639
v 26.614912 -51.758004 2.675824
v 27.321370 -51.497465 2.930687
v 27.927098 -51.271929 3.166234
v 28.466336 -51.069750 3.393898
v 28.906523 -50.903408 3.606723
v 29.275979 -50.763113 3.808183
v 29.557369 -50.655640 4.000168
v 29.750615 -50.581387 4.181566
v 29.855671 -50.540626 4.351529
v 29.872508 -50.533507 4.509510
v 29.802091 -50.559728 4.649878
v 29.645448 -50.618847 4.767034
v 29.402768 -50.710618 4.860511
v 29.074361 -50.834655 4.929605
v 28.660655 -50.990407 4.973400
v 28.149329 -51.181892 4.981001
v 27.568755 -51.398161 4.958653
v 26.888735 -51.649484 4.895796
v 26.147667 -51.921244 4.795713
v 25.309172 -52.225620 4.644187
v 24.393922 -52.554240 4.445474
v 23.429554 -52.896506 4.199122
v 22.374270 -53.265973 3.886565
v 21.253362 -53.652724 3.513539
v 20.071046 -54.054253 3.076039
v 18.836132 -54.466552 2.577371
v 17.548990 -54.888496 2.023184
v 16.205360 -55.320419 1.413502
v 14.808393 -55.760230 0.747922
v 13.355390 -56.207696 0.020865
v 11.864103 -56.656318 -0.760372
v 10.330543 -57.106473 -1.599289
v 8.756288 -57.556848 -2.500112
v 7.154370 -58.002918 -3.461750
v 5.524631 -58.444190 -4.485904
v 6.552959 -60.229681 -4.277260
v 8.292113 -59.771541 -3.655153
v 9.981686 -59.310976 -3.058405
v 11.615568 -58.850858 -2.493052
v 13.198050 -58.391148 -1.955124
v 14.722588 -57.935043 -1.444345
v 16.179072 -57.487068 -0.963424
v 17.578999 -57.045064 -0.506763
v 18.912542 -56.613546 -0.073493
v 20.177248 -56.194793 0.337962
v 21.365895 -55.792702 0.724273
v 22.478122 -55.408929 1.081176
v 23.519050 -55.043143 1.410772
v 24.486895 -54.697277 1.717188
v 25.402388 -54.365168 2.006708
v 26.220911 -54.063865 2.270581
v 26.962130 -53.787531 2.521225
v 27.644154 -53.530518 2.761161
v 28.229253 -53.307598 2.983144
v 28.749734 -53.107671 3.197783
v 29.175001 -52.942864 3.398736
v 29.531739 -52.803818 3.589075
v 29.803697 -52.697127 3.770767
v 29.990829 -52.623232 3.942756
v 30.093113 -52.582425 4.104236
v 30.110533 -52.574880 4.254684
v 30.043978 -52.600323 4.388732
v 29.894384 -52.658319 4.501040
v 29.661907 -52.748620 4.591164
v 29.346805 -52.870797 4.658427
v 28.949443 -53.024275 4.701956
v 28.458146 -53.212858 4.711451
v 27.899569 -53.425914 4.692628
v 27.245208 -53.673220 4.635681
v 26.531150 -53.940612 4.543389
v 25.723046 -54.239657 4.402523
v 24.840310 -54.562162 4.216963
v 23.908940 -54.897817 3.985990
v 22.889450 -55.259436 3.692309
v 21.805666 -55.637334 3.341150
v 20.661542 -56.028925 2.928647
v 19.465417 -56.430196 2.457865
v 18.217691 -56.839862 1.934201
v 16.914388 -57.258021 1.357740
v 15.558548 -57.682468 0.728075
v 14.147685 -58.112732 0.039935
v 12.698719 -58.542488 -0.699916
v 11.208002 -58.971877 -1.494746
v 9.677158 -59.399446 -2.348577
v 8.118699 -59.820803 -3.260504
v 6.532655 -60.235319 -4.232108
v 7.609416 -62.002498 -3.995134
v 9.287009 -61.578399 -3.413364
v 10.916912 -61.148834 -2.855447
v 12.493125 -60.716743 -2.327038
v 14.019483 -60.282424 -1.824481
v 15.489668 -59.849134 -1.347443
v 16.894052 -59.421401 -0.898371
v 18.243317 -58.997550 -0.472162
v 19.528171 -58.582085 -0.067872
v 20.746270 -58.177448 0.316008
v 21.890815 -57.787602 0.676403
v 22.961453 -57.414401 1.009251
v 23.962992 -57.057795 1.316461
v 24.893804 -56.719839 1.601961
v 25.773288 -56.394881 1.871457
v 26.559829 -56.099325 2.117201
v 27.271883 -55.827806 2.350727
v 27.926390 -55.575086 2.574229
v 28.488228 -55.355416 2.781270
v 28.987595 -55.158306 2.981563
v 29.396028 -54.995468 3.169434
v 29.738440 -54.858035 3.347516
v 29.999755 -54.752400 3.517860
v 30.179964 -54.679034 3.679468
v 30.279070 -54.638265 3.831580
v 30.297076 -54.630285 3.973701
v 30.234780 -54.654842 4.100753
v 30.093021 -54.711527 4.207684
v 29.871921 -54.800069 4.294071
v 29.571683 -54.920016 4.359274
v 29.192598 -55.070755 4.402463
v 28.723706 -55.255861 4.413991
v 28.189781 -55.465050 4.399005
v 27.564174 -55.707570 4.348516
v 26.880446 -55.969753 4.264764
v 26.106467 -56.262499 4.135597
v 25.260280 -56.577813 3.964488
v 24.366091 -56.905731 3.750434
v 23.386938 -57.258227 3.477530
v 22.345049 -57.625897 3.150455
v 21.244089 -58.006071 2.765501
v 20.091875 -58.394727 2.325467
v 18.888845 -58.790432 1.835472
v 17.631326 -59.193016 1.295668
v 16.322238 -59.600159 0.705643
v 14.959324 -60.011149 0.060463
v 13.558585 -60.419845 -0.633689
v 12.116740 -60.826135 -1.379826
v 10.635465 -61.228429 -2.181746
v 9.126687 -61.622481 -3.038743
v 7.590638 -62.007508 -3.952267
v 8.715702 -63.756425 -3.686738
v 10.324443 -63.369462 -3.149090
v 11.887599 -62.973790 -2.633644
v 13.399301 -62.572431 -2.145641
v 14.862885 -62.166021 -1.681763
v 16.272295 -61.757901 -1.241617
v 17.618429 -61.352583 -0.827369
v 18.911081 -60.948900 -0.434451
v 20.141552 -60.551354 -0.061838
v 21.307609 -60.162540 0.291901
v 22.402927 -59.786502 0.623968
v 23.427152 -59.425289 0.930527
v 24.384756 -59.079153 1.213275
v 25.274282 -58.750279 1.475925
v 26.113678 -58.433562 1.723555
v 26.864595 -58.144699 1.949500
v 27.544173 -57.878831 2.164330
v 28.168079 -57.631168 2.369889
v 28.704026 -57.415378 2.560612
v 29.179914 -57.221645 2.745239
v 29.569608 -57.061221 2.918815
v 29.896084 -56.925774 3.083507
v 30.145545 -56.821460 3.241447
v 30.318021 -56.748797 3.391702
v 30.413546 -56.708149 3.533560
v 30.432135 -56.699718 3.666559
v 30.374497 -56.723287 3.785940
v 30.241362 -56.778470 3.886964
v 30.032810 -56.864968 3.969233
v 29.748994 -56.982315 4.032146
v 29.390121 -57.129853 4.074921
v 28.946010 -57.310902 4.088624
v 28.439390 -57.515575 4.077785
v 27.845633 -57.752535 4.034302
v 27.195553 -58.008670 3.959840
v 26.459439 -58.294151 3.843410
v 25.653835 -58.601204 3.688049
v 24.801004 -58.920241 3.492455
v 23.866736 -59.262349 3.242229
v 22.871511 -59.618411 2.941454
v 21.818683 -59.985680 2.586600
v 20.715509 -60.360151 2.180177
v 19.562450 -60.740202 1.726999
v 18.356176 -61.125405 1.227287
v 17.099463 -61.513308 0.680627
v 15.790305 -61.902945 0.082448
v 14.443699 -62.288389 -0.561692
v 13.056758 -62.669250 -1.254530
v 11.631208 -63.043796 -1.999619
v 10.178335 -63.407947 -2.796468
v 8.698585 -63.760767 -3.646381
v 9.871821 -65.491469 -3.352072
v 11.404418 -65.144729 -2.862330
v 12.893749 -64.785847 -2.392995
v 14.334092 -64.417910 -1.948860
v 15.728257 -64.041946 -1.526968
v 17.070468 -63.661340 -1.126866
v 18.352202 -63.280609 -0.750419
v 19.582292 -62.899114 -0.393629
v 20.752680 -62.521343 -0.055392
v 21.861270 -62.150078 0.265641
v 22.902228 -61.789397 0.566970
v 23.875218 -61.441590 0.845004
v 24.784342 -61.107219 1.101215
v 25.628328 -60.788597 1.339078
v 26.423559 -60.481212 1.563003
v 27.135209 -60.199990 1.767477
v 27.778998 -59.940609 1.962034
v 28.369222 -59.698768 2.148142
v 28.876647 -59.487496 2.321169
v 29.326693 -59.297692 2.488810
v 29.695739 -59.140126 2.646881
v 30.004668 -59.007027 2.797049
v 30.241065 -58.904306 2.941528
v 30.405002 -58.832525 3.079456
v 30.496539 -58.792073 3.210176
v 30.515712 -58.783180 3.333261
v 30.463127 -58.805657 3.444294
v 30.339401 -58.859142 3.538881
v 30.144575 -58.943318 3.616651
v 29.878737 -59.057691 3.677043
v 29.542012 -59.201562 3.719330
v 29.125055 -59.377976 3.735348
v 28.648397 -59.577486 3.728967
v 28.089585 -59.808118 3.693040
v 27.476471 -60.057356 3.628614
v 26.781958 -60.334607 3.525962
v 26.020973 -60.632325 3.387646
v 25.213681 -60.941350 3.212054
v 24.328842 -61.271793 2.986405
v 23.385053 -61.614877 2.714149
v 22.385328 -61.967760 2.391944
v 21.336315 -62.326462 2.021995
v 20.238509 -62.689177 1.608781
v 19.088936 -63.055188 1.152597
v 17.890224 -63.421915 0.653024
v 16.640630 -63.788127 0.105890
v 15.354062 -64.148119 -0.483924
v 14.028054 -64.501216 -1.118858
v 12.664388 -64.845554 -1.802196
v 11.273641 -65.177202 -2.533676
v 9.856494 -65.495085 -3.314450
v 11.077770 -67.207619 -2.991136
v 12.526930 -66.904194 -2.553084
v 13.935359 -66.584995 -2.133500
v 15.297501 -66.253193 -1.736695
v 16.615601 -65.910198 -1.360096
v 17.884189 -65.559457 -1.003191
v 19.095370 -65.205478 -0.667520
v 20.256949 -64.848193 -0.349696
v 21.361561 -64.492067 -0.048533
v 22.407245 -64.140045 0.237229
v 23.388719 -63.796293 0.505408
v 24.305654 -63.463315 0.752681
v 25.161749 -63.141986 0.980280
v 25.955940 -62.834787 1.191422
v 26.702930 -62.537830 1.389800
v 27.371671 -62.265191 1.571133
v 27.976361 -62.013139 1.743839
v 28.529817 -61.777878 1.908987
v 29.006087 -61.571755 2.062941
v 29.427933 -61.386453 2.212276
v 29.774420 -61.232174 2.353631
v 30.064196 -61.101801 2.488141
v 30.286315 -61.000935 2.618103
v 30.440904 -60.930210 2.742732
v 30.528048 -60.890038 2.861429
v 30.547805 -60.880675 2.973804
v 30.500675 -60.901957 3.075815
v 30.387144 -60.953550 3.163435
v 30.207218 -61.035122 3.236324
v 29.960914 -61.146148 3.293965
v 29.648271 -61.285885 3.335690
v 29.260845 -61.457092 3.354164
v 28.816802 -61.650786 3.352551
v 28.296030 -61.874312 3.324728
v 27.723205 -62.115826 3.271089
v 27.074024 -62.383867 3.183252
v 26.361697 -62.671189 3.063279
v 25.604123 -62.969066 2.909230
v 24.773256 -63.286569 2.710059
v 23.885671 -63.615290 2.468537
v 22.944025 -63.952318 2.181533
v 21.954297 -64.293667 1.850921
v 20.917021 -64.637357 1.480819
v 19.829608 -64.982367 1.071598
v 18.694521 -65.325983 0.622837
v 17.510295 -65.666680 0.130789
v 16.289674 -65.999035 -0.400386
v 15.030633 -66.322046 -0.972809
v 13.735002 -66.633690 -1.589477
v 12.412609 -66.930252 -2.250370
v 11.064366 -67.210474 -2.956473
v 12.333552 -68.904889 -2.603929
v 13.691983 -68.647871 -2.221353
v 15.012430 -68.371242 -1.855160
v 16.289529 -68.078278 -1.509145
v 17.524915 -67.770774 -1.181149
v 18.713461 -67.452258 -0.870593
v 19.847933 -67.127189 -0.578672
v 20.935052 -66.796136 -0.302653
v 21.968190 -66.463513 -0.041261
v 22.945542 -66.132459 0.206663
v 23.862403 -65.807190 0.439282
v 24.718452 -65.490441 0.653559
v 25.516978 -65.183462 0.850469
v 26.257122 -64.888858 1.032956
v 26.951790 -64.603414 1.203946
v 27.573982 -64.340309 1.360468
v 28.136261 -64.096421 1.509745
v 28.649864 -63.868502 1.652426
v 29.092351 -63.668166 1.785929
v 29.483632 -63.487917 1.915637
v 29.805654 -63.337376 2.039065
v 30.074663 -63.210084 2.156782
v 30.281297 -63.111354 2.271172
v 30.425726 -63.041852 2.381530
v 30.508075 -63.002044 2.487319
v 30.528416 -62.992194 2.588191
v 30.487134 -63.012177 2.680502
v 30.384589 -63.061692 2.760625
v 30.220735 -63.140377 2.828251
v 29.995523 -63.247679 2.882912
v 29.708898 -63.382820 2.924000
v 29.353380 -63.548248 2.945072
v 28.944605 -63.735473 2.948537
v 28.464967 -63.951120 2.929366
v 27.935748 -64.184066 2.887263
v 27.335640 -64.441937 2.815282
v 26.676002 -64.717779 2.714949
v 25.972327 -65.003374 2.583984
v 25.199978 -65.306669 2.413191
v 24.373369 -65.619652 2.204620
v 23.494767 -65.939333 1.955367
v 22.569451 -66.261758 1.666954
v 21.597985 -66.584739 1.343112
v 20.578191 -66.906937 0.984289
v 19.512351 -67.225501 0.590064
v 18.399308 -67.538626 0.157145
v 17.250533 -67.841131 -0.311077
v 16.064490 -68.131727 -0.816383
v 14.843054 -68.408217 -1.361463
v 13.595236 -68.667096 -1.946548
v 12.322198 -68.906918 -2.572452
v 2.398890 -3.426402 0.755330
v 24.047248 -65.463512 1.050564
v 71.500000 0.000000 0.172304
v 71.488174 0.000000 0.645592
v 71.452873 0.000000 1.111415
v 71.394661 0.000000 1.562428
v 71.314461 0.000000 1.991518
v 71.213524 0.000000 2.391918
v 71.093452 0.000000 2.757314
v 70.956139 0.000000 3.081942
v 70.803741 0.000000 3.360683
v 70.638672 0.000000 3.589142
v 70.463524 0.000000 3.763716
v 70.281075 0.000000 3.881650
v 70.094185 0.000000 3.941086
v 69.905815 0.000000 3.941086
v 69.718925 0.000000 3.881650
v 69.536476 0.000000 3.763716
v 69.361328 0.000000 3.589142
v 69.196259 0.000000 3.360683
v 69.043861 0.000000 3.081942
v 68.906548 0.000000 2.757314
v 68.786476 0.000000 2.391918
v 68.685539 0.000000 1.991518
v 68.605339 0.000000 1.562428
v 68.547127 0.000000 1.111415
v 68.511826 0.000000 0.645592
v 68.500000 0.000000 0.172304
v 68.511826 0.000000 -0.300983
v 68.547127 0.000000 -0.766807
v 68.605339 0.000000 -1.217820
v 68.685539 0.000000 -1.646910
v 68.786476 0.000000 -2.047310
v 68.906548 0.000000 -2.412705
v 69.043861 0.000000 -2.737334
v 69.196259 0.000000 -3.016075
v 69.361328 0.000000 -3.244534
v 69.536476 0.000000 -3.419107
v 69.718925 0.000000 -3.537042
v 69.905815 0.000000 -3.596478
v 70.094185 0.000000 -3.596478
v 70.281075 0.000000 -3.537042
v 70.463524 0.000000 -3.419107
v 70.638672 0.000000 -3.244534
v 70.803741 0.000000 -3.016075
v 70.956139 0.000000 -2.737334
v 71.093452 0.000000 -2.412705
v 71.213524 0.000000 -2.047310
v 71.314461 0.000000 -1.646910
v 71.394661 0.000000 -1.217820
v 71.452873 0.000000 -0.766807
v 71.488174 0.000000 -0.300983
v 71.346916 4.676324 0.172304
v 71.335114 4.675550 0.645592
v 71.299889 4.673242 1.111415
v 71.241806 4.669435 1.562428
v 71.161774 4.664189 1.991518
v 71.061050 4.657588 2.391918
v 70.941238 4.649734 2.757314
v 70.804214 4.640753 3.081942
v 70.652145 4.630786 3.360683
v 70.487427 4.619990 3.589142
v 70.312660 4.608535 3.763716
v 70.130592 4.596602 3.881650
v 69.944107 4.584379 3.941086
v 69.756142 4.572059 3.941086
v 69.569656 4.559836 3.881650
v 69.387589 4.547903 3.763716
v 69.212822 4.536448 3.589142
v 69.048103 4.525652 3.360683
v 68.896034 4.515685 3.081942
v 68.759010 4.506704 2.757314
v 68.639198 4.498851 2.391918
v 68.538483 4.492249 1.991518
v 68.458443 4.487004 1.562428
v 68.400360 4.483196 1.111415
v 68.365135 4.480888 0.645592
v 68.353333 4.480114 0.172304
v 68.365135 4.480888 -0.300983
v 68.400360 4.483196 -0.766807
v 68.458443 4.487004 -1.217820
v 68.538483 4.492249 -1.646910
v 68.639198 4.498851 -2.047310
v 68.759010 4.506704 -2.412705
v 68.896034 4.515685 -2.737334
v 69.048103 4.525652 -3.016075
v 69.212822 4.536448 -3.244534
v 69.387589 4.547903 -3.419107
v 69.569656 4.559836 -3.537042
v 69.756142 4.572059 -3.596478
v 69.944107 4.584379 -3.596478
v 70.130592 4.596602 -3.537042
v 70.312660 4.608535 -3.419107
v 70.487427 4.619990 -3.244534
v 70.652145 4.630786 -3.016075
v 70.804214 4.640753 -2.737334
v 70.941238 4.649734 -2.412705
v 71.061050 4.657588 -2.047310
v 71.161774 4.664189 -1.646910
v 71.241806 4.669435 -1.217820
v 71.299889 4.673242 -0.766807
v 71.335114 4.675550 -0.300983
v 70.888306 9.332623 0.172304
v 70.876579 9.331079 0.645592
v 70.841583 9.326471 1.111415
v 70.783875 9.318873 1.562428
v 70.704353 9.308405 1.991518
v 70.604286 9.295230 2.391918
v 70.485237 9.279557 2.757314
v 70.349098 9.261634 3.081942
v 70.198006 9.241742 3.360683
v 70.034348 9.220197 3.589142
v 69.860703 9.197335 3.763716
v 69.679810 9.173521 3.881650
v 69.494522 9.149127 3.941086
v 69.307762 9.124539 3.941086
v 69.122475 9.100146 3.881650
v 68.941582 9.076331 3.763716
v 68.767937 9.053471 3.589142
v 68.604279 9.031924 3.360683
v 68.453186 9.012033 3.081942
v 68.317039 8.994109 2.757314
v 68.197998 8.978436 2.391918
v 68.097923 8.965262 1.991518
v 68.018410 8.954793 1.562428
v 67.960693 8.947195 1.111415
v 67.925697 8.942588 0.645592
v 67.913971 8.941044 0.172304
v 67.925697 8.942588 -0.300983
v 67.960693 8.947195 -0.766807
v 68.018410 8.954793 -1.217820
v 68.097923 8.965262 -1.646910
v 68.197998 8.978436 -2.047310
v 68.317039 8.994109 -2.412705
v 68.453186 9.012033 -2.737334
v 68.604279 9.031924 -3.016075
v 68.767937 9.053471 -3.244534
v 68.941582 9.076331 -3.419107
v 69.122475 9.100146 -3.537042
v 69.307762 9.124539 -3.596478
v 69.494522 9.149127 -3.596478
v 69.679810 9.173521 -3.537042
v 69.860703 9.197335 -3.419107
v 70.034348 9.220197 -3.244534
v 70.198006 9.241742 -3.016075
v 70.349098 9.261634 -2.737334
v 70.485237 9.279557 -2.412705
v 70.604286 9.295230 -2.047310
v 70.704353 9.308405 -1.646910
v 70.783875 9.318873 -1.217820
v 70.841583 9.326471 -0.766807
v 70.876579 9.331079 -0.300983
v 70.126144 13.948958 0.172304
v 70.114548 13.946651 0.645592
v 70.079926 13.939764 1.111415
v 70.022835 13.928408 1.562428
v 69.944176 13.912761 1.991518
v 69.845177 13.893069 2.391918
v 69.727409 13.869644 2.757314
v 69.592735 13.842855 3.081942
v 69.443268 13.813125 3.360683
v 69.281364 13.780921 3.589142
v 69.109589 13.746752 3.763716
v 68.930641 13.711157 3.881650
v 68.747345 13.674697 3.941086
v 68.562592 13.637948 3.941086
v 68.379295 13.601488 3.881650
v 68.200348 13.565893 3.763716
v 68.028572 13.531724 3.589142
v 67.866676 13.499520 3.360683
v 67.717209 13.469790 3.081942
v 67.582527 13.443001 2.757314
v 67.464760 13.419576 2.391918
v 67.365768 13.399884 1.991518
v 67.287102 13.384237 1.562428
v 67.230011 13.372881 1.111415
v 67.195389 13.365994 0.645592
v 67.183792 13.363688 0.172304
v 67.195389 13.365994 -0.300983
v 67.230011 13.372881 -0.766807
v 67.287102 13.384237 -1.217820
v 67.365768 13.399884 -1.646910
v 67.464760 13.419576 -2.047310
v 67.582527 13.443001 -2.412705
v 67.717209 13.469790 -2.737334
v 67.866676 13.499520 -3.016075
v 68.028572 13.531724 -3.244534
v 68.200348 13.565893 -3.419107
v 68.379295 13.601488 -3.537042
v 68.562592 13.637948 -3.596478
v 68.747345 13.674697 -3.596478
v 68.930641 13.711157 -3.537042
v 69.109589 13.746752 -3.419107
v 69.281364 13.780921 -3.244534
v 69.443268 13.813125 -3.016075
v 69.592735 13.842855 -2.737334
v 69.727409 13.869644 -2.412705
v 69.845177 13.893069 -2.047310
v 69.944176 13.912761 -1.646910
v 70.022835 13.928408 -1.217820
v 70.079926 13.939764 -0.766807
v 70.114548 13.946651 -0.300983
v 69.063698 18.505562 0.172304
v 69.052269 18.502501 0.645592
v 69.018181 18.493364 1.111415
v 68.961952 18.478298 1.562428
v 68.884476 18.457541 1.991518
v 68.786980 18.431417 2.391918
v 68.671005 18.400339 2.757314
v 68.538361 18.364799 3.081942
v 68.391159 18.325356 3.360683
v 68.231712 18.282633 3.589142
v 68.062538 18.237303 3.763716
v 67.886299 18.190081 3.881650
v 67.705788 18.141710 3.941086
v 67.523834 18.092957 3.941086
v 67.343315 18.044586 3.881650
v 67.167076 17.997364 3.763716
v 66.997902 17.952034 3.589142
v 66.838455 17.909309 3.360683
v 66.691254 17.869867 3.081942
v 66.558617 17.834326 2.757314
v 66.442635 17.803249 2.391918
v 66.345139 17.777126 1.991518
v 66.267662 17.756367 1.562428
v 66.211441 17.741301 1.111415
v 66.177345 17.732166 0.645592
v 66.165916 17.729105 0.172304
v 66.177345 17.732166 -0.300983
v 66.211441 17.741301 -0.766807
v 66.267662 17.756367 -1.217820
v 66.345139 17.777126 -1.646910
v 66.442635 17.803249 -2.047310
v 66.558617 17.834326 -2.412705
v 66.691254 17.869867 -2.737334
v 66.838455 17.909309 -3.016075
v 66.997902 17.952034 -3.244534
v 67.167076 17.997364 -3.419107
v 67.343315 18.044586 -3.537042
v 67.523834 18.092957 -3.596478
v 67.705788 18.141710 -3.596478
v 67.886299 18.190081 -3.537042
v 68.062538 18.237303 -3.419107
v 68.231712 18.282633 -3.244534
v 68.391159 18.325356 -3.016075
v 68.538361 18.364799 -2.737334
v 68.671005 18.400339 -2.412705
v 68.786980 18.431417 -2.047310
v 68.884476 18.457541 -1.646910
v 68.961952 18.478298 -1.217820
v 69.018181 18.493364 -0.766807
v 69.052269 18.502501 -0.300983
v 67.705505 22.982922 0.172304
v 67.694305 22.979120 0.645592
v 67.660881 22.967773 1.111415
v 67.605759 22.949062 1.562428
v 67.529808 22.923283 1.991518
v 67.434235 22.890837 2.391918
v 67.320534 22.852242 2.757314
v 67.190506 22.808102 3.081942
v 67.046196 22.759117 3.360683
v 66.889885 22.706057 3.589142
v 66.724037 22.649757 3.763716
v 66.551262 22.591110 3.881650
v 66.374298 22.531038 3.941086
v 66.195923 22.470488 3.941086
v 66.018951 22.410416 3.881650
v 65.846184 22.351767 3.763716
v 65.680336 22.295469 3.589142
v 65.524025 22.242409 3.360683
v 65.379715 22.193422 3.081942
v 65.249687 22.149284 2.757314
v 65.135986 22.110687 2.391918
v 65.040405 22.078243 1.991518
v 64.964462 22.052462 1.562428
v 64.909340 22.033751 1.111415
v 64.875916 22.022406 0.645592
v 64.864716 22.018604 0.172304
v 64.875916 22.022406 -0.300983
v 64.909340 22.033751 -0.766807
v 64.964462 22.052462 -1.217820
v 65.040405 22.078243 -1.646910
v 65.135986 22.110687 -2.047310
v 65.249687 22.149284 -2.412705
v 65.379715 22.193422 -2.737334
v 65.524025 22.242409 -3.016075
v 65.680336 22.295469 -3.244534
v 65.846184 22.351767 -3.419107
v 66.018951 22.410416 -3.537042
v 66.195923 22.470488 -3.596478
v 66.374298 22.531038 -3.596478
v 66.551262 22.591110 -3.537042
v 66.724037 22.649757 -3.419107
v 66.889885 22.706057 -3.244534
v 67.046196 22.759117 -3.016075
v 67.190506 22.808102 -2.737334
v 67.320534 22.852242 -2.412705
v 67.434235 22.890837 -2.047310
v 67.529808 22.923283 -1.646910
v 67.605759 22.949062 -1.217820
v 67.660881 22.967773 -0.766807
v 67.694305 22.979120 -0.300983
v 66.057388 27.361866 0.172304
v 66.046455 27.357340 0.645592
v 66.013847 27.343832 1.111415
v 65.960068 27.321556 1.562428
v 65.885971 27.290863 1.991518
v 65.792717 27.252235 2.391918
v 65.681786 27.206287 2.757314
v 65.554924 27.153738 3.081942
v 65.414124 27.095419 3.360683
v 65.261620 27.032248 3.589142
v 65.099808 26.965223 3.763716
v 64.931244 26.895401 3.881650
v 64.758583 26.823883 3.941086
v 64.584549 26.751797 3.941086
v 64.411888 26.680279 3.881650
v 64.243324 26.610456 3.763716
v 64.081512 26.543432 3.589142
v 63.929008 26.480263 3.360683
v 63.788212 26.421944 3.081942
v 63.661350 26.369394 2.757314
v 63.550415 26.323444 2.391918
v 63.457165 26.284819 1.991518
v 63.383064 26.254126 1.562428
v 63.329285 26.231850 1.111415
v 63.296677 26.218342 0.645592
v 63.285748 26.213816 0.172304
v 63.296677 26.218342 -0.300983
v 63.329285 26.231850 -0.766807
v 63.383064 26.254126 -1.217820
v 63.457165 26.284819 -1.646910
v 63.550415 26.323444 -2.047310
v 63.661350 26.369394 -2.412705
v 63.788212 26.421944 -2.737334
v 63.929008 26.480263 -3.016075
v 64.081512 26.543432 -3.244534
v 64.243324 26.610456 -3.419107
v 64.411888 26.680279 -3.537042
v 64.584549 26.751797 -3.596478
v 64.758583 26.823883 -3.596478
v 64.931244 26.895401 -3.537042
v 65.099808 26.965223 -3.419107
v 65.261620 27.032248 -3.244534
v 65.414124 27.095419 -3.016075
v 65.554924 27.153738 -2.737334
v 65.681786 27.206287 -2.412705
v 65.792717 27.252235 -2.047310
v 65.885971 27.290863 -1.646910
v 65.960068 27.321556 -1.217820
v 66.013847 27.343832 -0.766807
v 66.046455 27.357340 -0.300983
v 64.126404 31.623642 0.172304
v 64.115791 31.618410 0.645592
v 64.084137 31.602798 1.111415
v 64.031929 31.577053 1.562428
v 63.959995 31.541578 1.991518
v 63.869469 31.496937 2.391918
v 63.761780 31.443830 2.757314
v 63.638626 31.383097 3.081942
v 63.501945 31.315693 3.360683
v 63.353897 31.242683 3.589142
v 63.196815 31.165220 3.763716
v 63.033176 31.084524 3.881650
v 62.865566 31.001865 3.941086
v 62.696621 30.918550 3.941086
v 62.529007 30.835894 3.881650
v 62.365368 30.755196 3.763716
v 62.208286 30.677732 3.589142
v 62.060238 30.604723 3.360683
v 61.923561 30.537321 3.081942
v 61.800404 30.476587 2.757314
v 61.692715 30.423479 2.391918
v 61.602188 30.378838 1.991518
v 61.530254 30.343365 1.562428
v 61.478046 30.317617 1.111415
v 61.446392 30.302006 0.645592
v 61.435783 30.296776 0.172304
v 61.446392 30.302006 -0.300983
v 61.478046 30.317617 -0.766807
v 61.530254 30.343365 -1.217820
v 61.602188 30.378838 -1.646910
v 61.692715 30.423479 -2.047310
v 61.800404 30.476587 -2.412705
v 61.923561 30.537321 -2.737334
v 62.060238 30.604723 -3.016075
v 62.208286 30.677732 -3.244534
v 62.365368 30.755196 -3.419107
v 62.529007 30.835894 -3.537042
v 62.696621 30.918550 -3.596478
v 62.865566 31.001865 -3.596478
v 63.033176 31.084524 -3.537042
v 63.196815 31.165220 -3.419107
v 63.353897 31.242683 -3.244534
v 63.501945 31.315693 -3.016075
v 63.638626 31.383097 -2.737334
v 63.761780 31.443830 -2.412705
v 63.869469 31.496937 -2.047310
v 63.959995 31.541578 -1.646910
v 64.031929 31.577053 -1.217820
v 64.084137 31.602798 -0.766807
v 64.115791 31.618410 -0.300983
v 61.920815 35.750000 0.172304
v 61.910572 35.744087 0.645592
v 61.880005 35.726437 1.111415
v 61.829594 35.697330 1.562428
v 61.760136 35.657230 1.991518
v 61.672722 35.606762 2.391918
v 61.568737 35.546726 2.757314
v 61.449818 35.478069 3.081942
v 61.317837 35.401871 3.360683
v 61.174881 35.319336 3.589142
v 61.023205 35.231762 3.763716
v 60.865192 35.140537 3.881650
v 60.703346 35.047092 3.941086
v 60.540211 34.952908 3.941086
v 60.378365 34.859463 3.881650
v 60.220352 34.768238 3.763716
v 60.068676 34.680664 3.589142
v 59.925720 34.598129 3.360683
v 59.793739 34.521931 3.081942
v 59.674820 34.453274 2.757314
v 59.570835 34.393238 2.391918
v 59.483421 34.342770 1.991518
v 59.413963 34.302670 1.562428
v 59.363552 34.273563 1.111415
v 59.332985 34.255913 0.645592
v 59.322739 34.250000 0.172304
v 59.332985 34.255913 -0.300983
v 59.363552 34.273563 -0.766807
v 59.413963 34.302670 -1.217820
v 59.483421 34.342770 -1.646910
v 59.570835 34.393238 -2.047310
v 59.674820 34.453274 -2.412705
v 59.793739 34.521931 -2.737334
v 59.925720 34.598129 -3.016075
v 60.068676 34.680664 -3.244534
v 60.220352 34.768238 -3.419107
v 60.378365 34.859463 -3.537042
v 60.540211 34.952908 -3.596478
v 60.703346 35.047092 -3.596478
v 60.865192 35.140537 -3.537042
v 61.023205 35.231762 -3.419107
v 61.174881 35.319336 -3.244534
v 61.317837 35.401871 -3.016075
v 61.449818 35.478069 -2.737334
v 61.568737 35.546726 -2.412705
v 61.672722 35.606762 -2.047310
v 61.760136 35.657230 -1.646910
v 61.829594 35.697330 -1.217820
v 61.880005 35.726437 -0.766807
v 61.910572 35.744087 -0.300983
v 59.450077 39.723270 0.172304
v 59.440243 39.716702 0.645592
v 59.410892 39.697090 1.111415
v 59.362495 39.664749 1.562428
v 59.295807 39.620190 1.991518
v 59.211884 39.564114 2.391918
v 59.112045 39.497406 2.757314
v 58.997871 39.421116 3.081942
v 58.871159 39.336449 3.360683
v 58.733906 39.244743 3.589142
v 58.588280 39.147438 3.763716
v 58.436577 39.046070 3.881650
v 58.281185 38.942242 3.941086
v 58.124561 38.837589 3.941086
v 57.969170 38.733761 3.881650
v 57.817467 38.632397 3.763716
v 57.671841 38.535091 3.589142
v 57.534588 38.443382 3.360683
v 57.407875 38.358715 3.081942
v 57.293701 38.282425 2.757314
v 57.193863 38.215717 2.391918
v 57.109940 38.159641 1.991518
v 57.043251 38.115082 1.562428
v 56.994850 38.082741 1.111415
v 56.965504 38.063133 0.645592
v 56.955669 38.056561 0.172304
v 56.965504 38.063133 -0.300983
v 56.994850 38.082741 -0.766807
v 57.043251 38.115082 -1.217820
v 57.109940 38.159641 -1.646910
v 57.193863 38.215717 -2.047310
v 57.293701 38.282425 -2.412705
v 57.407875 38.358715 -2.737334
v 57.534588 38.443382 -3.016075
v 57.671841 38.535091 -3.244534
v 57.817467 38.632397 -3.419107
v 57.969170 38.733761 -3.537042
v 58.124561 38.837589 -3.596478
v 58.281185 38.942242 -3.596478
v 58.436577 39.046070 -3.537042
v 58.588280 39.147438 -3.419107
v 58.733906 39.244743 -3.244534
v 58.871159 39.336449 -3.016075
v 58.997871 39.421116 -2.737334
v 59.112045 39.497406 -2.412705
v 59.211884 39.564114 -2.047310
v 59.295807 39.620190 -1.646910
v 59.362495 39.664749 -1.217820
v 59.410892 39.697090 -0.766807
v 59.440243 39.716702 -0.300983
v 56.724762 43.526443 0.172304
v 56.715382 43.519241 0.645592
v 56.687378 43.497753 1.111415
v 56.641197 43.462318 1.562428
v 56.577564 43.413494 1.991518
v 56.497490 43.352047 2.391918
v 56.402229 43.278954 2.757314
v 56.293289 43.195358 3.081942
v 56.172382 43.102585 3.360683
v 56.041424 43.002098 3.589142
v 55.902473 42.895477 3.763716
v 55.757725 42.784405 3.881650
v 55.609455 42.670635 3.941086
v 55.460011 42.555962 3.941086
v 55.311745 42.442196 3.881650
v 55.166996 42.331123 3.763716
v 55.028042 42.224503 3.589142
v 54.897083 42.124016 3.360683
v 54.776180 42.031242 3.081942
v 54.667240 41.947647 2.757314
v 54.571980 41.874554 2.391918
v 54.491901 41.813107 1.991518
v 54.428272 41.764282 1.562428
v 54.382092 41.728848 1.111415
v 54.354088 41.707359 0.645592
v 54.344704 41.700157 0.172304
v 54.354088 41.707359 -0.300983
v 54.382092 41.728848 -0.766807
v 54.428272 41.764282 -1.217820
v 54.491901 41.813107 -1.646910
v 54.571980 41.874554 -2.047310
v 54.667240 41.947647 -2.412705
v 54.776180 42.031242 -2.737334
v 54.897083 42.124016 -3.016075
v 55.028042 42.224503 -3.244534
v 55.166996 42.331123 -3.419107
v 55.311745 42.442196 -3.537042
v 55.460011 42.555962 -3.596478
v 55.609455 42.670635 -3.596478
v 55.757725 42.784405 -3.537042
v 55.902473 42.895477 -3.419107
v 56.041424 43.002098 -3.244534
v 56.172382 43.102585 -3.016075
v 56.293289 43.195358 -2.737334
v 56.402229 43.278954 -2.412705
v 56.497490 43.352047 -2.047310
v 56.577564 43.413494 -1.646910
v 56.641197 43.462318 -1.217820
v 56.687378 43.497753 -0.766807
v 56.715382 43.519241 -0.300983
v 53.756546 47.143227 0.172304
v 53.747654 47.135426 0.645592
v 53.721115 47.112152 1.111415
v 53.677349 47.073772 1.562428
v 53.617050 47.020889 1.991518
v 53.541164 46.954342 2.391918
v 53.450890 46.875172 2.757314
v 53.347649 46.784630 3.081942
v 53.233070 46.684151 3.360683
v 53.108963 46.575310 3.589142
v 52.977283 46.459831 3.763716
v 52.840107 46.339531 3.881650
v 52.699600 46.216309 3.941086
v 52.557976 46.092106 3.941086
v 52.417465 45.968884 3.881650
v 52.280289 45.848583 3.763716
v 52.148609 45.733105 3.589142
v 52.024502 45.624264 3.360683
v 51.909924 45.523785 3.081942
v 51.806686 45.433243 2.757314
v 51.716412 45.354073 2.391918
v 51.640522 45.287525 1.991518
v 51.580223 45.234642 1.562428
v 51.536457 45.196259 1.111415
v 51.509918 45.172989 0.645592
v 51.501026 45.165188 0.172304
v 51.509918 45.172989 -0.300983
v 51.536457 45.196259 -0.766807
v 51.580223 45.234642 -1.217820
v 51.640522 45.287525 -1.646910
v 51.716412 45.354073 -2.047310
v 51.806686 45.433243 -2.412705
v 51.909924 45.523785 -2.737334
v 52.024502 45.624264 -3.016075
v 52.148609 45.733105 -3.244534
v 52.280289 45.848583 -3.419107
v 52.417465 45.968884 -3.537042
v 52.557976 46.092106 -3.596478
v 52.699600 46.216309 -3.596478
v 52.840107 46.339531 -3.537042
v 52.977283 46.459831 -3.419107
v 53.108963 46.575310 -3.244534
v 53.233070 46.684151 -3.016075
v 53.347649 46.784630 -2.737334
v 53.450890 46.875172 -2.412705
v 53.541164 46.954342 -2.047310
v 53.617050 47.020889 -1.646910
v 53.677349 47.073772 -1.217820
v 53.721115 47.112152 -0.766807
v 53.747654 47.135426 -0.300983
v 50.558136 50.558136 0.172304
v 50.549770 50.549770 0.645592
v 50.524811 50.524811 1.111415
v 50.483650 50.483650 1.562428
v 50.426937 50.426937 1.991518
v 50.355568 50.355568 2.391918
v 50.270664 50.270664 2.757314
v 50.173565 50.173565 3.081942
v 50.065804 50.065804 3.360683
v 49.949081 49.949081 3.589142
v 49.825237 49.825237 3.763716
v 49.696224 49.696224 3.881650
v 49.564075 49.564075 3.941086
v 49.430874 49.430874 3.941086
v 49.298725 49.298725 3.881650
v 49.169712 49.169712 3.763716
v 49.045868 49.045868 3.589142
v 48.929146 48.929146 3.360683
v 48.821384 48.821384 3.081942
v 48.724285 48.724285 2.757314
v 48.639381 48.639381 2.391918
v 48.568012 48.568012 1.991518
v 48.511299 48.511299 1.562428
v 48.470139 48.470139 1.111415
v 48.445179 48.445179 0.645592
v 48.436813 48.436813 0.172304
v 48.445179 48.445179 -0.300983
v 48.470139 48.470139 -0.766807
v 48.511299 48.511299 -1.217820
v 48.568012 48.568012 -1.646910
v 48.639381 48.639381 -2.047310
v 48.724285 48.724285 -2.412705
v 48.821384 48.821384 -2.737334
v 48.929146 48.929146 -3.016075
v 49.045868 49.045868 -3.244534
v 49.169712 49.169712 -3.419107
v 49.298725 49.298725 -3.537042
v 49.430874 49.430874 -3.596478
v 49.564075 49.564075 -3.596478
v 49.696224 49.696224 -3.537042
v 49.825237 49.825237 -3.419107
v 49.949081 49.949081 -3.244534
v 50.065804 50.065804 -3.016075
v 50.173565 50.173565 -2.737334
v 50.270664 50.270664 -2.412705
v 50.355568 50.355568 -2.047310
v 50.426937 50.426937 -1.646910
v 50.483650 50.483650 -1.217820
v 50.524811 50.524811 -0.766807
v 50.549770 50.549770 -0.300983
v 47.143227 53.756546 0.172304
v 47.135426 53.747654 0.645592
v 47.112152 53.721115 1.111415
v 47.073772 53.677349 1.562428
v 47.020889 53.617050 1.991518
v 46.954342 53.541164 2.391918
v 46.875172 53.450890 2.757314
v 46.784630 53.347649 3.081942
v 46.684151 53.233070 3.360683
v 46.575310 53.108963 3.589142
v 46.459831 52.977283 3.763716
v 46.339531 52.840107 3.881650
v 46.216309 52.699600 3.941086
v 46.092106 52.557976 3.941086
v 45.968884 52.417465 3.881650
v 45.848583 52.280289 3.763716
v 45.733105 52.148609 3.589142
v 45.624264 52.024502 3.360683
v 45.523785 51.909924 3.081942
v 45.433243 51.806686 2.757314
v 45.354073 51.716412 2.391918
v 45.287525 51.640522 1.991518
v 45.234642 51.580223 1.562428
v 45.196259 51.536457 1.111415
v 45.172989 51.509918 0.645592
v 45.165188 51.501026 0.172304
v 45.172989 51.509918 -0.300983
v 45.196259 51.536457 -0.766807
v 45.234642 51.580223 -1.217820
v 45.287525 51.640522 -1.646910
v 45.354073 51.716412 -2.047310
v 45.433243 51.806686 -2.412705
v 45.523785 51.909924 -2.737334
v 45.624264 52.024502 -3.016075
v 45.733105 52.148609 -3.244534
v 45.848583 52.280289 -3.419107
v 45.968884 52.417465 -3.537042
v 46.092106 52.557976 -3.596478
v 46.216309 52.699600 -3.596478
v 46.339531 52.840107 -3.537042
v 46.459831 52.977283 -3.419107
v 46.575310 53.108963 -3.244534
v 46.684151 53.233070 -3.016075
v 46.784630 53.347649 -2.737334
v 46.875172 53.450890 -2.412705
v 46.954342 53.541164 -2.047310
v 47.020889 53.617050 -1.646910
v 47.073772 53.677349 -1.217820
v 47.112152 53.721115 -0.766807
v 47.135426 53.747654 -0.300983
v 43.526443 56.724762 0.172304
v 43.519241 56.715382 0.645592
v 43.497753 56.687378 1.111415
v 43.462318 56.641197 1.562428
v 43.413494 56.577564 1.991518
v 43.352047 56.497490 2.391918
v 43.278954 56.402229 2.757314
v 43.195358 56.293289 3.081942
v 43.102585 56.172382 3.360683
v 43.002098 56.041424 3.589142
v 42.895477 55.902473 3.763716
v 42.784405 55.757725 3.881650
v 42.670635 55.609455 3.941086
v 42.555962 55.460011 3.941086
v 42.442196 55.311745 3.881650
v 42.331123 55.166996 3.763716
v 42.224503 55.028042 3.589142
v 42.124016 54.897083 3.360683
v 42.031242 54.776180 3.081942
v 41.947647 54.667240 2.757314
v 41.874554 54.571980 2.391918
v 41.813107 54.491901 1.991518
v 41.764282 54.428272 1.562428
v 41.728848 54.382092 1.111415
v 41.707359 54.354088 0.645592
v 41.700157 54.344704 0.172304
v 41.707359 54.354088 -0.300983
v 41.728848 54.382092 -0.766807
v 41.764282 54.428272 -1.217820
v 41.813107 54.491901 -1.646910
v 41.874554 54.571980 -2.047310
v 41.947647 54.667240 -2.412705
v 42.031242 54.776180 -2.737334
v 42.124016 54.897083 -3.016075
v 42.224503 55.028042 -3.244534
v 42.331123 55.166996 -3.419107
v 42.442196 55.311745 -3.537042
v 42.555962 55.460011 -3.596478
v 42.670635 55.609455 -3.596478
v 42.784405 55.757725 -3.537042
v 42.895477 55.902473 -3.419107
v 43.002098 56.041424 -3.244534
v 43.102585 56.172382 -3.016075
v 43.195358 56.293289 -2.737334
v 43.278954 56.402229 -2.412705
v 43.352047 56.497490 -2.047310
v 43.413494 56.577564 -1.646910
v 43.462318 56.641197 -1.217820
v 43.497753 56.687378 -0.766807
v 43.519241 56.715382 -0.300983
v 39.723270 59.450077 0.172304
v 39.716702 59.440243 0.645592
v 39.697090 59.410892 1.111415
v 39.664749 59.362495 1.562428
v 39.620190 59.295807 1.991518
v 39.564114 59.211884 2.391918
v 39.497406 59.112045 2.757314
v 39.421116 58.997871 3.081942
v 39.336449 58.871159 3.360683
v 39.244743 58.733906 3.589142
v 39.147438 58.588280 3.763716
v 39.046070 58.436577 3.881650
v 38.942242 58.281185 3.941086
v 38.837589 58.124561 3.941086
v 38.733761 57.969170 3.881650
v 38.632397 57.817467 3.763716
v 38.535091 57.671841 3.589142
v 38.443382 57.534588 3.360683
v 38.358715 57.407875 3.081942
v 38.282425 57.293701 2.757314
v 38.215717 57.193863 2.391918
v 38.159641 57.109940 1.991518
v 38.115082 57.043251 1.562428
v 38.082741 56.994850 1.111415
v 38.063133 56.965504 0.645592
v 38.056561 56.955669 0.172304
v 38.063133 56.965504 -0.300983
v 38.082741 56.994850 -0.766807
v 38.115082 57.043251 -1.217820
v 38.159641 57.109940 -1.646910
v 38.215717 57.193863 -2.047310
v 38.282425 57.293701 -2.412705
v 38.358715 57.407875 -2.737334
v 38.443382 57.534588 -3.016075
v 38.535091 57.671841 -3.244534
v 38.632397 57.817467 -3.419107
v 38.733761 57.969170 -3.537042
v 38.837589 58.124561 -3.596478
v 38.942242 58.281185 -3.596478
v 39.046070 58.436577 -3.537042
v 39.147438 58.588280 -3.419107
v 39.244743 58.733906 -3.244534
v 39.336449 58.871159 -3.016075
v 39.421116 58.997871 -2.737334
v 39.497406 59.112045 -2.412705
v 39.564114 59.211884 -2.047310
v 39.620190 59.295807 -1.646910
v 39.664749 59.362495 -1.217820
v 39.697090 59.410892 -0.766807
v 39.716702 59.440243 -0.300983
v 35.750000 61.920815 0.172304
v 35.744087 61.910572 0.645592
v 35.726437 61.880005 1.111415
v 35.697330 61.829594 1.562428
v 35.657230 61.760136 1.991518
v 35.606762 61.672722 2.391918
v 35.546726 61.568737 2.757314
v 35.478069 61.449818 3.081942
v 35.401871 61.317837 3.360683
v 35.319336 61.174881 3.589142
v 35.231762 61.023205 3.763716
v 35.140537 60.865192 3.881650
v 35.047092 60.703346 3.941086
v 34.952908 60.540211 3.941086
v 34.859463 60.378365 3.881650
v 34.768238 60.220352 3.763716
v 34.680664 60.068676 3.589142
v 34.598129 59.925720 3.360683
v 34.521931 59.793739 3.081942
v 34.453274 59.674820 2.757314
v 34.393238 59.570835 2.391918
v 34.342770 59.483421 1.991518
v 34.302670 59.413963 1.562428
v 34.273563 59.363552 1.111415
v 34.255913 59.332985 0.645592
v 34.250000 59.322739 0.172304
v 34.255913 59.332985 -0.300983
v 34.273563 59.363552 -0.766807
v 34.302670 59.413963 -1.217820
v 34.342770 59.483421 -1.646910
v 34.393238 59.570835 -2.047310
v 34.453274 59.674820 -2.412705
v 34.521931 59.793739 -2.737334
v 34.598129 59.925720 -3.016075
v 34.680664 60.068676 -3.244534
v 34.768238 60.220352 -3.419107
v 34.859463 60.378365 -3.537042
v 34.952908 60.540211 -3.596478
v 35.047092 60.703346 -3.596478
v 35.140537 60.865192 -3.537042
v 35.231762 61.023205 -3.419107
v 35.319336 61.174881 -3.244534
v 35.401871 61.317837 -3.016075
v 35.478069 61.449818 -2.737334
v 35.546726 61.568737 -2.412705
v 35.606762 61.672722 -2.047310
v 35.657230 61.760136 -1.646910
v 35.697330 61.829594 -1.217820
v 35.726437 61.880005 -0.766807
v 35.744087 61.910572 -0.300983
v 31.623642 64.126404 0.172304
v 31.618410 64.115791 0.645592
v 31.602798 64.084137 1.111415
v 31.577053 64.031929 1.562428
v 31.541578 63.959995 1.991518
v 31.496937 63.869469 2.391918
v 31.443830 63.761780 2.757314
v 31.383097 63.638626 3.081942
v 31.315693 63.501945 3.360683
v 31.242683 63.353897 3.589142
v 31.165220 63.196815 3.763716
v 31.084524 63.033176 3.881650
v 31.001865 62.865566 3.941086
v 30.918550 62.696621 3.941086
v 30.835894 62.529007 3.881650
v 30.755196 62.365368 3.763716
v 30.677732 62.208286 3.589142
v 30.604723 62.060238 3.360683
v 30.537321 61.923561 3.081942
v 30.476587 61.800404 2.757314
v 30.423479 61.692715 2.391918
v 30.378838 61.602188 1.991518
v 30.343365 61.530254 1.562428
v 30.317617 61.478046 1.111415
v 30.302006 61.446392 0.645592
v 30.296776 61.435783 0.172304
v 30.302006 61.446392 -0.300983
v 30.317617 61.478046 -0.766807
v 30.343365 61.530254 -1.217820
v 30.378838 61.602188 -1.646910
v 30.423479 61.692715 -2.047310
v 30.476587 61.800404 -2.412705
v 30.537321 61.923561 -2.737334
v 30.604723 62.060238 -3.016075
v 30.677732 62.208286 -3.244534
v 30.755196 62.365368 -3.419107
v 30.835894 62.529007 -3.537042
v 30.918550 62.696621 -3.596478
v 31.001865 62.865566 -3.596478
v 31.084524 63.033176 -3.537042
v 31.165220 63.196815 -3.419107
v 31.242683 63.353897 -3.244534
v 31.315693 63.501945 -3.016075
v 31.383097 63.638626 -2.737334
v 31.443830 63.761780 -2.412705
v 31.496937 63.869469 -2.047310
v 31.541578 63.959995 -1.646910
v 31.577053 64.031929 -1.217820
v 31.602798 64.084137 -0.766807
v 31.618410 64.115791 -0.300983
v 27.361866 66.057388 0.172304
v 27.357340 66.046455 0.645592
v 27.343832 66.013847 1.111415
v 27.321556 65.960068 1.562428
v 27.290863 65.885971 1.991518
v 27.252235 65.792717 2.391918
v 27.206287 65.681786 2.757314
v 27.153738 65.554924 3.081942
v 27.095419 65.414124 3.360683
v 27.032248 65.261620 3.589142
v 26.965223 65.099808 3.763716
v 26.895401 64.931244 3.881650
v 26.823883 64.758583 3.941086
v 26.751797 64.584549 3.941086
v 26.680279 64.411888 3.881650
v 26.610456 64.243324 3.763716
v 26.543432 64.081512 3.589142
v 26.480263 63.929008 3.360683
v 26.421944 63.788212 3.081942
v 26.369394 63.661350 2.757314
v 26.323444 63.550415 2.391918
v 26.284819 63.457165 1.991518
v 26.254126 63.383064 1.562428
v 26.231850 63.329285 1.111415
v 26.218342 63.296677 0.645592
v 26.213816 63.285748 0.172304
v 26.218342 63.296677 -0.300983
v 26.231850 63.329285 -0.766807
v 26.254126 63.383064 -1.217820
v 26.284819 63.457165 -1.646910
v 26.323444 63.550415 -2.047310
v 26.369394 63.661350 -2.412705
v 26.421944 63.788212 -2.737334
v 26.480263 63.929008 -3.016075
v 26.543432 64.081512 -3.244534
v 26.610456 64.243324 -3.419107
v 26.680279 64.411888 -3.537042
v 26.751797 64.584549 -3.596478
v 26.823883 64.758583 -3.596478
v 26.895401 64.931244 -3.537042
v 26.965223 65.099808 -3.419107
v 27.032248 65.261620 -3.244534
v 27.095419 65.414124 -3.016075
v 27.153738 65.554924 -2.737334
v 27.206287 65.681786 -2.412705
v 27.252235 65.792717 -2.047310
v 27.290863 65.885971 -1.646910
v 27.321556 65.960068 -1.217820
v 27.343832 66.013847 -0.766807
v 27.357340 66.046455 -0.300983
v 22.982922 67.705505 0.172304
v 22.979120 67.694305 0.645592
v 22.967773 67.660881 1.111415
v 22.949062 67.605759 1.562428
v 22.923283 67.529808 1.991518
v 22.890837 67.434235 2.391918
v 22.852242 67.320534 2.757314
v 22.808102 67.190506 3.081942
v 22.759117 67.046196 3.360683
v 22.706057 66.889885 3.589142
v 22.649757 66.724037 3.763716
v 22.591110 66.551262 3.881650
v 22.531038 66.374298 3.941086
v 22.470488 66.195923 3.941086
v 22.410416 66.018951 3.881650
v 22.351767 65.846184 3.763716
v 22.295469 65.680336 3.589142
v 22.242409 65.524025 3.360683
v 22.193422 65.379715 3.081942
v 22.149284 65.249687 2.757314
v 22.110687 65.135986 2.391918
v 22.078243 65.040405 1.991518
v 22.052462 64.964462 1.562428
v 22.033751 64.909340 1.111415
v 22.022406 64.875916 0.645592
v 22.018604 64.864716 0.172304
v 22.022406 64.875916 -0.300983
v 22.033751 64.909340 -0.766807
v 22.052462 64.964462 -1.217820
v 22.078243 65.040405 -1.646910
v 22.110687 65.135986 -2.047310
v 22.149284 65.249687 -2.412705
v 22.193422 65.379715 -2.737334
v 22.242409 65.524025 -3.016075
v 22.295469 65.680336 -3.244534
v 22.351767 65.846184 -3.419107
v 22.410416 66.018951 -3.537042
v 22.470488 66.195923 -3.596478
v 22.531038 66.374298 -3.596478
v 22.591110 66.551262 -3.537042
v 22.649757 66.724037 -3.419107
v 22.706057 66.889885 -3.244534
v 22.759117 67.046196 -3.016075
v 22.808102 67.190506 -2.737334
v 22.852242 67.320534 -2.412705
v 22.890837 67.434235 -2.047310
v 22.923283 67.529808 -1.646910
v 22.949062 67.605759 -1.217820
v 22.967773 67.660881 -0.766807
v 22.979120 67.694305 -0.300983
v 18.505562 69.063698 0.172304
v 18.502501 69.052269 0.645592
v 18.493364 69.018181 1.111415
v 18.478298 68.961952 1.562428
v 18.457541 68.884476 1.991518
v 18.431417 68.786980 2.391918
v 18.400339 68.671005 2.757314
v 18.364799 68.538361 3.081942
v 18.325356 68.391159 3.360683
v 18.282633 68.231712 3.589142
v 18.237303 68.062538 3.763716
v 18.190081 67.886299 3.881650
v 18.141710 67.705788 3.941086
v 18.092957 67.523834 3.941086
v 18.044586 67.343315 3.881650
v 17.997364 67.167076 3.763716
v 17.952034 66.997902 3.589142
v 17.909309 66.838455 3.360683
v 17.869867 66.691254 3.081942
v 17.834326 66.558617 2.757314
v 17.803249 66.442635 2.391918
v 17.777126 66.345139 1.991518
v 17.756367 66.267662 1.562428
v 17.741301 66.211441 1.111415
v 17.732166 66.177345 0.645592
v 17.729105 66.165916 0.172304
v 17.732166 66.177345 -0.300983
v 17.741301 66.211441 -0.766807
v 17.756367 66.267662 -1.217820
v 17.777126 66.345139 -1.646910
v 17.803249 66.442635 -2.047310
v 17.834326 66.558617 -2.412705
v 17.869867 66.691254 -2.737334
v 17.909309 66.838455 -3.016075
v 17.952034 66.997902 -3.244534
v 17.997364 67.167076 -3.419107
v 18.044586 67.343315 -3.537042
v 18.092957 67.523834 -3.596478
v 18.141710 67.705788 -3.596478
v 18.190081 67.886299 -3.537042
v 18.237303 68.062538 -3.419107
v 18.282633 68.231712 -3.244534
v 18.325356 68.391159 -3.016075
v 18.364799 68.538361 -2.737334
v 18.400339 68.671005 -2.412705
v 18.431417 68.786980 -2.047310
v 18.457541 68.884476 -1.646910
v 18.478298 68.961952 -1.217820
v 18.493364 69.018181 -0.766807
v 18.502501 69.052269 -0.300983
v 13.948958 70.126144 0.172304
v 13.946651 70.114548 0.645592
v 13.939764 70.079926 1.111415
v 13.928408 70.022835 1.562428
v 13.912761 69.944176 1.991518
v 13.893069 69.845177 2.391918
v 13.869644 69.727409 2.757314
v 13.842855 69.592735 3.081942
v 13.813125 69.443268 3.360683
v 13.780921 69.281364 3.589142
v 13.746752 69.109589 3.763716
v 13.711157 68.930641 3.881650
v 13.674697 68.747345 3.941086
v 13.637948 68.562592 3.941086
v 13.601488 68.379295 3.881650
v 13.565893 68.200348 3.763716
v 13.531724 68.028572 3.589142
v 13.499520 67.866676 3.360683
v 13.469790 67.717209 3.081942
v 13.443001 67.582527 2.757314
v 13.419576 67.464760 2.391918
v 13.399884 67.365768 1.991518
v 13.384237 67.287102 1.562428
v 13.372881 67.230011 1.111415
v 13.365994 67.195389 0.645592
v 13.363688 67.183792 0.172304
v 13.365994 67.195389 -0.300983
v 13.372881 67.230011 -0.766807
v 13.384237 67.287102 -1.217820
v 13.399884 67.365768 -1.646910
v 13.419576 67.464760 -2.047310
v 13.443001 67.582527 -2.412705
v 13.469790 67.717209 -2.737334
v 13.499520 67.866676 -3.016075
v 13.531724 68.028572 -3.244534
v 13.565893 68.200348 -3.419107
v 13.601488 68.379295 -3.537042
v 13.637948 68.562592 -3.596478
v 13.674697 68.747345 -3.596478
v 13.711157 68.930641 -3.537042
v 13.746752 69.109589 -3.419107
v 13.780921 69.281364 -3.244534
v 13.813125 69.443268 -3.016075
v 13.842855 69.592735 -2.737334
v 13.869644 69.727409 -2.412705
v 13.893069 69.845177 -2.047310
v 13.912761 69.944176 -1.646910
v 13.928408 70.022835 -1.217820
v 13.939764 70.079926 -0.766807
v 13.946651 70.114548 -0.300983
v 9.332623 70.888306 0.172304
v 9.331079 70.876579 0.645592
v 9.326471 70.841583 1.111415
v 9.318873 70.783875 1.562428
v 9.308405 70.704353 1.991518
v 9.295230 70.604286 2.391918
v 9.279557 70.485237 2.757314
v 9.261634 70.349098 3.081942
v 9.241742 70.198006 3.360683
v 9.220197 70.034348 3.589142
v 9.197335 69.860703 3.763716
v 9.173521 69.679810 3.881650
v 9.149127 69.494522 3.941086
v 9.124539 69.307762 3.941086
v 9.100146 69.122475 3.881650
v 9.076331 68.941582 3.763716
v 9.053471 68.767937 3.589142
v 9.031924 68.604279 3.360683
v 9.012033 68.453186 3.081942
v 8.994109 68.317039 2.757314
v 8.978436 68.197998 2.391918
v 8.965262 68.097923 1.991518
v 8.954793 68.018410 1.562428
v 8.947195 67.960693 1.111415
v 8.942588 67.925697 0.645592
v 8.941044 67.913971 0.172304
v 8.942588 67.925697 -0.300983
v 8.947195 67.960693 -0.766807
v 8.954793 68.018410 -1.217820
v 8.965262 68.097923 -1.646910
v 8.978436 68.197998 -2.047310
v 8.994109 68.317039 -2.412705
v 9.012033 68.453186 -2.737334
v 9.031924 68.604279 -3.016075
v 9.053471 68.767937 -3.244534
v 9.076331 68.941582 -3.419107
v 9.100146 69.122475 -3.537042
v 9.124539 69.307762 -3.596478
v 9.149127 69.494522 -3.596478
v 9.173521 69.679810 -3.537042
v 9.197335 69.860703 -3.419107
v 9.220197 70.034348 -3.244534
v 9.241742 70.198006 -3.016075
v 9.261634 70.349098 -2.737334
v 9.279557 70.485237 -2.412705
v 9.295230 70.604286 -2.047310
v 9.308405 70.704353 -1.646910
v 9.318873 70.783875 -1.217820
v 9.326471 70.841583 -0.766807
v 9.331079 70.876579 -0.300983
v 4.676324 71.346916 0.172304
v 4.675550 71.335114 0.645592
v 4.673242 71.299889 1.111415
v 4.669435 71.241806 1.562428
v 4.664189 71.161774 1.991518
v 4.657588 71.061050 2.391918
v 4.649734 70.941238 2.757314
v 4.640753 70.804214 3.081942
v 4.630786 70.652145 3.360683
v 4.619990 70.487427 3.589142
v 4.608535 70.312660 3.763716
v 4.596602 70.130592 3.881650
v 4.584379 69.944107 3.941086
v 4.572059 69.756142 3.941086
v 4.559836 69.569656 3.881650
v 4.547903 69.387589 3.763716
v 4.536448 69.212822 3.589142
v 4.525652 69.048103 3.360683
v 4.515685 68.896034 3.081942
v 4.506704 68.759010 2.757314
v 4.498851 68.639198 2.391918
v 4.492249 68.538483 1.991518
v 4.487004 68.458443 1.562428
v 4.483196 68.400360 1.111415
v 4.480888 68.365135 0.645592
v 4.480114 68.353333 0.172304
v 4.480888 68.365135 -0.300983
v 4.483196 68.400360 -0.766807
v 4.487004 68.458443 -1.217820
v 4.492249 68.538483 -1.646910
v 4.498851 68.639198 -2.047310
v 4.506704 68.759010 -2.412705
v 4.515685 68.896034 -2.737334
v 4.525652 69.048103 -3.016075
v 4.536448 69.212822 -3.244534
v 4.547903 69.387589 -3.419107
v 4.559836 69.569656 -3.537042
v 4.572059 69.756142 -3.596478
v 4.584379 69.944107 -3.596478
v 4.596602 70.130592 -3.537042
v 4.608535 70.312660 -3.419107
v 4.619990 70.487427 -3.244534
v 4.630786 70.652145 -3.016075
v 4.640753 70.804214 -2.737334
v 4.649734 70.941238 -2.412705
v 4.657588 71.061050 -2.047310
v 4.664189 71.161774 -1.646910
v 4.669435 71.241806 -1.217820
v 4.673242 71.299889 -0.766807
v 4.675550 71.335114 -0.300983
v 0.000000 71.500000 0.172304
v 0.000000 71.488174 0.645592
v 0.000000 71.452873 1.111415
v 0.000000 71.394661 1.562428
v 0.000000 71.314461 1.991518
v 0.000000 71.213524 2.391918
v 0.000000 71.093452 2.757314
v 0.000000 70.956139 3.081942
v 0.000000 70.803741 3.360683
v 0.000000 70.638672 3.589142
v 0.000000 70.463524 3.763716
v 0.000000 70.281075 3.881650
v 0.000000 70.094185 3.941086
v 0.000000 69.905815 3.941086
v 0.000000 69.718925 3.881650
v 0.000000 69.536476 3.763716
v 0.000000 69.361328 3.589142
v 0.000000 69.196259 3.360683
v 0.000000 69.043861 3.081942
v 0.000000 68.906548 2.757314
v 0.000000 68.786476 2.391918
v 0.000000 68.685539 1.991518
v 0.000000 68.605339 1.562428
v 0.000000 68.547127 1.111415
v 0.000000 68.511826 0.645592
v 0.000000 68.500000 0.172304
v 0.000000 68.511826 -0.300983
v 0.000000 68.547127 -0.766807
v 0.000000 68.605339 -1.217820
v 0.000000 68.685539 -1.646910
v 0.000000 68.786476 -2.047310
v 0.000000 68.906548 -2.412705
v 0.000000 69.043861 -2.737334
v 0.000000 69.196259 -3.016075
v 0.000000 69.361328 -3.244534
v 0.000000 69.536476 -3.419107
v 0.000000 69.718925 -3.537042
v 0.000000 69.905815 -3.596478
v 0.000000 70.094185 -3.596478
v 0.000000 70.281075 -3.537042
v 0.000000 70.463524 -3.419107
v 0.000000 70.638672 -3.244534
v 0.000000 70.803741 -3.016075
v 0.000000 70.956139 -2.737334
v 0.000000 71.093452 -2.412705
v 0.000000 71.213524 -2.047310
v 0.000000 71.314461 -1.646910
v 0.000000 71.394661 -1.217820
v 0.000000 71.452873 -0.766807
v 0.000000 71.488174 -0.300983
v -4.676324 71.346916 0.172304
v -4.675550 71.335114 0.645592
v -4.673242 71.299889 1.111415
v -4.669435 71.241806 1.562428
v -4.664189 71.161774 1.991518
v -4.657588 71.061050 2.391918
v -4.649734 70.941238 2.757314
v -4.640753 70.804214 3.081942
v -4.630786 70.652145 3.360683
v -4.619990 70.487427 3.589142
v -4.608535 70.312660 3.763716
v -4.596602 70.130592 3.881650
v -4.584379 69.944107 3.941086
v -4.572059 69.756142 3.941086
v -4.559836 69.569656 3.881650
v -4.547903 69.387589 3.763716
v -4.536448 69.212822 3.589142
v -4.525652 69.048103 3.360683
v -4.515685 68.896034 3.081942
v -4.506704 68.759010 2.757314
v -4.498851 68.639198 2.391918
v -4.492249 68.538483 1.991518
v -4.487004 68.458443 1.562428
v -4.483196 68.400360 1.111415
v -4.480888 68.365135 0.645592
v -4.480114 68.353333 0.172304
v -4.480888 68.365135 -0.300983
v -4.483196 68.400360 -0.766807
v -4.487004 68.458443 -1.217820
v -4.492249 68.538483 -1.646910
v -4.498851 68.639198 -2.047310
v -4.506704 68.759010 -2.412705
v -4.515685 68.896034 -2.737334
v -4.525652 69.048103 -3.016075
v -4.536448 69.212822 -3.244534
v -4.547903 69.387589 -3.419107
v -4.559836 69.569656 -3.537042
v -4.572059 69.756142 -3.596478
v -4.584379 69.944107 -3.596478
v -4.596602 70.130592 -3.537042
v -4.608535 70.312660 -3.419107
v -4.619990 70.487427 -3.244534
v -4.630786 70.652145 -3.016075
v -4.640753 70.804214 -2.737334
v -4.649734 70.941238 -2.412705
v -4.657588 71.061050 -2.047310
v -4.664189 71.161774 -1.646910
v -4.669435 71.241806 -1.217820
v -4.673242 71.299889 -0.766807
v -4.675550 71.335114 -0.300983
v -9.332623 70.888306 0.172304
v -9.331079 70.876579 0.645592
v -9.326471 70.841583 1.111415
v -9.318873 70.783875 1.562428
v -9.308405 70.704353 1.991518
v -9.295230 70.604286 2.391918
v -9.279557 70.485237 2.757314
v -9.261634 70.349098 3.081942
v -9.241742 70.198006 3.360683
v -9.220197 70.034348 3.589142
v -9.197335 69.860703 3.763716
v -9.173521 69.679810 3.881650
v -9.149127 69.494522 3.941086
v -9.124539 69.307762 3.941086
v -9.100146 69.122475 3.881650
v -9.076331 68.941582 3.763716
v -9.053471 68.767937 3.589142
v -9.031924 68.604279 3.360683
v -9.012033 68.453186 3.081942
v -8.994109 68.317039 2.757314
v -8.978436 68.197998 2.391918
v -8.965262 68.097923 1.991518
v -8.954793 68.018410 1.562428
v -8.947195 67.960693 1.111415
v -8.942588 67.925697 0.645592
v -8.941044 67.913971 0.172304
v -8.942588 67.925697 -0.300983
v -8.947195 67.960693 -0.766807
v -8.954793 68.018410 -1.217820
v -8.965262 68.097923 -1.646910
v -8.978436 68.197998 -2.047310
v -8.994109 68.317039 -2.412705
v -9.012033 68.453186 -2.737334
v -9.031924 68.604279 -3.016075
v -9.053471 68.767937 -3.244534
v -9.076331 68.941582 -3.419107
v -9.100146 69.122475 -3.537042
v -9.124539 69.307762 -3.596478
v -9.149127 69.494522 -3.596478
v -9.173521 69.679810 -3.537042
v -9.197335 69.860703 -3.419107
v -9.220197 70.034348 -3.244534
v -9.241742 70.198006 -3.016075
v -9.261634 70.349098 -2.737334
v -9.279557 70.485237 -2.412705
v -9.295230 70.604286 -2.047310
v -9.308405 70.704353 -1.646910
v -9.318873 70.783875 -1.217820
v -9.326471 70.841583 -0.766807
v -9.331079 70.876579 -0.300983
v -13.948958 70.126144 0.172304
v -13.946651 70.114548 0.645592
v -13.939764 70.079926 1.111415
v -13.928408 70.022835 1.562428
v -13.912761 69.944176 1.991518
v -13.893069 69.845177 2.391918
v -13.869644 69.727409 2.757314
v -13.842855 69.592735 3.081942
v -13.813125 69.443268 3.360683
v -13.780921 69.281364 3.589142
v -13.746752 69.109589 3.763716
v -13.711157 68.930641 3.881650
v -13.674697 68.747345 3.941086
v -13.637948 68.562592 3.941086
v -13.601488 68.379295 3.881650
v -13.565893 68.200348 3.763716
v -13.531724 68.028572 3.589142
v -13.499520 67.866676 3.360683
v -13.469790 67.717209 3.081942
v -13.443001 67.582527 2.757314
v -13.419576 67.464760 2.391918
v -13.399884 67.365768 1.991518
v -13.384237 67.287102 1.562428
v -13.372881 67.230011 1.111415
v -13.365994 67.195389 0.645592
v -13.363688 67.183792 0.172304
v -13.365994 67.195389 -0.300983
v -13.372881 67.230011 -0.766807
v -13.384237 67.287102 -1.217820
v -13.399884 67.365768 -1.646910
v -13.419576 67.464760 -2.047310
v -13.443001 67.582527 -2.412705
v -13.469790 67.717209 -2.737334
v -13.499520 67.866676 -3.016075
v -13.531724 68.028572 -3.244534
v -13.565893 68.200348 -3.419107
v -13.601488 68.379295 -3.537042
v -13.637948 68.562592 -3.596478
v -13.674697 68.747345 -3.596478
v -13.711157 68.930641 -3.537042
v -13.746752 69.109589 -3.419107
v -13.780921 69.281364 -3.244534
v -13.813125 69.443268 -3.016075
v -13.842855 69.592735 -2.737334
v -13.869644 69.727409 -2.412705
v -13.893069 69.845177 -2.047310
v -13.912761 69.944176 -1.646910
v -13.928408 70.022835 -1.217820
v -13.939764 70.079926 -0.766807
v -13.946651 70.114548 -0.300983
v -18.505562 69.063698 0.172304
v -18.502501 69.052269 0.645592
v -18.493364 69.018181 1.111415
v -18.478298 68.961952 1.562428
v -18.457541 68.884476 1.991518
v -18.431417 68.786980 2.391918
v -18.400339 68.671005 2.757314
v -18.364799 68.538361 3.081942
v -18.325356 68.391159 3.360683
v -18.282633 68.231712 3.589142
v -18.237303 68.062538 3.763716
v -18.190081 67.886299 3.881650
v -18.141710 67.705788 3.941086
v -18.092957 67.523834 3.941086
v -18.044586 67.343315 3.881650
v -17.997364 67.167076 3.763716
v -17.952034 66.997902 3.589142
v -17.909309 66.838455 3.360683
v -17.869867 66.691254 3.081942
v -17.834326 66.558617 2.757314
v -17.803249 66.442635 2.391918
v -17.777126 66.345139 1.991518
v -17.756367 66.267662 1.562428
v -17.741301 66.211441 1.111415
v -17.732166 66.177345 0.645592
v -17.729105 66.165916 0.172304
v -17.732166 66.177345 -0.300983
v -17.741301 66.211441 -0.766807
v -17.756367 66.267662 -1.217820
v -17.777126 66.345139 -1.646910
v -17.803249 66.442635 -2.047310
v -17.834326 66.558617 -2.412705
v -17.869867 66.691254 -2.737334
v -17.909309 66.838455 -3.016075
v -17.952034 66.997902 -3.244534
v -17.997364 67.167076 -3.419107
v -18.044586 67.343315 -3.537042
v -18.092957 67.523834 -3.596478
v -18.141710 67.705788 -3.596478
v -18.190081 67.886299 -3.537042
v -18.237303 68.062538 -3.419107
v -18.282633 68.231712 -3.244534
v -18.325356 68.391159 -3.016075
v -18.364799 68.538361 -2.737334
v -18.400339 68.671005 -2.412705
v -18.431417 68.786980 -2.047310
v -18.457541 68.884476 -1.646910
v -18.478298 68.961952 -1.217820
v -18.493364 69.018181 -0.766807
v -18.502501 69.052269 -0.300983
v -22.982922 67.705505 0.172304
v -22.979120 67.694305 0.645592
v -22.967773 67.660881 1.111415
v -22.949062 67.605759 1.562428
v -22.923283 67.529808 1.991518
v -22.890837 67.434235 2.391918
v -22.852242 67.320534 2.757314
v -22.808102 67.190506 3.081942
v -22.759117 67.046196 3.360683
v -22.706057 66.889885 3.589142
v -22.649757 66.724037 3.763716
v -22.591110 66.551262 3.881650
v -22.531038 66.374298 3.941086
v -22.470488 66.195923 3.941086
v -22.410416 66.018951 3.881650
v -22.351767 65.846184 3.763716
v -22.295469 65.680336 3.589142
v -22.242409 65.524025 3.360683
v -22.193422 65.379715 3.081942
v -22.149284 65.249687 2.757314
v -22.110687 65.135986 2.391918
v -22.078243 65.040405 1.991518
v -22.052462 64.964462 1.562428
v -22.033751 64.909340 1.111415
v -22.022406 64.875916 0.645592
v -22.018604 64.864716 0.172304
v -22.022406 64.875916 -0.300983
v -22.033751 64.909340 -0.766807
v -22.052462 64.964462 -1.217820
v -22.078243 65.040405 -1.646910
v -22.110687 65.135986 -2.047310
v -22.149284 65.249687 -2.412705
v -22.193422 65.379715 -2.737334
v -22.242409 65.524025 -3.016075
v -22.295469 65.680336 -3.244534
v -22.351767 65.846184 -3.419107
v -22.410416 66.018951 -3.537042
v -22.470488 66.195923 -3.596478
v -22.531038 66.374298 -3.596478
v -22.591110 66.551262 -3.537042
v -22.649757 66.724037 -3.419107
v -22.706057 66.889885 -3.244534
v -22.759117 67.046196 -3.016075
v -22.808102 67.190506 -2.737334
v -22.852242 67.320534 -2.412705
v -22.890837 67.434235 -2.047310
v -22.923283 67.529808 -1.646910
v -22.949062 67.605759 -1.217820
v -22.967773 67.660881 -0.766807
v -22.979120 67.694305 -0.300983
v -27.361866 66.057388 0.172304
v -27.357340 66.046455 0.645592
v -27.343832 66.013847 1.111415
v -27.321556 65.960068 1.562428
v -27.290863 65.885971 1.991518
v -27.252235 65.792717 2.391918
v -27.206287 65.681786 2.757314
v -27.153738 65.554924 3.081942
v -27.095419 65.414124 3.360683
v -27.032248 65.261620 3.589142
v -26.965223 65.099808 3.763716
v -26.895401 64.931244 3.881650
v -26.823883 64.758583 3.941086
v -26.751797 64.584549 3.941086
v -26.680279 64.411888 3.881650
v -26.610456 64.243324 3.763716
v -26.543432 64.081512 3.589142
v -26.480263 63.929008 3.360683
v -26.421944 63.788212 3.081942
v -26.369394 63.661350 2.757314
v -26.323444 63.550415 2.391918
v -26.284819 63.457165 1.991518
v -26.254126 63.383064 1.562428
v -26.231850 63.329285 1.111415
v -26.218342 63.296677 0.645592
v -26.213816 63.285748 0.172304
v -26.218342 63.296677 -0.300983
v -26.231850 63.329285 -0.766807
v -26.254126 63.383064 -1.217820
v -26.284819 63.457165 -1.646910
v -26.323444 63.550415 -2.047310
v -26.369394 63.661350 -2.412705
v -26.421944 63.788212 -2.737334
v -26.480263 63.929008 -3.016075
v -26.543432 64.081512 -3.244534
v -26.610456 64.243324 -3.419107
v -26.680279 64.411888 -3.537042
v -26.751797 64.584549 -3.596478
v -26.823883 64.758583 -3.596478
v -26.895401 64.931244 -3.537042
v -26.965223 65.099808 -3.419107
v -27.032248 65.261620 -3.244534
v -27.095419 65.414124 -3.016075
v -27.153738 65.554924 -2.737334
v -27.206287 65.681786 -2.412705
v -27.252235 65.792717 -2.047310
v -27.290863 65.885971 -1.646910
v -27.321556 65.960068 -1.217820
v -27.343832 66.013847 -0.766807
v -27.357340 66.046455 -0.300983
v -31.623642 64.126404 0.172304
v -31.618410 64.115791 0.645592
v -31.602798 64.084137 1.111415
v -31.577053 64.031929 1.562428
v -31.541578 63.959995 1.991518
v -31.496937 63.869469 2.391918
v -31.443830 63.761780 2.757314
v -31.383097 63.638626 3.081942
v -31.315693 63.501945 3.360683
v -31.242683 63.353897 3.589142
v -31.165220 63.196815 3.763716
v -31.084524 63.033176 3.881650
v -31.001865 62.865566 3.941086
v -30.918550 62.696621 3.941086
v -30.835894 62.529007 3.881650
v -30.755196 62.365368 3.763716
v -30.677732 62.208286 3.589142
v -30.604723 62.060238 3.360683
v -30.537321 61.923561 3.081942
v -30.476587 61.800404 2.757314
v -30.423479 61.692715 2.391918
v -30.378838 61.602188 1.991518
v -30.343365 61.530254 1.562428
v -30.317617 61.478046 1.111415
v -30.302006 61.446392 0.645592
v -30.296776 61.435783 0.172304
v -30.302006 61.446392 -0.300983
v -30.317617 61.478046 -0.766807
v -30.343365 61.530254 -1.217820
v -30.378838 61.602188 -1.646910
v -30.423479 61.692715 -2.047310
v -30.476587 61.800404 -2.412705
v -30.537321 61.923561 -2.737334
v -30.604723 62.060238 -3.016075
v -30.677732 62.208286 -3.244534
v -30.755196 62.365368 -3.419107
v -30.835894 62.529007 -3.537042
v -30.918550 62.696621 -3.596478
v -31.001865 62.865566 -3.596478
v -31.084524 63.033176 -3.537042
v -31.165220 63.196815 -3.419107
v -31.242683 63.353897 -3.244534
v -31.315693 63.501945 -3.016075
v -31.383097 63.638626 -2.737334
v -31.443830 63.761780 -2.412705
v -31.496937 63.869469 -2.047310
v -31.541578 63.959995 -1.646910
v -31.577053 64.031929 -1.217820
v -31.602798 64.084137 -0.766807
v -31.618410 64.115791 -0.300983
v -35.750000 61.920815 0.172304
v -35.744087 61.910572 0.645592
v -35.726437 61.880005 1.111415
v -35.697330 61.829594 1.562428
v -35.657230 61.760136 1.991518
v -35.606762 61.672722 2.391918
v -35.546726 61.568737 2.757314
v -35.478069 61.449818 3.081942
v -35.401871 61.317837 3.360683
v -35.319336 61.174881 3.589142
v -35.231762 61.023205 3.763716
v -35.140537 60.865192 3.881650
v -35.047092 60.703346 3.941086
v -34.952908 60.540211 3.941086
v -34.859463 60.378365 3.881650
v -34.768238 60.220352 3.763716
v -34.680664 60.068676 3.589142
v -34.598129 59.925720 3.360683
v -34.521931 59.793739 3.081942
v -34.453274 59.674820 2.757314
v -34.393238 59.570835 2.391918
v -34.342770 59.483421 1.991518
v -34.302670 59.413963 1.562428
v -34.273563 59.363552 1.111415
v -34.255913 59.332985 0.645592
v -34.250000 59.322739 0.172304
v -34.255913 59.332985 -0.300983
v -34.273563 59.363552 -0.766807
v -34.302670 59.413963 -1.217820
v -34.342770 59.483421 -1.646910
v -34.393238 59.570835 -2.047310
v -34.453274 59.674820 -2.412705
v -34.521931 59.793739 -2.737334
v -34.598129 59.925720 -3.016075
v -34.680664 60.068676 -3.244534
v -34.768238 60.220352 -3.419107
v -34.859463 60.378365 -3.537042
v -34.952908 60.540211 -3.596478
v -35.047092 60.703346 -3.596478
v -35.140537 60.865192 -3.537042
v -35.231762 61.023205 -3.419107
v -35.319336 61.174881 -3.244534
v -35.401871 61.317837 -3.016075
v -35.478069 61.449818 -2.737334
v -35.546726 61.568737 -2.412705
v -35.606762 61.672722 -2.047310
v -35.657230 61.760136 -1.646910
v -35.697330 61.829594 -1.217820
v -35.726437 61.880005 -0.766807
v -35.744087 61.910572 -0.300983
v -39.723270 59.450077 0.172304
v -39.716702 59.440243 0.645592
v -39.697090 59.410892 1.111415
v -39.664749 59.362495 1.562428
v -39.620190 59.295807 1.991518
v -39.564114 59.211884 2.391918
v -39.497406 59.112045 2.757314
v -39.421116 58.997871 3.081942
v -39.336449 58.871159 3.360683
v -39.244743 58.733906 3.589142
v -39.147438 58.588280 3.763716
v -39.046070 58.436577 3.881650
v -38.942242 58.281185 3.941086
v -38.837589 58.124561 3.941086
v -38.733761 57.969170 3.881650
v -38.632397 57.817467 3.763716
v -38.535091 57.671841 3.589142
v -38.443382 57.534588 3.360683
v -38.358715 57.407875 3.081942
v -38.282425 57.293701 2.757314
v -38.215717 57.193863 2.391918
v -38.159641 57.109940 1.991518
v -38.115082 57.043251 1.562428
v -38.082741 56.994850 1.111415
v -38.063133 56.965504 0.645592
v -38.056561 56.955669 0.172304
v -38.063133 56.965504 -0.300983
v -38.082741 56.994850 -0.766807
v -38.115082 57.043251 -1.217820
v -38.159641 57.109940 -1.646910
v -38.215717 57.193863 -2.047310
v -38.282425 57.293701 -2.412705
v -38.358715 57.407875 -2.737334
v -38.443382 57.534588 -3.016075
v -38.535091 57.671841 -3.244534
v -38.632397 57.817467 -3.419107
v -38.733761 57.969170 -3.537042
v -38.837589 58.124561 -3.596478
v -38.942242 58.281185 -3.596478
v -39.046070 58.436577 -3.537042
v -39.147438 58.588280 -3.419107
v -39.244743 58.733906 -3.244534
v -39.336449 58.871159 -3.016075
v -39.421116 58.997871 -2.737334
v -39.497406 59.112045 -2.412705
v -39.564114 59.211884 -2.047310
v -39.620190 59.295807 -1.646910
v -39.664749 59.362495 -1.217820
v -39.697090 59.410892 -0.766807
v -39.716702 59.440243 -0.300983
v -43.526443 56.724762 0.172304
v -43.519241 56.715382 0.645592
v -43.497753 56.687378 1.111415
v -43.462318 56.641197 1.562428
v -43.413494 56.577564 1.991518
v -43.352047 56.497490 2.391918
v -43.278954 56.402229 2.757314
v -43.195358 56.293289 3.081942
v -43.102585 56.172382 3.360683
v -43.002098 56.041424 3.589142
v -42.895477 55.902473 3.763716
v -42.784405 55.757725 3.881650
v -42.670635 55.609455 3.941086
v -42.555962 55.460011 3.941086
v -42.442196 55.311745 3.881650
v -42.331123 55.166996 3.763716
v -42.224503 55.028042 3.589142
v -42.124016 54.897083 3.360683
v -42.031242 54.776180 3.081942
v -41.947647 54.667240 2.757314
v -41.874554 54.571980 2.391918
v -41.813107 54.491901 1.991518
v -41.764282 54.428272 1.562428
v -41.728848 54.382092 1.111415
v -41.707359 54.354088 0.645592
v -41.700157 54.344704 0.172304
v -41.707359 54.354088 -0.300983
v -41.728848 54.382092 -0.766807
v -41.764282 54.428272 -1.217820
v -41.813107 54.491901 -1.646910
v -41.874554 54.571980 -2.047310
v -41.947647 54.667240 -2.412705
v -42.031242 54.776180 -2.737334
v -42.124016 54.897083 -3.016075
v -42.224503 55.028042 -3.244534
v -42.331123 55.166996 -3.419107
v -42.442196 55.311745 -3.537042
v -42.555962 55.460011 -3.596478
v -42.670635 55.609455 -3.596478
v -42.784405 55.757725 -3.537042
v -42.895477 55.902473 -3.419107
v -43.002098 56.041424 -3.244534
v -43.102585 56.172382 -3.016075
v -43.195358 56.293289 -2.737334
v -43.278954 56.402229 -2.412705
v -43.352047 56.497490 -2.047310
v -43.413494 56.577564 -1.646910
v -43.462318 56.641197 -1.217820
v -43.497753 56.687378 -0.766807
v -43.519241 56.715382 -0.300983
v -47.143227 53.756546 0.172304
v -47.135426 53.747654 0.645592
v -47.112152 53.721115 1.111415
v -47.073772 53.677349 1.562428
v -47.020889 53.617050 1.991518
v -46.954342 53.541164 2.391918
v -46.875172 53.450890 2.757314
v -46.784630 53.347649 3.081942
v -46.684151 53.233070 3.360683
v -46.575310 53.108963 3.589142
v -46.459831 52.977283 3.763716
v -46.339531 52.840107 3.881650
v -46.216309 52.699600 3.941086
v -46.092106 52.557976 3.941086
v -45.968884 52.417465 3.881650
v -45.848583 52.280289 3.763716
v -45.733105 52.148609 3.589142
v -45.624264 52.024502 3.360683
v -45.523785 51.909924 3.081942
v -45.433243 51.806686 2.757314
v -45.354073 51.716412 2.391918
v -45.287525 51.640522 1.991518
v -45.234642 51.580223 1.562428
v -45.196259 51.536457 1.111415
v -45.172989 51.509918 0.645592
v -45.165188 51.501026 0.172304
v -45.172989 51.509918 -0.300983
v -45.196259 51.536457 -0.766807
v -45.234642 51.580223 -1.217820
v -45.287525 51.640522 -1.646910
v -45.354073 51.716412 -2.047310
v -45.433243 51.806686 -2.412705
v -45.523785 51.909924 -2.737334
v -45.624264 52.024502 -3.016075
v -45.733105 52.148609 -3.244534
v -45.848583 52.280289 -3.419107
v -45.968884 52.417465 -3.537042
v -46.092106 52.557976 -3.596478
v -46.216309 52.699600 -3.596478
v -46.339531 52.840107 -3.537042
v -46.459831 52.977283 -3.419107
v -46.575310 53.108963 -3.244534
v -46.684151 53.233070 -3.016075
v -46.784630 53.347649 -2.737334
v -46.875172 53.450890 -2.412705
v -46.954342 53.541164 -2.047310
v -47.020889 53.617050 -1.646910
v -47.073772 53.677349 -1.217820
v -47.112152 53.721115 -0.766807
v -47.135426 53.747654 -0.300983
v -50.558136 50.558136 0.172304
v -50.549770 50.549770 0.645592
v -50.524811 50.524811 1.111415
v -50.483650 50.483650 1.562428
v -50.426937 50.426937 1.991518
v -50.355568 50.355568 2.391918
v -50.270664 50.270664 2.757314
v -50.173565 50.173565 3.081942
v -50.065804 50.065804 3.360683
v -49.949081 49.949081 3.589142
v -49.825237 49.825237 3.763716
v -49.696224 49.696224 3.881650
v -49.564075 49.564075 3.941086
v -49.430874 49.430874 3.941086
v -49.298725 49.298725 3.881650
v -49.169712 49.169712 3.763716
v -49.045868 49.045868 3.589142
v -48.929146 48.929146 3.360683
v -48.821384 48.821384 3.081942
v -48.724285 48.724285 2.757314
v -48.639381 48.639381 2.391918
v -48.568012 48.568012 1.991518
v -48.511299 48.511299 1.562428
v -48.470139 48.470139 1.111415
v -48.445179 48.445179 0.645592
v -48.436813 48.436813 0.172304
v -48.445179 48.445179 -0.300983
v -48.470139 48.470139 -0.766807
v -48.511299 48.511299 -1.217820
v -48.568012 48.568012 -1.646910
v -48.639381 48.639381 -2.047310
v -48.724285 48.724285 -2.412705
v -48.821384 48.821384 -2.737334
v -48.929146 48.929146 -3.016075
v -49.045868 49.045868 -3.244534
v -49.169712 49.169712 -3.419107
v -49.298725 49.298725 -3.537042
v -49.430874 49.430874 -3.596478
v -49.564075 49.564075 -3.596478
v -49.696224 49.696224 -3.537042
v -49.825237 49.825237 -3.419107
v -49.949081 49.949081 -3.244534
v -50.065804 50.065804 -3.016075
v -50.173565 50.173565 -2.737334
v -50.270664 50.270664 -2.412705
v -50.355568 50.355568 -2.047310
v -50.426937 50.426937 -1.646910
v -50.483650 50.483650 -1.217820
v -50.524811 50.524811 -0.766807
v -50.549770 50.549770 -0.300983
v -53.756546 47.143227 0.172304
v -53.747654 47.135426 0.645592
v -53.721115 47.112152 1.111415
v -53.677349 47.073772 1.562428
v -53.617050 47.020889 1.991518
v -53.541164 46.954342 2.391918
v -53.450890 46.875172 2.757314
v -53.347649 46.784630 3.081942
v -53.233070 46.684151 3.360683
v -53.108963 46.575310 3.589142
v -52.977283 46.459831 3.763716
v -52.840107 46.339531 3.881650
v -52.699600 46.216309 3.941086
v -52.557976 46.092106 3.941086
v -52.417465 45.968884 3.881650
v -52.280289 45.848583 3.763716
v -52.148609 45.733105 3.589142
v -52.024502 45.624264 3.360683
v -51.909924 45.523785 3.081942
v -51.806686 45.433243 2.757314
v -51.716412 45.354073 2.391918
v -51.640522 45.287525 1.991518
v -51.580223 45.234642 1.562428
v -51.536457 45.196259 1.111415
v -51.509918 45.172989 0.645592
v -51.501026 45.165188 0.172304
v -51.509918 45.172989 -0.300983
v -51.536457 45.196259 -0.766807
v -51.580223 45.234642 -1.217820
v -51.640522 45.287525 -1.646910
v -51.716412 45.354073 -2.047310
v -51.806686 45.433243 -2.412705
v -51.909924 45.523785 -2.737334
v -52.024502 45.624264 -3.016075
v -52.148609 45.733105 -3.244534
v -52.280289 45.848583 -3.419107
v -52.417465 45.968884 -3.537042
v -52.557976 46.092106 -3.596478
v -52.699600 46.216309 -3.596478
v -52.840107 46.339531 -3.537042
v -52.977283 46.459831 -3.419107
v -53.108963 46.575310 -3.244534
v -53.233070 46.684151 -3.016075
v -53.347649 46.784630 -2.737334
v -53.450890 46.875172 -2.412705
v -53.541164 46.954342 -2.047310
v -53.617050 47.020889 -1.646910
v -53.677349 47.073772 -1.217820
v -53.721115 47.112152 -0.766807
v -53.747654 47.135426 -0.300983
v -56.724762 43.526443 0.172304
v -56.715382 43.519241 0.645592
v -56.687378 43.497753 1.111415
v -56.641197 43.462318 1.562428
v -56.577564 43.413494 1.991518
v -56.497490 43.352047 2.391918
v -56.402229 43.278954 2.757314
v -56.293289 43.195358 3.081942
v -56.172382 43.102585 3.360683
v -56.041424 43.002098 3.589142
v -55.902473 42.895477 3.763716
v -55.757725 42.784405 3.881650
v -55.609455 42.670635 3.941086
v -55.460011 42.555962 3.941086
v -55.311745 42.442196 3.881650
v -55.166996 42.331123 3.763716
v -55.028042 42.224503 3.589142
v -54.897083 42.124016 3.360683
v -54.776180 42.031242 3.081942
v -54.667240 41.947647 2.757314
v -54.571980 41.874554 2.391918
v -54.491901 41.813107 1.991518
v -54.428272 41.764282 1.562428
v -54.382092 41.728848 1.111415
v -54.354088 41.707359 0.645592
v -54.344704 41.700157 0.172304
v -54.354088 41.707359 -0.300983
v -54.382092 41.728848 -0.766807
v -54.428272 41.764282 -1.217820
v -54.491901 41.813107 -1.646910
v -54.571980 41.874554 -2.047310
v -54.667240 41.947647 -2.412705
v -54.776180 42.031242 -2.737334
v -54.897083 42.124016 -3.016075
v -55.028042 42.224503 -3.244534
v -55.166996 42.331123 -3.419107
v -55.311745 42.442196 -3.537042
v -55.460011 42.555962 -3.596478
v -55.609455 42.670635 -3.596478
v -55.757725 42.784405 -3.537042
v -55.902473 42.895477 -3.419107
v -56.041424 43.002098 -3.244534
v -56.172382 43.102585 -3.016075
v -56.293289 43.195358 -2.737334
v -56.402229 43.278954 -2.412705
v -56.497490 43.352047 -2.047310
v -56.577564 43.413494 -1.646910
v -56.641197 43.462318 -1.217820
v -56.687378 43.497753 -0.766807
v -56.715382 43.519241 -0.300983
v -59.450077 39.723270 0.172304
v -59.440243 39.716702 0.645592
v -59.410892 39.697090 1.111415
v -59.362495 39.664749 1.562428
v -59.295807 39.620190 1.991518
v -59.211884 39.564114 2.391918
v -59.112045 39.497406 2.757314
v -58.997871 39.421116 3.081942
v -58.871159 39.336449 3.360683
v -58.733906 39.244743 3.589142
v -58.588280 39.147438 3.763716
v -58.436577 39.046070 3.881650
v -58.281185 38.942242 3.941086
v -58.124561 38.837589 3.941086
v -57.969170 38.733761 3.881650
v -57.817467 38.632397 3.763716
v -57.671841 38.535091 3.589142
v -57.534588 38.443382 3.360683
v -57.407875 38.358715 3.081942
v -57.293701 38.282425 2.757314
v -57.193863 38.215717 2.391918
v -57.109940 38.159641 1.991518
v -57.043251 38.115082 1.562428
v -56.994850 38.082741 1.111415
v -56.965504 38.063133 0.645592
v -56.955669 38.056561 0.172304
v -56.965504 38.063133 -0.300983
v -56.994850 38.082741 -0.766807
v -57.043251 38.115082 -1.217820
v -57.109940 38.159641 -1.646910
v -57.193863 38.215717 -2.047310
v -57.293701 38.282425 -2.412705
v -57.407875 38.358715 -2.737334
v -57.534588 38.443382 -3.016075
v -57.671841 38.535091 -3.244534
v -57.817467 38.632397 -3.419107
v -57.969170 38.733761 -3.537042
v -58.124561 38.837589 -3.596478
v -58.281185 38.942242 -3.596478
v -58.436577 39.046070 -3.537042
v -58.588280 39.147438 -3.419107
v -58.733906 39.244743 -3.244534
v -58.871159 39.336449 -3.016075
v -58.997871 39.421116 -2.737334
v -59.112045 39.497406 -2.412705
v -59.211884 39.564114 -2.047310
v -59.295807 39.620190 -1.646910
v -59.362495 39.664749 -1.217820
v -59.410892 39.697090 -0.766807
v -59.440243 39.716702 -0.300983
v -61.920815 35.750000 0.172304
v -61.910572 35.744087 0.645592
v -61.880005 35.726437 1.111415
v -61.829594 35.697330 1.562428
v -61.760136 35.657230 1.991518
v -61.672722 35.606762 2.391918
v -61.568737 35.546726 2.757314
v -61.449818 35.478069 3.081942
v -61.317837 35.401871 3.360683
v -61.174881 35.319336 3.589142
v -61.023205 35.231762 3.763716
v -60.865192 35.140537 3.881650
v -60.703346 35.047092 3.941086
v -60.540211 34.952908 3.941086
v -60.378365 34.859463 3.881650
v -60.220352 34.768238 3.763716
v -60.068676 34.680664 3.589142
v -59.925720 34.598129 3.360683
v -59.793739 34.521931 3.081942
v -59.674820 34.453274 2.757314
v -59.570835 34.393238 2.391918
v -59.483421 34.342770 1.991518
v -59.413963 34.302670 1.562428
v -59.363552 34.273563 1.111415
v -59.332985 34.255913 0.645592
v -59.322739 34.250000 0.172304
v -59.332985 34.255913 -0.300983
v -59.363552 34.273563 -0.766807
v -59.413963 34.302670 -1.217820
v -59.483421 34.342770 -1.646910
v -59.570835 34.393238 -2.047310
v -59.674820 34.453274 -2.412705
v -59.793739 34.521931 -2.737334
v -59.925720 34.598129 -3.016075
v -60.068676 34.680664 -3.244534
v -60.220352 34.768238 -3.419107
v -60.378365 34.859463 -3.537042
v -60.540211 34.952908 -3.596478
v -60.703346 35.047092 -3.596478
v -60.865192 35.140537 -3.537042
v -61.023205 35.231762 -3.419107
v -61.174881 35.319336 -3.244534
v -61.317837 35.401871 -3.016075
v -61.449818 35.478069 -2.737334
v -61.568737 35.546726 -2.412705
v -61.672722 35.606762 -2.047310
v -61.760136 35.657230 -1.646910
v -61.829594 35.697330 -1.217820
v -61.880005 35.726437 -0.766807
v -61.910572 35.744087 -0.300983
v -64.126404 31.623642 0.172304
v -64.115791 31.618410 0.645592
v -64.084137 31.602798 1.111415
v -64.031929 31.577053 1.562428
v -63.959995 31.541578 1.991518
v -63.869469 31.496937 2.391918
v -63.761780 31.443830 2.757314
v -63.638626 31.383097 3.081942
v -63.501945 31.315693 3.360683
v -63.353897 31.242683 3.589142
v -63.196815 31.165220 3.763716
v -63.033176 31.084524 3.881650
v -62.865566 31.001865 3.941086
v -62.696621 30.918550 3.941086
v -62.529007 30.835894 3.881650
v -62.365368 30.755196 3.763716
v -62.208286 30.677732 3.589142
v -62.060238 30.604723 3.360683
v -61.923561 30.537321 3.081942
v -61.800404 30.476587 2.757314
v -61.692715 30.423479 2.391918
v -61.602188 30.378838 1.991518
v -61.530254 30.343365 1.562428
v -61.478046 30.317617 1.111415
v -61.446392 30.302006 0.645592
v -61.435783 30.296776 0.172304
v -61.446392 30.302006 -0.300983
v -61.478046 30.317617 -0.766807
v -61.530254 30.343365 -1.217820
v -61.602188 30.378838 -1.646910
v -61.692715 30.423479 -2.047310
v -61.800404 30.476587 -2.412705
v -61.923561 30.537321 -2.737334
v -62.060238 30.604723 -3.016075
v -62.208286 30.677732 -3.244534
v -62.365368 30.755196 -3.419107
v -62.529007 30.835894 -3.537042
v -62.696621 30.918550 -3.596478
v -62.865566 31.001865 -3.596478
v -63.033176 31.084524 -3.537042
v -63.196815 31.165220 -3.419107
v -63.353897 31.242683 -3.244534
v -63.501945 31.315693 -3.016075
v -63.638626 31.383097 -2.737334
v -63.761780 31.443830 -2.412705
v -63.869469 31.496937 -2.047310
v -63.959995 31.541578 -1.646910
v -64.031929 31.577053 -1.217820
v -64.084137 31.602798 -0.766807
v -64.115791 31.618410 -0.300983
v -66.057388 27.361866 0.172304
v -66.046455 27.357340 0.645592
v -66.013847 27.343832 1.111415
v -65.960068 27.321556 1.562428
v -65.885971 27.290863 1.991518
v -65.792717 27.252235 2.391918
v -65.681786 27.206287 2.757314
v -65.554924 27.153738 3.081942
v -65.414124 27.095419 3.360683
v -65.261620 27.032248 3.589142
v -65.099808 26.965223 3.763716
v -64.931244 26.895401 3.881650
v -64.758583 26.823883 3.941086
v -64.584549 26.751797 3.941086
v -64.411888 26.680279 3.881650
v -64.243324 26.610456 3.763716
v -64.081512 26.543432 3.589142
v -63.929008 26.480263 3.360683
v -63.788212 26.421944 3.081942
v -63.661350 26.369394 2.757314
v -63.550415 26.323444 2.391918
v -63.457165 26.284819 1.991518
v -63.383064 26.254126 1.562428
v -63.329285 26.231850 1.111415
v -63.296677 26.218342 0.645592
v -63.285748 26.213816 0.172304
v -63.296677 26.218342 -0.300983
v -63.329285 26.231850 -0.766807
v -63.383064 26.254126 -1.217820
v -63.457165 26.284819 -1.646910
v -63.550415 26.323444 -2.047310
v -63.661350 26.369394 -2.412705
v -63.788212 26.421944 -2.737334
v -63.929008 26.480263 -3.016075
v -64.081512 26.543432 -3.244534
v -64.243324 26.610456 -3.419107
v -64.411888 26.680279 -3.537042
v -64.584549 26.751797 -3.596478
v -64.758583 26.823883 -3.596478
v -64.931244 26.895401 -3.537042
v -65.099808 26.965223 -3.419107
v -65.261620 27.032248 -3.244534
v -65.414124 27.095419 -3.016075
v -65.554924 27.153738 -2.737334
v -65.681786 27.206287 -2.412705
v -65.792717 27.252235 -2.047310
v -65.885971 27.290863 -1.646910
v -65.960068 27.321556 -1.217820
v -66.013847 27.343832 -0.766807
v -66.046455 27.357340 -0.300983
v -67.705505 22.982922 0.172304
v -67.694305 22.979120 0.645592
v -67.660881 22.967773 1.111415
v -67.605759 22.949062 1.562428
v -67.529808 22.923283 1.991518
v -67.434235 22.890837 2.391918
v -67.320534 22.852242 2.757314
v -67.190506 22.808102 3.081942
v -67.046196 22.759117 3.360683
v -66.889885 22.706057 3.589142
v -66.724037 22.649757 3.763716
v -66.551262 22.591110 3.881650
v -66.374298 22.531038 3.941086
v -66.195923 22.470488 3.941086
v -66.018951 22.410416 3.881650
v -65.846184 22.351767 3.763716
v -65.680336 22.295469 3.589142
v -65.524025 22.242409 3.360683
v -65.379715 22.193422 3.081942
v -65.249687 22.149284 2.757314
v -65.135986 22.110687 2.391918
v -65.040405 22.078243 1.991518
v -64.964462 22.052462 1.562428
v -64.909340 22.033751 1.111415
v -64.875916 22.022406 0.645592
v -64.864716 22.018604 0.172304
v -64.875916 22.022406 -0.300983
v -64.909340 22.033751 -0.766807
v -64.964462 22.052462 -1.217820
v -65.040405 22.078243 -1.646910
v -65.135986 22.110687 -2.047310
v -65.249687 22.149284 -2.412705
v -65.379715 22.193422 -2.737334
v -65.524025 22.242409 -3.016075
v -65.680336 22.295469 -3.244534
v -65.846184 22.351767 -3.419107
v -66.018951 22.410416 -3.537042
v -66.195923 22.470488 -3.596478
v -66.374298 22.531038 -3.596478
v -66.551262 22.591110 -3.537042
v -66.724037 22.649757 -3.419107
v -66.889885 22.706057 -3.244534
v -67.046196 22.759117 -3.016075
v -67.190506 22.808102 -2.737334
v -67.320534 22.852242 -2.412705
v -67.434235 22.890837 -2.047310
v -67.529808 22.923283 -1.646910
v -67.605759 22.949062 -1.217820
v -67.660881 22.967773 -0.766807
v -67.694305 22.979120 -0.300983
v -69.063698 18.505562 0.172304
v -69.052269 18.502501 0.645592
v -69.018181 18.493364 1.111415
v -68.961952 18.478298 1.562428
v -68.884476 18.457541 1.991518
v -68.786980 18.431417 2.391918
v -68.671005 18.400339 2.757314
v -68.538361 18.364799 3.081942
v -68.391159 18.325356 3.360683
v -68.231712 18.282633 3.589142
v -68.062538 18.237303 3.763716
v -67.886299 18.190081 3.881650
v -67.705788 18.141710 3.941086
v -67.523834 18.092957 3.941086
v -67.343315 18.044586 3.881650
v -67.167076 17.997364 3.763716
v -66.997902 17.952034 3.589142
v -66.838455 17.909309 3.360683
v -66.691254 17.869867 3.081942
v -66.558617 17.834326 2.757314
v -66.442635 17.803249 2.391918
v -66.345139 17.777126 1.991518
v -66.267662 17.756367 1.562428
v -66.211441 17.741301 1.111415
v -66.177345 17.732166 0.645592
v -66.165916 17.729105 0.172304
v -66.177345 17.732166 -0.300983
v -66.211441 17.741301 -0.766807
v -66.267662 17.756367 -1.217820
v -66.345139 17.777126 -1.646910
v -66.442635 17.803249 -2.047310
v -66.558617 17.834326 -2.412705
v -66.691254 17.869867 -2.737334
v -66.838455 17.909309 -3.016075
v -66.997902 17.952034 -3.244534
v -67.167076 17.997364 -3.419107
v -67.343315 18.044586 -3.537042
v -67.523834 18.092957 -3.596478
v -67.705788 18.141710 -3.596478
v -67.886299 18.190081 -3.537042
v -68.062538 18.237303 -3.419107
v -68.231712 18.282633 -3.244534
v -68.391159 18.325356 -3.016075
v -68.538361 18.364799 -2.737334
v -68.671005 18.400339 -2.412705
v -68.786980 18.431417 -2.047310
v -68.884476 18.457541 -1.646910
v -68.961952 18.478298 -1.217820
v -69.018181 18.493364 -0.766807
v -69.052269 18.502501 -0.300983
v -70.126144 13.948958 0.172304
v -70.114548 13.946651 0.645592
v -70.079926 13.939764 1.111415
v -70.022835 13.928408 1.562428
v -69.944176 13.912761 1.991518
v -69.845177 13.893069 2.391918
v -69.727409 13.869644 2.757314
v -69.592735 13.842855 3.081942
v -69.443268 13.813125 3.360683
v -69.281364 13.780921 3.589142
v -69.109589 13.746752 3.763716
v -68.930641 13.711157 3.881650
v -68.747345 13.674697 3.941086
v -68.562592 13.637948 3.941086
v -68.379295 13.601488 3.881650
v -68.200348 13.565893 3.763716
v -68.028572 13.531724 3.589142
v -67.866676 13.499520 3.360683
v -67.717209 13.469790 3.081942
v -67.582527 13.443001 2.757314
v -67.464760 13.419576 2.391918
v -67.365768 13.399884 1.991518
v -67.287102 13.384237 1.562428
v -67.230011 13.372881 1.111415
v -67.195389 13.365994 0.645592
v -67.183792 13.363688 0.172304
v -67.195389 13.365994 -0.300983
v -67.230011 13.372881 -0.766807
v -67.287102 13.384237 -1.217820
v -67.365768 13.399884 -1.646910
v -67.464760 13.419576 -2.047310
v -67.582527 13.443001 -2.412705
v -67.717209 13.469790 -2.737334
v -67.866676 13.499520 -3.016075
v -68.028572 13.531724 -3.244534
v -68.200348 13.565893 -3.419107
v -68.379295 13.601488 -3.537042
v -68.562592 13.637948 -3.596478
v -68.747345 13.674697 -3.596478
v -68.930641 13.711157 -3.537042
v -69.109589 13.746752 -3.419107
v -69.281364 13.780921 -3.244534
v -69.443268 13.813125 -3.016075
v -69.592735 13.842855 -2.737334
v -69.727409 13.869644 -2.412705
v -69.845177 13.893069 -2.047310
v -69.944176 13.912761 -1.646910
v -70.022835 13.928408 -1.217820
v -70.079926 13.939764 -0.766807
v -70.114548 13.946651 -0.300983
v -70.888306 9.332623 0.172304
v -70.876579 9.331079 0.645592
v -70.841583 9.326471 1.111415
v -70.783875 9.318873 1.562428
v -70.704353 9.308405 1.991518
v -70.604286 9.295230 2.391918
v -70.485237 9.279557 2.757314
v -70.349098 9.261634 3.081942
v -70.198006 9.241742 3.360683
v -70.034348 9.220197 3.589142
v -69.860703 9.197335 3.763716
v -69.679810 9.173521 3.881650
v -69.494522 9.149127 3.941086
v -69.307762 9.124539 3.941086
v -69.122475 9.100146 3.881650
v -68.941582 9.076331 3.763716
v -68.767937 9.053471 3.589142
v -68.604279 9.031924 3.360683
v -68.453186 9.012033 3.081942
v -68.317039 8.994109 2.757314
v -68.197998 8.978436 2.391918
v -68.097923 8.965262 1.991518
v -68.018410 8.954793 1.562428
v -67.960693 8.947195 1.111415
v -67.925697 8.942588 0.645592
v -67.913971 8.941044 0.172304
v -67.925697 8.942588 -0.300983
v -67.960693 8.947195 -0.766807
v -68.018410 8.954793 -1.217820
v -68.097923 8.965262 -1.646910
v -68.197998 8.978436 -2.047310
v -68.317039 8.994109 -2.412705
v -68.453186 9.012033 -2.737334
v -68.604279 9.031924 -3.016075
v -68.767937 9.053471 -3.244534
v -68.941582 9.076331 -3.419107
v -69.122475 9.100146 -3.537042
v -69.307762 9.124539 -3.596478
v -69.494522 9.149127 -3.596478
v -69.679810 9.173521 -3.537042
v -69.860703 9.197335 -3.419107
v -70.034348 9.220197 -3.244534
v -70.198006 9.241742 -3.016075
v -70.349098 9.261634 -2.737334
v -70.485237 9.279557 -2.412705
v -70.604286 9.295230 -2.047310
v -70.704353 9.308405 -1.646910
v -70.783875 9.318873 -1.217820
v -70.841583 9.326471 -0.766807
v -70.876579 9.331079 -0.300983
v -71.346916 4.676324 0.172304
v -71.335114 4.675550 0.645592
v -71.299889 4.673242 1.111415
v -71.241806 4.669435 1.562428
v -71.161774 4.664189 1.991518
v -71.061050 4.657588 2.391918
v -70.941238 4.649734 2.757314
v -70.804214 4.640753 3.081942
v -70.652145 4.630786 3.360683
v -70.487427 4.619990 3.589142
v -70.312660 4.608535 3.763716
v -70.130592 4.596602 3.881650
v -69.944107 4.584379 3.941086
v -69.756142 4.572059 3.941086
v -69.569656 4.559836 3.881650
v -69.387589 4.547903 3.763716
v -69.212822 4.536448 3.589142
v -69.048103 4.525652 3.360683
v -68.896034 4.515685 3.081942
v -68.759010 4.506704 2.757314
v -68.639198 4.498851 2.391918
v -68.538483 4.492249 1.991518
v -68.458443 4.487004 1.562428
v -68.400360 4.483196 1.111415
v -68.365135 4.480888 0.645592
v -68.353333 4.480114 0.172304
v -68.365135 4.480888 -0.300983
v -68.400360 4.483196 -0.766807
v -68.458443 4.487004 -1.217820
v -68.538483 4.492249 -1.646910
v -68.639198 4.498851 -2.047310
v -68.759010 4.506704 -2.412705
v -68.896034 4.515685 -2.737334
v -69.048103 4.525652 -3.016075
v -69.212822 4.536448 -3.244534
v -69.387589 4.547903 -3.419107
v -69.569656 4.559836 -3.537042
v -69.756142 4.572059 -3.596478
v -69.944107 4.584379 -3.596478
v -70.130592 4.596602 -3.537042
v -70.312660 4.608535 -3.419107
v -70.487427 4.619990 -3.244534
v -70.652145 4.630786 -3.016075
v -70.804214 4.640753 -2.737334
v -70.941238 4.649734 -2.412705
v -71.061050 4.657588 -2.047310
v -71.161774 4.664189 -1.646910
v -71.241806 4.669435 -1.217820
v -71.299889 4.673242 -0.766807
v -71.335114 4.675550 -0.300983
v -71.500000 0.000000 0.172304
v -71.488174 0.000000 0.645592
v -71.452873 0.000000 1.111415
v -71.394661 0.000000 1.562428
v -71.314461 0.000000 1.991518
v -71.213524 0.000000 2.391918
v -71.093452 0.000000 2.757314
v -70.956139 0.000000 3.081942
v -70.803741 0.000000 3.360683
v -70.638672 0.000000 3.589142
v -70.463524 0.000000 3.763716
v -70.281075 0.000000 3.881650
v -70.094185 0.000000 3.941086
v -69.905815 0.000000 3.941086
v -69.718925 0.000000 3.881650
v -69.536476 0.000000 3.763716
v -69.361328 0.000000 3.589142
v -69.196259 0.000000 3.360683
v -69.043861 0.000000 3.081942
v -68.906548 0.000000 2.757314
v -68.786476 0.000000 2.391918
v -68.685539 0.000000 1.991518
v -68.605339 0.000000 1.562428
v -68.547127 0.000000 1.111415
v -68.511826 0.000000 0.645592
v -68.500000 0.000000 0.172304
v -68.511826 0.000000 -0.300983
v -68.547127 0.000000 -0.766807
v -68.605339 0.000000 -1.217820
v -68.685539 0.000000 -1.646910
v -68.786476 0.000000 -2.047310
v -68.906548 0.000000 -2.412705
v -69.043861 0.000000 -2.737334
v -69.196259 0.000000 -3.016075
v -69.361328 0.000000 -3.244534
v -69.536476 0.000000 -3.419107
v -69.718925 0.000000 -3.537042
v -69.905815 0.000000 -3.596478
v -70.094185 0.000000 -3.596478
v -70.281075 0.000000 -3.537042
v -70.463524 0.000000 -3.419107
v -70.638672 0.000000 -3.244534
v -70.803741 0.000000 -3.016075
v -70.956139 0.000000 -2.737334
v -71.093452 0.000000 -2.412705
v -71.213524 0.000000 -2.047310
v -71.314461 0.000000 -1.646910
v -71.394661 0.000000 -1.217820
v -71.452873 0.000000 -0.766807
v -71.488174 0.000000 -0.300983
v -71.346916 -4.676324 0.172304
v -71.335114 -4.675550 0.645592
v -71.299889 -4.673242 1.111415
v -71.241806 -4.669435 1.562428
v -71.161774 -4.664189 1.991518
v -71.061050 -4.657588 2.391918
v -70.941238 -4.649734 2.757314
v -70.804214 -4.640753 3.081942
v -70.652145 -4.630786 3.360683
v -70.487427 -4.619990 3.589142
v -70.312660 -4.608535 3.763716
v -70.130592 -4.596602 3.881650
v -69.944107 -4.584379 3.941086
v -69.756142 -4.572059 3.941086
v -69.569656 -4.559836 3.881650
v -69.387589 -4.547903 3.763716
v -69.212822 -4.536448 3.589142
v -69.048103 -4.525652 3.360683
v -68.896034 -4.515685 3.081942
v -68.759010 -4.506704 2.757314
v -68.639198 -4.498851 2.391918
v -68.538483 -4.492249 1.991518
v -68.458443 -4.487004 1.562428
v -68.400360 -4.483196 1.111415
v -68.365135 -4.480888 0.645592
v -68.353333 -4.480114 0.172304
v -68.365135 -4.480888 -0.300983
v -68.400360 -4.483196 -0.766807
v -68.458443 -4.487004 -1.217820
v -68.538483 -4.492249 -1.646910
v -68.639198 -4.498851 -2.047310
v -68.759010 -4.506704 -2.412705
v -68.896034 -4.515685 -2.737334
v -69.048103 -4.525652 -3.016075
v -69.212822 -4.536448 -3.244534
v -69.387589 -4.547903 -3.419107
v -69.569656 -4.559836 -3.537042
v -69.756142 -4.572059 -3.596478
v -69.944107 -4.584379 -3.596478
v -70.130592 -4.596602 -3.537042
v -70.312660 -4.608535 -3.419107
v -70.487427 -4.619990 -3.244534
v -70.652145 -4.630786 -3.016075
v -70.804214 -4.640753 -2.737334
v -70.941238 -4.649734 -2.412705
v -71.061050 -4.657588 -2.047310
v -71.161774 -4.664189 -1.646910
v -71.241806 -4.669435 -1.217820
v -71.299889 -4.673242 -0.766807
v -71.335114 -4.675550 -0.300983
v -70.888306 -9.332623 0.172304
v -70.876579 -9.331079 0.645592
v -70.841583 -9.326471 1.111415
v -70.783875 -9.318873 1.562428
v -70.704353 -9.308405 1.991518
v -70.604286 -9.295230 2.391918
v -70.485237 -9.279557 2.757314
v -70.349098 -9.261634 3.081942
v -70.198006 -9.241742 3.360683
v -70.034348 -9.220197 3.589142
v -69.860703 -9.197335 3.763716
v -69.679810 -9.173521 3.881650
v -69.494522 -9.149127 3.941086
v -69.307762 -9.124539 3.941086
v -69.122475 -9.100146 3.881650
v -68.941582 -9.076331 3.763716
v -68.767937 -9.053471 3.589142
v -68.604279 -9.031924 3.360683
v -68.453186 -9.012033 3.081942
v -68.317039 -8.994109 2.757314
v -68.197998 -8.978436 2.391918
v -68.097923 -8.965262 1.991518
v -68.018410 -8.954793 1.562428
v -67.960693 -8.947195 1.111415
v -67.925697 -8.942588 0.645592
v -67.913971 -8.941044 0.172304
v -67.925697 -8.942588 -0.300983
v -67.960693 -8.947195 -0.766807
v -68.018410 -8.954793 -1.217820
v -68.097923 -8.965262 -1.646910
v -68.197998 -8.978436 -2.047310
v -68.317039 -8.994109 -2.412705
v -68.453186 -9.012033 -2.737334
v -68.604279 -9.031924 -3.016075
v -68.767937 -9.053471 -3.244534
v -68.941582 -9.076331 -3.419107
v -69.122475 -9.100146 -3.537042
v -69.307762 -9.124539 -3.596478
v -69.494522 -9.149127 -3.596478
v -69.679810 -9.173521 -3.537042
v -69.860703 -9.197335 -3.419107
v -70.034348 -9.220197 -3.244534
v -70.198006 -9.241742 -3.016075
v -70.349098 -9.261634 -2.737334
v -70.485237 -9.279557 -2.412705
v -70.604286 -9.295230 -2.047310
v -70.704353 -9.308405 -1.646910
v -70.783875 -9.318873 -1.217820
v -70.841583 -9.326471 -0.766807
v -70.876579 -9.331079 -0.300983
v -70.126144 -13.948958 0.172304
v -70.114548 -13.946651 0.645592
v -70.079926 -13.939764 1.111415
v -70.022835 -13.928408 1.562428
v -69.944176 -13.912761 1.991518
v -69.845177 -13.893069 2.391918
v -69.727409 -13.869644 2.757314
v -69.592735 -13.842855 3.081942
v -69.443268 -13.813125 3.360683
v -69.281364 -13.780921 3.589142
v -69.109589 -13.746752 3.763716
v -68.930641 -13.711157 3.881650
v -68.747345 -13.674697 3.941086
v -68.562592 -13.637948 3.941086
v -68.379295 -13.601488 3.881650
v -68.200348 -13.565893 3.763716
v -68.028572 -13.531724 3.589142
v -67.866676 -13.499520 3.360683
v -67.717209 -13.469790 3.081942
v -67.582527 -13.443001 2.757314
v -67.464760 -13.419576 2.391918
v -67.365768 -13.399884 1.991518
v -67.287102 -13.384237 1.562428
v -67.230011 -13.372881 1.111415
v -67.195389 -13.365994 0.645592
v -67.183792 -13.363688 0.172304
v -67.195389 -13.365994 -0.300983
v -67.230011 -13.372881 -0.766807
v -67.287102 -13.384237 -1.217820
v -67.365768 -13.399884 -1.646910
v -67.464760 -13.419576 -2.047310
v -67.582527 -13.443001 -2.412705
v -67.717209 -13.469790 -2.737334
v -67.866676 -13.499520 -3.016075
v -68.028572 -13.531724 -3.244534
v -68.200348 -13.565893 -3.419107
v -68.379295 -13.601488 -3.537042
v -68.562592 -13.637948 -3.596478
v -68.747345 -13.674697 -3.596478
v -68.930641 -13.711157 -3.537042
v -69.109589 -13.746752 -3.419107
v -69.281364 -13.780921 -3.244534
v -69.443268 -13.813125 -3.016075
v -69.592735 -13.842855 -2.737334
v -69.727409 -13.869644 -2.412705
v -69.845177 -13.893069 -2.047310
v -69.944176 -13.912761 -1.646910
v -70.022835 -13.928408 -1.217820
v -70.079926 -13.939764 -0.766807
v -70.114548 -13.946651 -0.300983
v -69.063698 -18.505562 0.172304
v -69.052269 -18.502501 0.645592
v -69.018181 -18.493364 1.111415
v -68.961952 -18.478298 1.562428
v -68.884476 -18.457541 1.991518
v -68.786980 -18.431417 2.391918
v -68.671005 -18.400339 2.757314
v -68.538361 -18.364799 3.081942
v -68.391159 -18.325356 3.360683
v -68.231712 -18.282633 3.589142
v -68.062538 -18.237303 3.763716
v -67.886299 -18.190081 3.881650
v -67.705788 -18.141710 3.941086
v -67.523834 -18.092957 3.941086
v -67.343315 -18.044586 3.881650
v -67.167076 -17.997364 3.763716
v -66.997902 -17.952034 3.589142
v -66.838455 -17.909309 3.360683
v -66.691254 -17.869867 3.081942
v -66.558617 -17.834326 2.757314
v -66.442635 -17.803249 2.391918
v -66.345139 -17.777126 1.991518
v -66.267662 -17.756367 1.562428
v -66.211441 -17.741301 1.111415
v -66.177345 -17.732166 0.645592
v -66.165916 -17.729105 0.172304
v -66.177345 -17.732166 -0.300983
v -66.211441 -17.741301 -0.766807
v -66.267662 -17.756367 -1.217820
v -66.345139 -17.777126 -1.646910
v -66.442635 -17.803249 -2.047310
v -66.558617 -17.834326 -2.412705
v -66.691254 -17.869867 -2.737334
v -66.838455 -17.909309 -3.016075
v -66.997902 -17.952034 -3.244534
v -67.167076 -17.997364 -3.419107
v -67.343315 -18.044586 -3.537042
v -67.523834 -18.092957 -3.596478
v -67.705788 -18.141710 -3.596478
v -67.886299 -18.190081 -3.537042
v -68.062538 -18.237303 -3.419107
v -68.231712 -18.282633 -3.244534
v -68.391159 -18.325356 -3.016075
v -68.538361 -18.364799 -2.737334
v -68.671005 -18.400339 -2.412705
v -68.786980 -18.431417 -2.047310
v -68.884476 -18.457541 -1.646910
v -68.961952 -18.478298 -1.217820
v -69.018181 -18.493364 -0.766807
v -69.052269 -18.502501 -0.300983
v -67.705505 -22.982922 0.172304
v -67.694305 -22.979120 0.645592
v -67.660881 -22.967773 1.111415
v -67.605759 -22.949062 1.562428
v -67.529808 -22.923283 1.991518
v -67.434235 -22.890837 2.391918
v -67.320534 -22.852242 2.757314
v -67.190506 -22.808102 3.081942
v -67.046196 -22.759117 3.360683
v -66.889885 -22.706057 3.589142
v -66.724037 -22.649757 3.763716
v -66.551262 -22.591110 3.881650
v -66.374298 -22.531038 3.941086
v -66.195923 -22.470488 3.941086
v -66.018951 -22.410416 3.881650
v -65.846184 -22.351767 3.763716
v -65.680336 -22.295469 3.589142
v -65.524025 -22.242409 3.360683
v -65.379715 -22.193422 3.081942
v -65.249687 -22.149284 2.757314
v -65.135986 -22.110687 2.391918
v -65.040405 -22.078243 1.991518
v -64.964462 -22.052462 1.562428
v -64.909340 -22.033751 1.111415
v -64.875916 -22.022406 0.645592
v -64.864716 -22.018604 0.172304
v -64.875916 -22.022406 -0.300983
v -64.909340 -22.033751 -0.766807
v -64.964462 -22.052462 -1.217820
v -65.040405 -22.078243 -1.646910
v -65.135986 -22.110687 -2.047310
v -65.249687 -22.149284 -2.412705
v -65.379715 -22.193422 -2.737334
v -65.524025 -22.242409 -3.016075
v -65.680336 -22.295469 -3.244534
v -65.846184 -22.351767 -3.419107
v -66.018951 -22.410416 -3.537042
v -66.195923 -22.470488 -3.596478
v -66.374298 -22.531038 -3.596478
v -66.551262 -22.591110 -3.537042
v -66.724037 -22.649757 -3.419107
v -66.889885 -22.706057 -3.244534
v -67.046196 -22.759117 -3.016075
v -67.190506 -22.808102 -2.737334
v -67.320534 -22.852242 -2.412705
v -67.434235 -22.890837 -2.047310
v -67.529808 -22.923283 -1.646910
v -67.605759 -22.949062 -1.217820
v -67.660881 -22.967773 -0.766807
v -67.694305 -22.979120 -0.300983
v -66.057388 -27.361866 0.172304
v -66.046455 -27.357340 0.645592
v -66.013847 -27.343832 1.111415
v -65.960068 -27.321556 1.562428
v -65.885971 -27.290863 1.991518
v -65.792717 -27.252235 2.391918
v -65.681786 -27.206287 2.757314
v -65.554924 -27.153738 3.081942
v -65.414124 -27.095419 3.360683
v -65.261620 -27.032248 3.589142
v -65.099808 -26.965223 3.763716
v -64.931244 -26.895401 3.881650
v -64.758583 -26.823883 3.941086
v -64.584549 -26.751797 3.941086
v -64.411888 -26.680279 3.881650
v -64.243324 -26.610456 3.763716
v -64.081512 -26.543432 3.589142
v -63.929008 -26.480263 3.360683
v -63.788212 -26.421944 3.081942
v -63.661350 -26.369394 2.757314
v -63.550415 -26.323444 2.391918
v -63.457165 -26.284819 1.991518
v -63.383064 -26.254126 1.562428
v -63.329285 -26.231850 1.111415
v -63.296677 -26.218342 0.645592
v -63.285748 -26.213816 0.172304
v -63.296677 -26.218342 -0.300983
v -63.329285 -26.231850 -0.766807
v -63.383064 -26.254126 -1.217820
v -63.457165 -26.284819 -1.646910
v -63.550415 -26.323444 -2.047310
v -63.661350 -26.369394 -2.412705
v -63.788212 -26.421944 -2.737334
v -63.929008 -26.480263 -3.016075
v -64.081512 -26.543432 -3.244534
v -64.243324 -26.610456 -3.419107
v -64.411888 -26.680279 -3.537042
v -64.584549 -26.751797 -3.596478
v -64.758583 -26.823883 -3.596478
v -64.931244 -26.895401 -3.537042
v -65.099808 -26.965223 -3.419107
v -65.261620 -27.032248 -3.244534
v -65.414124 -27.095419 -3.016075
v -65.554924 -27.153738 -2.737334
v -65.681786 -27.206287 -2.412705
v -65.792717 -27.252235 -2.047310
v -65.885971 -27.290863 -1.646910
v -65.960068 -27.321556 -1.217820
v -66.013847 -27.343832 -0.766807
v -66.046455 -27.357340 -0.300983
v -64.126404 -31.623642 0.172304
v -64.115791 -31.618410 0.645592
v -64.084137 -31.602798 1.111415
v -64.031929 -31.577053 1.562428
v -63.959995 -31.541578 1.991518
v -63.869469 -31.496937 2.391918
v -63.761780 -31.443830 2.757314
v -63.638626 -31.383097 3.081942
v -63.501945 -31.315693 3.360683
v -63.353897 -31.242683 3.589142
v -63.196815 -31.165220 3.763716
v -63.033176 -31.084524 3.881650
v -62.865566 -31.001865 3.941086
v -62.696621 -30.918550 3.941086
v -62.529007 -30.835894 3.881650
v -62.365368 -30.755196 3.763716
v -62.208286 -30.677732 3.589142
v -62.060238 -30.604723 3.360683
v -61.923561 -30.537321 3.081942
v -61.800404 -30.476587 2.757314
v -61.692715 -30.423479 2.391918
v -61.602188 -30.378838 1.991518
v -61.530254 -30.343365 1.562428
v -61.478046 -30.317617 1.111415
v -61.446392 -30.302006 0.645592
v -61.435783 -30.296776 0.172304
v -61.446392 -30.302006 -0.300983
v -61.478046 -30.317617 -0.766807
v -61.530254 -30.343365 -1.217820
v -61.602188 -30.378838 -1.646910
v -61.692715 -30.423479 -2.047310
v -61.800404 -30.476587 -2.412705
v -61.923561 -30.537321 -2.737334
v -62.060238 -30.604723 -3.016075
v -62.208286 -30.677732 -3.244534
v -62.365368 -30.755196 -3.419107
v -62.529007 -30.835894 -3.537042
v -62.696621 -30.918550 -3.596478
v -62.865566 -31.001865 -3.596478
v -63.033176 -31.084524 -3.537042
v -63.196815 -31.165220 -3.419107
v -63.353897 -31.242683 -3.244534
v -63.501945 -31.315693 -3.016075
v -63.638626 -31.383097 -2.737334
v -63.761780 -31.443830 -2.412705
v -63.869469 -31.496937 -2.047310
v -63.959995 -31.541578 -1.646910
v -64.031929 -31.577053 -1.217820
v -64.084137 -31.602798 -0.766807
v -64.115791 -31.618410 -0.300983
v -61.920815 -35.750000 0.172304
v -61.910572 -35.744087 0.645592
v -61.880005 -35.726437 1.111415
v -61.829594 -35.697330 1.562428
v -61.760136 -35.657230 1.991518
v -61.672722 -35.606762 2.391918
v -61.568737 -35.546726 2.757314
v -61.449818 -35.478069 3.081942
v -61.317837 -35.401871 3.360683
v -61.174881 -35.319336 3.589142
v -61.023205 -35.231762 3.763716
v -60.865192 -35.140537 3.881650
v -60.703346 -35.047092 3.941086
v -60.540211 -34.952908 3.941086
v -60.378365 -34.859463 3.881650
v -60.220352 -34.768238 3.763716
v -60.068676 -34.680664 3.589142
v -59.925720 -34.598129 3.360683
v -59.793739 -34.521931 3.081942
v -59.674820 -34.453274 2.757314
v -59.570835 -34.393238 2.391918
v -59.483421 -34.342770 1.991518
v -59.413963 -34.302670 1.562428
v -59.363552 -34.273563 1.111415
v -59.332985 -34.255913 0.645592
v -59.322739 -34.250000 0.172304
v -59.332985 -34.255913 -0.300983
v -59.363552 -34.273563 -0.766807
v -59.413963 -34.302670 -1.217820
v -59.483421 -34.342770 -1.646910
v -59.570835 -34.393238 -2.047310
v -59.674820 -34.453274 -2.412705
v -59.793739 -34.521931 -2.737334
v -59.925720 -34.598129 -3.016075
v -60.068676 -34.680664 -3.244534
v -60.220352 -34.768238 -3.419107
v -60.378365 -34.859463 -3.537042
v -60.540211 -34.952908 -3.596478
v -60.703346 -35.047092 -3.596478
v -60.865192 -35.140537 -3.537042
v -61.023205 -35.231762 -3.419107
v -61.174881 -35.319336 -3.244534
v -61.317837 -35.401871 -3.016075
v -61.449818 -35.478069 -2.737334
v -61.568737 -35.546726 -2.412705
v -61.672722 -35.606762 -2.047310
v -61.760136 -35.657230 -1.646910
v -61.829594 -35.697330 -1.217820
v -61.880005 -35.726437 -0.766807
v -61.910572 -35.744087 -0.300983
v -59.450077 -39.723270 0.172304
v -59.440243 -39.716702 0.645592
v -59.410892 -39.697090 1.111415
v -59.362495 -39.664749 1.562428
v -59.295807 -39.620190 1.991518
v -59.211884 -39.564114 2.391918
v -59.112045 -39.497406 2.757314
v -58.997871 -39.421116 3.081942
v -58.871159 -39.336449 3.360683
v -58.733906 -39.244743 3.589142
v -58.588280 -39.147438 3.763716
v -58.436577 -39.046070 3.881650
v -58.281185 -38.942242 3.941086
v -58.124561 -38.837589 3.941086
v -57.969170 -38.733761 3.881650
v -57.817467 -38.632397 3.763716
v -57.671841 -38.535091 3.589142
v -57.534588 -38.443382 3.360683
v -57.407875 -38.358715 3.081942
v -57.293701 -38.282425 2.757314
v -57.193863 -38.215717 2.391918
v -57.109940 -38.159641 1.991518
v -57.043251 -38.115082 1.562428
v -56.994850 -38.082741 1.111415
v -56.965504 -38.063133 0.645592
v -56.955669 -38.056561 0.172304
v -56.965504 -38.063133 -0.300983
v -56.994850 -38.082741 -0.766807
v -57.043251 -38.115082 -1.217820
v -57.109940 -38.159641 -1.646910
v -57.193863 -38.215717 -2.047310
v -57.293701 -38.282425 -2.412705
v -57.407875 -38.358715 -2.737334
v -57.534588 -38.443382 -3.016075
v -57.671841 -38.535091 -3.244534
v -57.817467 -38.632397 -3.419107
v -57.969170 -38.733761 -3.537042
v -58.124561 -38.837589 -3.596478
v -58.281185 -38.942242 -3.596478
v -58.436577 -39.046070 -3.537042
v -58.588280 -39.147438 -3.419107
v -58.733906 -39.244743 -3.244534
v -58.871159 -39.336449 -3.016075
v -58.997871 -39.421116 -2.737334
v -59.112045 -39.497406 -2.412705
v -59.211884 -39.564114 -2.047310
v -59.295807 -39.620190 -1.646910
v -59.362495 -39.664749 -1.217820
v -59.410892 -39.697090 -0.766807
v -59.440243 -39.716702 -0.300983
v -56.724762 -43.526443 0.172304
v -56.715382 -43.519241 0.645592
v -56.687378 -43.497753 1.111415
v -56.641197 -43.462318 1.562428
v -56.577564 -43.413494 1.991518
v -56.497490 -43.352047 2.391918
v -56.402229 -43.278954 2.757314
v -56.293289 -43.195358 3.081942
v -56.172382 -43.102585 3.360683
v -56.041424 -43.002098 3.589142
v -55.902473 -42.895477 3.763716
v -55.757725 -42.784405 3.881650
v -55.609455 -42.670635 3.941086
v -55.460011 -42.555962 3.941086
v -55.311745 -42.442196 3.881650
v -55.166996 -42.331123 3.763716
v -55.028042 -42.224503 3.589142
v -54.897083 -42.124016 3.360683
v -54.776180 -42.031242 3.081942
v -54.667240 -41.947647 2.757314
v -54.571980 -41.874554 2.391918
v -54.491901 -41.813107 1.991518
v -54.428272 -41.764282 1.562428
v -54.382092 -41.728848 1.111415
v -54.354088 -41.707359 0.645592
v -54.344704 -41.700157 0.172304
v -54.354088 -41.707359 -0.300983
v -54.382092 -41.728848 -0.766807
v -54.428272 -41.764282 -1.217820
v -54.491901 -41.813107 -1.646910
v -54.571980 -41.874554 -2.047310
v -54.667240 -41.947647 -2.412705
v -54.776180 -42.031242 -2.737334
v -54.897083 -42.124016 -3.016075
v -55.028042 -42.224503 -3.244534
v -55.166996 -42.331123 -3.419107
v -55.311745 -42.442196 -3.537042
v -55.460011 -42.555962 -3.596478
v -55.609455 -42.670635 -3.596478
v -55.757725 -42.784405 -3.537042
v -55.902473 -42.895477 -3.419107
v -56.041424 -43.002098 -3.244534
v -56.172382 -43.102585 -3.016075
v -56.293289 -43.195358 -2.737334
v -56.402229 -43.278954 -2.412705
v -56.497490 -43.352047 -2.047310
v -56.577564 -43.413494 -1.646910
v -56.641197 -43.462318 -1.217820
v -56.687378 -43.497753 -0.766807
v -56.715382 -43.519241 -0.300983
v -53.756546 -47.143227 0.172304
v -53.747654 -47.135426 0.645592
v -53.721115 -47.112152 1.111415
v -53.677349 -47.073772 1.562428
v -53.617050 -47.020889 1.991518
v -53.541164 -46.954342 2.391918
v -53.450890 -46.875172 2.757314
v -53.347649 -46.784630 3.081942
v -53.233070 -46.684151 3.360683
v -53.108963 -46.575310 3.589142
v -52.977283 -46.459831 3.763716
v -52.840107 -46.339531 3.881650
v -52.699600 -46.216309 3.941086
v -52.557976 -46.092106 3.941086
v -52.417465 -45.968884 3.881650
v -52.280289 -45.848583 3.763716
v -52.148609 -45.733105 3.589142
v -52.024502 -45.624264 3.360683
v -51.909924 -45.523785 3.081942
v -51.806686 -45.433243 2.757314
v -51.716412 -45.354073 2.391918
v -51.640522 -45.287525 1.991518
v -51.580223 -45.234642 1.562428
v -51.536457 -45.196259 1.111415
v -51.509918 -45.172989 0.645592
v -51.501026 -45.165188 0.172304
v -51.509918 -45.172989 -0.300983
v -51.536457 -45.196259 -0.766807
v -51.580223 -45.234642 -1.217820
v -51.640522 -45.287525 -1.646910
v -51.716412 -45.354073 -2.047310
v -51.806686 -45.433243 -2.412705
v -51.909924 -45.523785 -2.737334
v -52.024502 -45.624264 -3.016075
v -52.148609 -45.733105 -3.244534
v -52.280289 -45.848583 -3.419107
v -52.417465 -45.968884 -3.537042
v -52.557976 -46.092106 -3.596478
v -52.699600 -46.216309 -3.596478
v -52.840107 -46.339531 -3.537042
v -52.977283 -46.459831 -3.419107
v -53.108963 -46.575310 -3.244534
v -53.233070 -46.684151 -3.016075
v -53.347649 -46.784630 -2.737334
v -53.450890 -46.875172 -2.412705
v -53.541164 -46.954342 -2.047310
v -53.617050 -47.020889 -1.646910
v -53.677349 -47.073772 -1.217820
v -53.721115 -47.112152 -0.766807
v -53.747654 -47.135426 -0.300983
v -50.558136 -50.558136 0.172304
v -50.549770 -50.549770 0.645592
v -50.524811 -50.524811 1.111415
v -50.483650 -50.483650 1.562428
v -50.426937 -50.426937 1.991518
v -50.355568 -50.355568 2.391918
v -50.270664 -50.270664 2.757314
v -50.173565 -50.173565 3.081942
v -50.065804 -50.065804 3.360683
v -49.949081 -49.949081 3.589142
v -49.825237 -49.825237 3.763716
v -49.696224 -49.696224 3.881650
v -49.564075 -49.564075 3.941086
v -49.430874 -49.430874 3.941086
v -49.298725 -49.298725 3.881650
v -49.169712 -49.169712 3.763716
v -49.045868 -49.045868 3.589142
v -48.929146 -48.929146 3.360683
v -48.821384 -48.821384 3.081942
v -48.724285 -48.724285 2.757314
v -48.639381 -48.639381 2.391918
v -48.568012 -48.568012 1.991518
v -48.511299 -48.511299 1.562428
v -48.470139 -48.470139 1.111415
v -48.445179 -48.445179 0.645592
v -48.436813 -48.436813 0.172304
v -48.445179 -48.445179 -0.300983
v -48.470139 -48.470139 -0.766807
v -48.511299 -48.511299 -1.217820
v -48.568012 -48.568012 -1.646910
v -48.639381 -48.639381 -2.047310
v -48.724285 -48.724285 -2.412705
v -48.821384 -48.821384 -2.737334
v -48.929146 -48.929146 -3.016075
v -49.045868 -49.045868 -3.244534
v -49.169712 -49.169712 -3.419107
v -49.298725 -49.298725 -3.537042
v -49.430874 -49.430874 -3.596478
v -49.564075 -49.564075 -3.596478
v -49.696224 -49.696224 -3.537042
v -49.825237 -49.825237 -3.419107
v -49.949081 -49.949081 -3.244534
v -50.065804 -50.065804 -3.016075
v -50.173565 -50.173565 -2.737334
v -50.270664 -50.270664 -2.412705
v -50.355568 -50.355568 -2.047310
v -50.426937 -50.426937 -1.646910
v -50.483650 -50.483650 -1.217820
v -50.524811 -50.524811 -0.766807
v -50.549770 -50.549770 -0.300983
v -47.143227 -53.756546 0.172304
v -47.135426 -53.747654 0.645592
v -47.112152 -53.721115 1.111415
v -47.073772 -53.677349 1.562428
v -47.020889 -53.617050 1.991518
v -46.954342 -53.541164 2.391918
v -46.875172 -53.450890 2.757314
v -46.784630 -53.347649 3.081942
v -46.684151 -53.233070 3.360683
v -46.575310 -53.108963 3.589142
v -46.459831 -52.977283 3.763716
v -46.339531 -52.840107 3.881650
v -46.216309 -52.699600 3.941086
v -46.092106 -52.557976 3.941086
v -45.968884 -52.417465 3.881650
v -45.848583 -52.280289 3.763716
v -45.733105 -52.148609 3.589142
v -45.624264 -52.024502 3.360683
v -45.523785 -51.909924 3.081942
v -45.433243 -51.806686 2.757314
v -45.354073 -51.716412 2.391918
v -45.287525 -51.640522 1.991518
v -45.234642 -51.580223 1.562428
v -45.196259 -51.536457 1.111415
v -45.172989 -51.509918 0.645592
v -45.165188 -51.501026 0.172304
v -45.172989 -51.509918 -0.300983
v -45.196259 -51.536457 -0.766807
v -45.234642 -51.580223 -1.217820
v -45.287525 -51.640522 -1.646910
v -45.354073 -51.716412 -2.047310
v -45.433243 -51.806686 -2.412705
v -45.523785 -51.909924 -2.737334
v -45.624264 -52.024502 -3.016075
v -45.733105 -52.148609 -3.244534
v -45.848583 -52.280289 -3.419107
v -45.968884 -52.417465 -3.537042
v -46.092106 -52.557976 -3.596478
v -46.216309 -52.699600 -3.596478
v -46.339531 -52.840107 -3.537042
v -46.459831 -52.977283 -3.419107
v -46.575310 -53.108963 -3.244534
v -46.684151 -53.233070 -3.016075
v -46.784630 -53.347649 -2.737334
v -46.875172 -53.450890 -2.412705
v -46.954342 -53.541164 -2.047310
v -47.020889 -53.617050 -1.646910
v -47.073772 -53.677349 -1.217820
v -47.112152 -53.721115 -0.766807
v -47.135426 -53.747654 -0.300983
v -43.526443 -56.724762 0.172304
v -43.519241 -56.715382 0.645592
v -43.497753 -56.687378 1.111415
v -43.462318 -56.641197 1.562428
v -43.413494 -56.577564 1.991518
v -43.352047 -56.497490 2.391918
v -43.278954 -56.402229 2.757314
v -43.195358 -56.293289 3.081942
v -43.102585 -56.172382 3.360683
v -43.002098 -56.041424 3.589142
v -42.895477 -55.902473 3.763716
v -42.784405 -55.757725 3.881650
v -42.670635 -55.609455 3.941086
v -42.555962 -55.460011 3.941086
v -42.442196 -55.311745 3.881650
v -42.331123 -55.166996 3.763716
v -42.224503 -55.028042 3.589142
v -42.124016 -54.897083 3.360683
v -42.031242 -54.776180 3.081942
v -41.947647 -54.667240 2.757314
v -41.874554 -54.571980 2.391918
v -41.813107 -54.491901 1.991518
v -41.764282 -54.428272 1.562428
v -41.728848 -54.382092 1.111415
v -41.707359 -54.354088 0.645592
v -41.700157 -54.344704 0.172304
v -41.707359 -54.354088 -0.300983
v -41.728848 -54.382092 -0.766807
v -41.764282 -54.428272 -1.217820
v -41.813107 -54.491901 -1.646910
v -41.874554 -54.571980 -2.047310
v -41.947647 -54.667240 -2.412705
v -42.031242 -54.776180 -2.737334
v -42.124016 -54.897083 -3.016075
v -42.224503 -55.028042 -3.244534
v -42.331123 -55.166996 -3.419107
v -42.442196 -55.311745 -3.537042
v -42.555962 -55.460011 -3.596478
v -42.670635 -55.609455 -3.596478
v -42.784405 -55.757725 -3.537042
v -42.895477 -55.902473 -3.419107
v -43.002098 -56.041424 -3.244534
v -43.102585 -56.172382 -3.016075
v -43.195358 -56.293289 -2.737334
v -43.278954 -56.402229 -2.412705
v -43.352047 -56.497490 -2.047310
v -43.413494 -56.577564 -1.646910
v -43.462318 -56.641197 -1.217820
v -43.497753 -56.687378 -0.766807
v -43.519241 -56.715382 -0.300983
v -39.723270 -59.450077 0.172304
v -39.716702 -59.440243 0.645592
v -39.697090 -59.410892 1.111415
v -39.664749 -59.362495 1.562428
v -39.620190 -59.295807 1.991518
v -39.564114 -59.211884 2.391918
v -39.497406 -59.112045 2.757314
v -39.421116 -58.997871 3.081942
v -39.336449 -58.871159 3.360683
v -39.244743 -58.733906 3.589142
v -39.147438 -58.588280 3.763716
v -39.046070 -58.436577 3.881650
v -38.942242 -58.281185 3.941086
v -38.837589 -58.124561 3.941086
v -38.733761 -57.969170 3.881650
v -38.632397 -57.817467 3.763716
v -38.535091 -57.671841 3.589142
v -38.443382 -57.534588 3.360683
v -38.358715 -57.407875 3.081942
v -38.282425 -57.293701 2.757314
v -38.215717 -57.193863 2.391918
v -38.159641 -57.109940 1.991518
v -38.115082 -57.043251 1.562428
v -38.082741 -56.994850 1.111415
v -38.063133 -56.965504 0.645592
v -38.056561 -56.955669 0.172304
v -38.063133 -56.965504 -0.300983
v -38.082741 -56.994850 -0.766807
v -38.115082 -57.043251 -1.217820
v -38.159641 -57.109940 -1.646910
v -38.215717 -57.193863 -2.047310
v -38.282425 -57.293701 -2.412705
v -38.358715 -57.407875 -2.737334
v -38.443382 -57.534588 -3.016075
v -38.535091 -57.671841 -3.244534
v -38.632397 -57.817467 -3.419107
v -38.733761 -57.969170 -3.537042
v -38.837589 -58.124561 -3.596478
v -38.942242 -58.281185 -3.596478
v -39.046070 -58.436577 -3.537042
v -39.147438 -58.588280 -3.419107
v -39.244743 -58.733906 -3.244534
v -39.336449 -58.871159 -3.016075
v -39.421116 -58.997871 -2.737334
v -39.497406 -59.112045 -2.412705
v -39.564114 -59.211884 -2.047310
v -39.620190 -59.295807 -1.646910
v -39.664749 -59.362495 -1.217820
v -39.697090 -59.410892 -0.766807
v -39.716702 -59.440243 -0.300983
v -35.750000 -61.920815 0.172304
v -35.744087 -61.910572 0.645592
v -35.726437 -61.880005 1.111415
v -35.697330 -61.829594 1.562428
v -35.657230 -61.760136 1.991518
v -35.606762 -61.672722 2.391918
v -35.546726 -61.568737 2.757314
v -35.478069 -61.449818 3.081942
v -35.401871 -61.317837 3.360683
v -35.319336 -61.174881 3.589142
v -35.231762 -61.023205 3.763716
v -35.140537 -60.865192 3.881650
v -35.047092 -60.703346 3.941086
v -34.952908 -60.540211 3.941086
v -34.859463 -60.378365 3.881650
v -34.768238 -60.220352 3.763716
v -34.680664 -60.068676 3.589142
v -34.598129 -59.925720 3.360683
v -34.521931 -59.793739 3.081942
v -34.453274 -59.674820 2.757314
v -34.393238 -59.570835 2.391918
v -34.342770 -59.483421 1.991518
v -34.302670 -59.413963 1.562428
v -34.273563 -59.363552 1.111415
v -34.255913 -59.332985 0.645592
v -34.250000 -59.322739 0.172304
v -34.255913 -59.332985 -0.300983
v -34.273563 -59.363552 -0.766807
v -34.302670 -59.413963 -1.217820
v -34.342770 -59.483421 -1.646910
v -34.393238 -59.570835 -2.047310
v -34.453274 -59.674820 -2.412705
v -34.521931 -59.793739 -2.737334
v -34.598129 -59.925720 -3.016075
v -34.680664 -60.068676 -3.244534
v -34.768238 -60.220352 -3.419107
v -34.859463 -60.378365 -3.537042
v -34.952908 -60.540211 -3.596478
v -35.047092 -60.703346 -3.596478
v -35.140537 -60.865192 -3.537042
v -35.231762 -61.023205 -3.419107
v -35.319336 -61.174881 -3.244534
v -35.401871 -61.317837 -3.016075
v -35.478069 -61.449818 -2.737334
v -35.546726 -61.568737 -2.412705
v -35.606762 -61.672722 -2.047310
v -35.657230 -61.760136 -1.646910
v -35.697330 -61.829594 -1.217820
v -35.726437 -61.880005 -0.766807
v -35.744087 -61.910572 -0.300983
v -31.623642 -64.126404 0.172304
v -31.618410 -64.115791 0.645592
v -31.602798 -64.084137 1.111415
v -31.577053 -64.031929 1.562428
v -31.541578 -63.959995 1.991518
v -31.496937 -63.869469 2.391918
v -31.443830 -63.761780 2.757314
v -31.383097 -63.638626 3.081942
v -31.315693 -63.501945 3.360683
v -31.242683 -63.353897 3.589142
v -31.165220 -63.196815 3.763716
v -31.084524 -63.033176 3.881650
v -31.001865 -62.865566 3.941086
v -30.918550 -62.696621 3.941086
v -30.835894 -62.529007 3.881650
v -30.755196 -62.365368 3.763716
v -30.677732 -62.208286 3.589142
v -30.604723 -62.060238 3.360683
v -30.537321 -61.923561 3.081942
v -30.476587 -61.800404 2.757314
v -30.423479 -61.692715 2.391918
v -30.378838 -61.602188 1.991518
v -30.343365 -61.530254 1.562428
v -30.317617 -61.478046 1.111415
v -30.302006 -61.446392 0.645592
v -30.296776 -61.435783 0.172304
v -30.302006 -61.446392 -0.300983
v -30.317617 -61.478046 -0.766807
v -30.343365 -61.530254 -1.217820
v -30.378838 -61.602188 -1.646910
v -30.423479 -61.692715 -2.047310
v -30.476587 -61.800404 -2.412705
v -30.537321 -61.923561 -2.737334
v -30.604723 -62.060238 -3.016075
v -30.677732 -62.208286 -3.244534
v -30.755196 -62.365368 -3.419107
v -30.835894 -62.529007 -3.537042
v -30.918550 -62.696621 -3.596478
v -31.001865 -62.865566 -3.596478
v -31.084524 -63.033176 -3.537042
v -31.165220 -63.196815 -3.419107
v -31.242683 -63.353897 -3.244534
v -31.315693 -63.501945 -3.016075
v -31.383097 -63.638626 -2.737334
v -31.443830 -63.761780 -2.412705
v -31.496937 -63.869469 -2.047310
v -31.541578 -63.959995 -1.646910
v -31.577053 -64.031929 -1.217820
v -31.602798 -64.084137 -0.766807
v -31.618410 -64.115791 -0.300983
v -27.361866 -66.057388 0.172304
v -27.357340 -66.046455 0.645592
v -27.343832 -66.013847 1.111415
v -27.321556 -65.960068 1.562428
v -27.290863 -65.885971 1.991518
v -27.252235 -65.792717 2.391918
v -27.206287 -65.681786 2.757314
v -27.153738 -65.554924 3.081942
v -27.095419 -65.414124 3.360683
v -27.032248 -65.261620 3.589142
v -26.965223 -65.099808 3.763716
v -26.895401 -64.931244 3.881650
v -26.823883 -64.758583 3.941086
v -26.751797 -64.584549 3.941086
v -26.680279 -64.411888 3.881650
v -26.610456 -64.243324 3.763716
v -26.543432 -64.081512 3.589142
v -26.480263 -63.929008 3.360683
v -26.421944 -63.788212 3.081942
v -26.369394 -63.661350 2.757314
v -26.323444 -63.550415 2.391918
v -26.284819 -63.457165 1.991518
v -26.254126 -63.383064 1.562428
v -26.231850 -63.329285 1.111415
v -26.218342 -63.296677 0.645592
v -26.213816 -63.285748 0.172304
v -26.218342 -63.296677 -0.300983
v -26.231850 -63.329285 -0.766807
v -26.254126 -63.383064 -1.217820
v -26.284819 -63.457165 -1.646910
v -26.323444 -63.550415 -2.047310
v -26.369394 -63.661350 -2.412705
v -26.421944 -63.788212 -2.737334
v -26.480263 -63.929008 -3.016075
v -26.543432 -64.081512 -3.244534
v -26.610456 -64.243324 -3.419107
v -26.680279 -64.411888 -3.537042
v -26.751797 -64.584549 -3.596478
v -26.823883 -64.758583 -3.596478
v -26.895401 -64.931244 -3.537042
v -26.965223 -65.099808 -3.419107
v -27.032248 -65.261620 -3.244534
v -27.095419 -65.414124 -3.016075
v -27.153738 -65.554924 -2.737334
v -27.206287 -65.681786 -2.412705
v -27.252235 -65.792717 -2.047310
v -27.290863 -65.885971 -1.646910
v -27.321556 -65.960068 -1.217820
v -27.343832 -66.013847 -0.766807
v -27.357340 -66.046455 -0.300983
v -22.982922 -67.705505 0.172304
v -22.979120 -67.694305 0.645592
v -22.967773 -67.660881 1.111415
v -22.949062 -67.605759 1.562428
v -22.923283 -67.529808 1.991518
v -22.890837 -67.434235 2.391918
v -22.852242 -67.320534 2.757314
v -22.808102 -67.190506 3.081942
v -22.759117 -67.046196 3.360683
v -22.706057 -66.889885 3.589142
v -22.649757 -66.724037 3.763716
v -22.591110 -66.551262 3.881650
v -22.531038 -66.374298 3.941086
v -22.470488 -66.195923 3.941086
v -22.410416 -66.018951 3.881650
v -22.351767 -65.846184 3.763716
v -22.295469 -65.680336 3.589142
v -22.242409 -65.524025 3.360683
v -22.193422 -65.379715 3.081942
v -22.149284 -65.249687 2.757314
v -22.110687 -65.135986 2.391918
v -22.078243 -65.040405 1.991518
v -22.052462 -64.964462 1.562428
v -22.033751 -64.909340 1.111415
v -22.022406 -64.875916 0.645592
v -22.018604 -64.864716 0.172304
v -22.022406 -64.875916 -0.300983
v -22.033751 -64.909340 -0.766807
v -22.052462 -64.964462 -1.217820
v -22.078243 -65.040405 -1.646910
v -22.110687 -65.135986 -2.047310
v -22.149284 -65.249687 -2.412705
v -22.193422 -65.379715 -2.737334
v -22.242409 -65.524025 -3.016075
v -22.295469 -65.680336 -3.244534
v -22.351767 -65.846184 -3.419107
v -22.410416 -66.018951 -3.537042
v -22.470488 -66.195923 -3.596478
v -22.531038 -66.374298 -3.596478
v -22.591110 -66.551262 -3.537042
v -22.649757 -66.724037 -3.419107
v -22.706057 -66.889885 -3.244534
v -22.759117 -67.046196 -3.016075
v -22.808102 -67.190506 -2.737334
v -22.852242 -67.320534 -2.412705
v -22.890837 -67.434235 -2.047310
v -22.923283 -67.529808 -1.646910
v -22.949062 -67.605759 -1.217820
v -22.967773 -67.660881 -0.766807
v -22.979120 -67.694305 -0.300983
v -18.505562 -69.063698 0.172304
v -18.502501 -69.052269 0.645592
v -18.493364 -69.018181 1.111415
v -18.478298 -68.961952 1.562428
v -18.457541 -68.884476 1.991518
v -18.431417 -68.786980 2.391918
v -18.400339 -68.671005 2.757314
v -18.364799 -68.538361 3.081942
v -18.325356 -68.391159 3.360683
v -18.282633 -68.231712 3.589142
v -18.237303 -68.062538 3.763716
v -18.190081 -67.886299 3.881650
v -18.141710 -67.705788 3.941086
v -18.092957 -67.523834 3.941086
v -18.044586 -67.343315 3.881650
v -17.997364 -67.167076 3.763716
v -17.952034 -66.997902 3.589142
v -17.909309 -66.838455 3.360683
v -17.869867 -66.691254 3.081942
v -17.834326 -66.558617 2.757314
v -17.803249 -66.442635 2.391918
v -17.777126 -66.345139 1.991518
v -17.756367 -66.267662 1.562428
v -17.741301 -66.211441 1.111415
v -17.732166 -66.177345 0.645592
v -17.729105 -66.165916 0.172304
v -17.732166 -66.177345 -0.300983
v -17.741301 -66.211441 -0.766807
v -17.756367 -66.267662 -1.217820
v -17.777126 -66.345139 -1.646910
v -17.803249 -66.442635 -2.047310
v -17.834326 -66.558617 -2.412705
v -17.869867 -66.691254 -2.737334
v -17.909309 -66.838455 -3.016075
v -17.952034 -66.997902 -3.244534
v -17.997364 -67.167076 -3.419107
v -18.044586 -67.343315 -3.537042
v -18.092957 -67.523834 -3.596478
v -18.141710 -67.705788 -3.596478
v -18.190081 -67.886299 -3.537042
v -18.237303 -68.062538 -3.419107
v -18.282633 -68.231712 -3.244534
v -18.325356 -68.391159 -3.016075
v -18.364799 -68.538361 -2.737334
v -18.400339 -68.671005 -2.412705
v -18.431417 -68.786980 -2.047310
v -18.457541 -68.884476 -1.646910
v -18.478298 -68.961952 -1.217820
v -18.493364 -69.018181 -0.766807
v -18.502501 -69.052269 -0.300983
v -13.948958 -70.126144 0.172304
v -13.946651 -70.114548 0.645592
v -13.939764 -70.079926 1.111415
v -13.928408 -70.022835 1.562428
v -13.912761 -69.944176 1.991518
v -13.893069 -69.845177 2.391918
v -13.869644 -69.727409 2.757314
v -13.842855 -69.592735 3.081942
v -13.813125 -69.443268 3.360683
v -13.780921 -69.281364 3.589142
v -13.746752 -69.109589 3.763716
v -13.711157 -68.930641 3.881650
v -13.674697 -68.747345 3.941086
v -13.637948 -68.562592 3.941086
v -13.601488 -68.379295 3.881650
v -13.565893 -68.200348 3.763716
v -13.531724 -68.028572 3.589142
v -13.499520 -67.866676 3.360683
v -13.469790 -67.717209 3.081942
v -13.443001 -67.582527 2.757314
v -13.419576 -67.464760 2.391918
v -13.399884 -67.365768 1.991518
v -13.384237 -67.287102 1.562428
v -13.372881 -67.230011 1.111415
v -13.365994 -67.195389 0.645592
v -13.363688 -67.183792 0.172304
v -13.365994 -67.195389 -0.300983
v -13.372881 -67.230011 -0.766807
v -13.384237 -67.287102 -1.217820
v -13.399884 -67.365768 -1.646910
v -13.419576 -67.464760 -2.047310
v -13.443001 -67.582527 -2.412705
v -13.469790 -67.717209 -2.737334
v -13.499520 -67.866676 -3.016075
v -13.531724 -68.028572 -3.244534
v -13.565893 -68.200348 -3.419107
v -13.601488 -68.379295 -3.537042
v -13.637948 -68.562592 -3.596478
v -13.674697 -68.747345 -3.596478
v -13.711157 -68.930641 -3.537042
v -13.746752 -69.109589 -3.419107
v -13.780921 -69.281364 -3.244534
v -13.813125 -69.443268 -3.016075
v -13.842855 -69.592735 -2.737334
v -13.869644 -69.727409 -2.412705
v -13.893069 -69.845177 -2.047310
v -13.912761 -69.944176 -1.646910
v -13.928408 -70.022835 -1.217820
v -13.939764 -70.079926 -0.766807
v -13.946651 -70.114548 -0.300983
v -9.332623 -70.888306 0.172304
v -9.331079 -70.876579 0.645592
v -9.326471 -70.841583 1.111415
v -9.318873 -70.783875 1.562428
v -9.308405 -70.704353 1.991518
v -9.295230 -70.604286 2.391918
v -9.279557 -70.485237 2.757314
v -9.261634 -70.349098 3.081942
v -9.241742 -70.198006 3.360683
v -9.220197 -70.034348 3.589142
v -9.197335 -69.860703 3.763716
v -9.173521 -69.679810 3.881650
v -9.149127 -69.494522 3.941086
v -9.124539 -69.307762 3.941086
v -9.100146 -69.122475 3.881650
v -9.076331 -68.941582 3.763716
v -9.053471 -68.767937 3.589142
v -9.031924 -68.604279 3.360683
v -9.012033 -68.453186 3.081942
v -8.994109 -68.317039 2.757314
v -8.978436 -68.197998 2.391918
v -8.965262 -68.097923 1.991518
v -8.954793 -68.018410 1.562428
v -8.947195 -67.960693 1.111415
v -8.942588 -67.925697 0.645592
v -8.941044 -67.913971 0.172304
v -8.942588 -67.925697 -0.300983
v -8.947195 -67.960693 -0.766807
v -8.954793 -68.018410 -1.217820
v -8.965262 -68.097923 -1.646910
v -8.978436 -68.197998 -2.047310
v -8.994109 -68.317039 -2.412705
v -9.012033 -68.453186 -2.737334
v -9.031924 -68.604279 -3.016075
v -9.053471 -68.767937 -3.244534
v -9.076331 -68.941582 -3.419107
v -9.100146 -69.122475 -3.537042
v -9.124539 -69.307762 -3.596478
v -9.149127 -69.494522 -3.596478
v -9.173521 -69.679810 -3.537042
v -9.197335 -69.860703 -3.419107
v -9.220197 -70.034348 -3.244534
v -9.241742 -70.198006 -3.016075
v -9.261634 -70.349098 -2.737334
v -9.279557 -70.485237 -2.412705
v -9.295230 -70.604286 -2.047310
v -9.308405 -70.704353 -1.646910
v -9.318873 -70.783875 -1.217820
v -9.326471 -70.841583 -0.766807
v -9.331079 -70.876579 -0.300983
v -4.676324 -71.346916 0.172304
v -4.675550 -71.335114 0.645592
v -4.673242 -71.299889 1.111415
v -4.669435 -71.241806 1.562428
v -4.664189 -71.161774 1.991518
v -4.657588 -71.061050 2.391918
v -4.649734 -70.941238 2.757314
v -4.640753 -70.804214 3.081942
v -4.630786 -70.652145 3.360683
v -4.619990 -70.487427 3.589142
v -4.608535 -70.312660 3.763716
v -4.596602 -70.130592 3.881650
v -4.584379 -69.944107 3.941086
v -4.572059 -69.756142 3.941086
v -4.559836 -69.569656 3.881650
v -4.547903 -69.387589 3.763716
v -4.536448 -69.212822 3.589142
v -4.525652 -69.048103 3.360683
v -4.515685 -68.896034 3.081942
v -4.506704 -68.759010 2.757314
v -4.498851 -68.639198 2.391918
v -4.492249 -68.538483 1.991518
v -4.487004 -68.458443 1.562428
v -4.483196 -68.400360 1.111415
v -4.480888 -68.365135 0.645592
v -4.480114 -68.353333 0.172304
v -4.480888 -68.365135 -0.300983
v -4.483196 -68.400360 -0.766807
v -4.487004 -68.458443 -1.217820
v -4.492249 -68.538483 -1.646910
v -4.498851 -68.639198 -2.047310
v -4.506704 -68.759010 -2.412705
v -4.515685 -68.896034 -2.737334
v -4.525652 -69.048103 -3.016075
v -4.536448 -69.212822 -3.244534
v -4.547903 -69.387589 -3.419107
v -4.559836 -69.569656 -3.537042
v -4.572059 -69.756142 -3.596478
v -4.584379 -69.944107 -3.596478
v -4.596602 -70.130592 -3.537042
v -4.608535 -70.312660 -3.419107
v -4.619990 -70.487427 -3.244534
v -4.630786 -70.652145 -3.016075
v -4.640753 -70.804214 -2.737334
v -4.649734 -70.941238 -2.412705
v -4.657588 -71.061050 -2.047310
v -4.664189 -71.161774 -1.646910
v -4.669435 -71.241806 -1.217820
v -4.673242 -71.299889 -0.766807
v -4.675550 -71.335114 -0.300983
v -0.000000 -71.500000 0.172304
v -0.000000 -71.488174 0.645592
v -0.000000 -71.452873 1.111415
v -0.000000 -71.394661 1.562428
v -0.000000 -71.314461 1.991518
v -0.000000 -71.213524 2.391918
v -0.000000 -71.093452 2.757314
v -0.000000 -70.956139 3.081942
v -0.000000 -70.803741 3.360683
v -0.000000 -70.638672 3.589142
v -0.000000 -70.463524 3.763716
v -0.000000 -70.281075 3.881650
v -0.000000 -70.094185 3.941086
v -0.000000 -69.905815 3.941086
v -0.000000 -69.718925 3.881650
v -0.000000 -69.536476 3.763716
v -0.000000 -69.361328 3.589142
v -0.000000 -69.196259 3.360683
v -0.000000 -69.043861 3.081942
v -0.000000 -68.906548 2.757314
v -0.000000 -68.786476 2.391918
v -0.000000 -68.685539 1.991518
v -0.000000 -68.605339 1.562428
v -0.000000 -68.547127 1.111415
v -0.000000 -68.511826 0.645592
v -0.000000 -68.500000 0.172304
v -0.000000 -68.511826 -0.300983
v -0.000000 -68.547127 -0.766807
v -0.000000 -68.605339 -1.217820
v -0.000000 -68.685539 -1.646910
v -0.000000 -68.786476 -2.047310
v -0.000000 -68.906548 -2.412705
v -0.000000 -69.043861 -2.737334
v -0.000000 -69.196259 -3.016075
v -0.000000 -69.361328 -3.244534
v -0.000000 -69.536476 -3.419107
v -0.000000 -69.718925 -3.537042
v -0.000000 -69.905815 -3.596478
v -0.000000 -70.094185 -3.596478
v -0.000000 -70.281075 -3.537042
v -0.000000 -70.463524 -3.419107
v -0.000000 -70.638672 -3.244534
v -0.000000 -70.803741 -3.016075
v -0.000000 -70.956139 -2.737334
v -0.000000 -71.093452 -2.412705
v -0.000000 -71.213524 -2.047310
v -0.000000 -71.314461 -1.646910
v -0.000000 -71.394661 -1.217820
v -0.000000 -71.452873 -0.766807
v -0.000000 -71.488174 -0.300983
v 4.676324 -71.346916 0.172304
v 4.675550 -71.335114 0.645592
v 4.673242 -71.299889 1.111415
v 4.669435 -71.241806 1.562428
v 4.664189 -71.161774 1.991518
v 4.657588 -71.061050 2.391918
v 4.649734 -70.941238 2.757314
v 4.640753 -70.804214 3.081942
v 4.630786 -70.652145 3.360683
v 4.619990 -70.487427 3.589142
v 4.608535 -70.312660 3.763716
v 4.596602 -70.130592 3.881650
v 4.584379 -69.944107 3.941086
v 4.572059 -69.756142 3.941086
v 4.559836 -69.569656 3.881650
v 4.547903 -69.387589 3.763716
v 4.536448 -69.212822 3.589142
v 4.525652 -69.048103 3.360683
v 4.515685 -68.896034 3.081942
v 4.506704 -68.759010 2.757314
v 4.498851 -68.639198 2.391918
v 4.492249 -68.538483 1.991518
v 4.487004 -68.458443 1.562428
v 4.483196 -68.400360 1.111415
v 4.480888 -68.365135 0.645592
v 4.480114 -68.353333 0.172304
v 4.480888 -68.365135 -0.300983
v 4.483196 -68.400360 -0.766807
v 4.487004 -68.458443 -1.217820
v 4.492249 -68.538483 -1.646910
v 4.498851 -68.639198 -2.047310
v 4.506704 -68.759010 -2.412705
v 4.515685 -68.896034 -2.737334
v 4.525652 -69.048103 -3.016075
v 4.536448 -69.212822 -3.244534
v 4.547903 -69.387589 -3.419107
v 4.559836 -69.569656 -3.537042
v 4.572059 -69.756142 -3.596478
v 4.584379 -69.944107 -3.596478
v 4.596602 -70.130592 -3.537042
v 4.608535 -70.312660 -3.419107
v 4.619990 -70.487427 -3.244534
v 4.630786 -70.652145 -3.016075
v 4.640753 -70.804214 -2.737334
v 4.649734 -70.941238 -2.412705
v 4.657588 -71.061050 -2.047310
v 4.664189 -71.161774 -1.646910
v 4.669435 -71.241806 -1.217820
v 4.673242 -71.299889 -0.766807
v 4.675550 -71.335114 -0.300983
v 9.332623 -70.888306 0.172304
v 9.331079 -70.876579 0.645592
v 9.326471 -70.841583 1.111415
v 9.318873 -70.783875 1.562428
v 9.308405 -70.704353 1.991518
v 9.295230 -70.604286 2.391918
v 9.279557 -70.485237 2.757314
v 9.261634 -70.349098 3.081942
v 9.241742 -70.198006 3.360683
v 9.220197 -70.034348 3.589142
v 9.197335 -69.860703 3.763716
v 9.173521 -69.679810 3.881650
v 9.149127 -69.494522 3.941086
v 9.124539 -69.307762 3.941086
v 9.100146 -69.122475 3.881650
v 9.076331 -68.941582 3.763716
v 9.053471 -68.767937 3.589142
v 9.031924 -68.604279 3.360683
v 9.012033 -68.453186 3.081942
v 8.994109 -68.317039 2.757314
v 8.978436 -68.197998 2.391918
v 8.965262 -68.097923 1.991518
v 8.954793 -68.018410 1.562428
v 8.947195 -67.960693 1.111415
v 8.942588 -67.925697 0.645592
v 8.941044 -67.913971 0.172304
v 8.942588 -67.925697 -0.300983
v 8.947195 -67.960693 -0.766807
v 8.954793 -68.018410 -1.217820
v 8.965262 -68.097923 -1.646910
v 8.978436 -68.197998 -2.047310
v 8.994109 -68.317039 -2.412705
v 9.012033 -68.453186 -2.737334
v 9.031924 -68.604279 -3.016075
v 9.053471 -68.767937 -3.244534
v 9.076331 -68.941582 -3.419107
v 9.100146 -69.122475 -3.537042
v 9.124539 -69.307762 -3.596478
v 9.149127 -69.494522 -3.596478
v 9.173521 -69.679810 -3.537042
v 9.197335 -69.860703 -3.419107
v 9.220197 -70.034348 -3.244534
v 9.241742 -70.198006 -3.016075
v 9.261634 -70.349098 -2.737334
v 9.279557 -70.485237 -2.412705
v 9.295230 -70.604286 -2.047310
v 9.308405 -70.704353 -1.646910
v 9.318873 -70.783875 -1.217820
v 9.326471 -70.841583 -0.766807
v 9.331079 -70.876579 -0.300983
v 13.948958 -70.126144 0.172304
v 13.946651 -70.114548 0.645592
v 13.939764 -70.079926 1.111415
v 13.928408 -70.022835 1.562428
v 13.912761 -69.944176 1.991518
v 13.893069 -69.845177 2.391918
v 13.869644 -69.727409 2.757314
v 13.842855 -69.592735 3.081942
v 13.813125 -69.443268 3.360683
v 13.780921 -69.281364 3.589142
v 13.746752 -69.109589 3.763716
v 13.711157 -68.930641 3.881650
v 13.674697 -68.747345 3.941086
v 13.637948 -68.562592 3.941086
v 13.601488 -68.379295 3.881650
v 13.565893 -68.200348 3.763716
v 13.531724 -68.028572 3.589142
v 13.499520 -67.866676 3.360683
v 13.469790 -67.717209 3.081942
v 13.443001 -67.582527 2.757314
v 13.419576 -67.464760 2.391918
v 13.399884 -67.365768 1.991518
v 13.384237 -67.287102 1.562428
v 13.372881 -67.230011 1.111415
v 13.365994 -67.195389 0.645592
v 13.363688 -67.183792 0.172304
v 13.365994 -67.195389 -0.300983
v 13.372881 -67.230011 -0.766807
v 13.384237 -67.287102 -1.217820
v 13.399884 -67.365768 -1.646910
v 13.419576 -67.464760 -2.047310
v 13.443001 -67.582527 -2.412705
v 13.469790 -67.717209 -2.737334
v 13.499520 -67.866676 -3.016075
v 13.531724 -68.028572 -3.244534
v 13.565893 -68.200348 -3.419107
v 13.601488 -68.379295 -3.537042
v 13.637948 -68.562592 -3.596478
v 13.674697 -68.747345 -3.596478
v 13.711157 -68.930641 -3.537042
v 13.746752 -69.109589 -3.419107
v 13.780921 -69.281364 -3.244534
v 13.813125 -69.443268 -3.016075
v 13.842855 -69.592735 -2.737334
v 13.869644 -69.727409 -2.412705
v 13.893069 -69.845177 -2.047310
v 13.912761 -69.944176 -1.646910
v 13.928408 -70.022835 -1.217820
v 13.939764 -70.079926 -0.766807
v 13.946651 -70.114548 -0.300983
v 18.505562 -69.063698 0.172304
v 18.502501 -69.052269 0.645592
v 18.493364 -69.018181 1.111415
v 18.478298 -68.961952 1.562428
v 18.457541 -68.884476 1.991518
v 18.431417 -68.786980 2.391918
v 18.400339 -68.671005 2.757314
v 18.364799 -68.538361 3.081942
v 18.325356 -68.391159 3.360683
v 18.282633 -68.231712 3.589142
v 18.237303 -68.062538 3.763716
v 18.190081 -67.886299 3.881650
v 18.141710 -67.705788 3.941086
v 18.092957 -67.523834 3.941086
v 18.044586 -67.343315 3.881650
v 17.997364 -67.167076 3.763716
v 17.952034 -66.997902 3.589142
v 17.909309 -66.838455 3.360683
v 17.869867 -66.691254 3.081942
v 17.834326 -66.558617 2.757314
v 17.803249 -66.442635 2.391918
v 17.777126 -66.345139 1.991518
v 17.756367 -66.267662 1.562428
v 17.741301 -66.211441 1.111415
v 17.732166 -66.177345 0.645592
v 17.729105 -66.165916 0.172304
v 17.732166 -66.177345 -0.300983
v 17.741301 -66.211441 -0.766807
v 17.756367 -66.267662 -1.217820
v 17.777126 -66.345139 -1.646910
v 17.803249 -66.442635 -2.047310
v 17.834326 -66.558617 -2.412705
v 17.869867 -66.691254 -2.737334
v 17.909309 -66.838455 -3.016075
v 17.952034 -66.997902 -3.244534
v 17.997364 -67.167076 -3.419107
v 18.044586 -67.343315 -3.537042
v 18.092957 -67.523834 -3.596478
v 18.141710 -67.705788 -3.596478
v 18.190081 -67.886299 -3.537042
v 18.237303 -68.062538 -3.419107
v 18.282633 -68.231712 -3.244534
v 18.325356 -68.391159 -3.016075
v 18.364799 -68.538361 -2.737334
v 18.400339 -68.671005 -2.412705
v 18.431417 -68.786980 -2.047310
v 18.457541 -68.884476 -1.646910
v 18.478298 -68.961952 -1.217820
v 18.493364 -69.018181 -0.766807
v 18.502501 -69.052269 -0.300983
v 22.982922 -67.705505 0.172304
v 22.979120 -67.694305 0.645592
v 22.967773 -67.660881 1.111415
v 22.949062 -67.605759 1.562428
v 22.923283 -67.529808 1.991518
v 22.890837 -67.434235 2.391918
v 22.852242 -67.320534 2.757314
v 22.808102 -67.190506 3.081942
v 22.759117 -67.046196 3.360683
v 22.706057 -66.889885 3.589142
v 22.649757 -66.724037 3.763716
v 22.591110 -66.551262 3.881650
v 22.531038 -66.374298 3.941086
v 22.470488 -66.195923 3.941086
v 22.410416 -66.018951 3.881650
v 22.351767 -65.846184 3.763716
v 22.295469 -65.680336 3.589142
v 22.242409 -65.524025 3.360683
v 22.193422 -65.379715 3.081942
v 22.149284 -65.249687 2.757314
v 22.110687 -65.135986 2.391918
v 22.078243 -65.040405 1.991518
v 22.052462 -64.964462 1.562428
v 22.033751 -64.909340 1.111415
v 22.022406 -64.875916 0.645592
v 22.018604 -64.864716 0.172304
v 22.022406 -64.875916 -0.300983
v 22.033751 -64.909340 -0.766807
v 22.052462 -64.964462 -1.217820
v 22.078243 -65.040405 -1.646910
v 22.110687 -65.135986 -2.047310
v 22.149284 -65.249687 -2.412705
v 22.193422 -65.379715 -2.737334
v 22.242409 -65.524025 -3.016075
v 22.295469 -65.680336 -3.244534
v 22.351767 -65.846184 -3.419107
v 22.410416 -66.018951 -3.537042
v 22.470488 -66.195923 -3.596478
v 22.531038 -66.374298 -3.596478
v 22.591110 -66.551262 -3.537042
v 22.649757 -66.724037 -3.419107
v 22.706057 -66.889885 -3.244534
v 22.759117 -67.046196 -3.016075
v 22.808102 -67.190506 -2.737334
v 22.852242 -67.320534 -2.412705
v 22.890837 -67.434235 -2.047310
v 22.923283 -67.529808 -1.646910
v 22.949062 -67.605759 -1.217820
v 22.967773 -67.660881 -0.766807
v 22.979120 -67.694305 -0.300983
v 27.361866 -66.057388 0.172304
v 27.357340 -66.046455 0.645592
v 27.343832 -66.013847 1.111415
v 27.321556 -65.960068 1.562428
v 27.290863 -65.885971 1.991518
v 27.252235 -65.792717 2.391918
v 27.206287 -65.681786 2.757314
v 27.153738 -65.554924 3.081942
v 27.095419 -65.414124 3.360683
v 27.032248 -65.261620 3.589142
v 26.965223 -65.099808 3.763716
v 26.895401 -64.931244 3.881650
v 26.823883 -64.758583 3.941086
v 26.751797 -64.584549 3.941086
v 26.680279 -64.411888 3.881650
v 26.610456 -64.243324 3.763716
v 26.543432 -64.081512 3.589142
v 26.480263 -63.929008 3.360683
v 26.421944 -63.788212 3.081942
v 26.369394 -63.661350 2.757314
v 26.323444 -63.550415 2.391918
v 26.284819 -63.457165 1.991518
v 26.254126 -63.383064 1.562428
v 26.231850 -63.329285 1.111415
v 26.218342 -63.296677 0.645592
v 26.213816 -63.285748 0.172304
v 26.218342 -63.296677 -0.300983
v 26.231850 -63.329285 -0.766807
v 26.254126 -63.383064 -1.217820
v 26.284819 -63.457165 -1.646910
v 26.323444 -63.550415 -2.047310
v 26.369394 -63.661350 -2.412705
v 26.421944 -63.788212 -2.737334
v 26.480263 -63.929008 -3.016075
v 26.543432 -64.081512 -3.244534
v 26.610456 -64.243324 -3.419107
v 26.680279 -64.411888 -3.537042
v 26.751797 -64.584549 -3.596478
v 26.823883 -64.758583 -3.596478
v 26.895401 -64.931244 -3.537042
v 26.965223 -65.099808 -3.419107
v 27.032248 -65.261620 -3.244534
v 27.095419 -65.414124 -3.016075
v 27.153738 -65.554924 -2.737334
v 27.206287 -65.681786 -2.412705
v 27.252235 -65.792717 -2.047310
v 27.290863 -65.885971 -1.646910
v 27.321556 -65.960068 -1.217820
v 27.343832 -66.013847 -0.766807
v 27.357340 -66.046455 -0.300983
v 31.623642 -64.126404 0.172304
v 31.618410 -64.115791 0.645592
v 31.602798 -64.084137 1.111415
v 31.577053 -64.031929 1.562428
v 31.541578 -63.959995 1.991518
v 31.496937 -63.869469 2.391918
v 31.443830 -63.761780 2.757314
v 31.383097 -63.638626 3.081942
v 31.315693 -63.501945 3.360683
v 31.242683 -63.353897 3.589142
v 31.165220 -63.196815 3.763716
v 31.084524 -63.033176 3.881650
v 31.001865 -62.865566 3.941086
v 30.918550 -62.696621 3.941086
v 30.835894 -62.529007 3.881650
v 30.755196 -62.365368 3.763716
v 30.677732 -62.208286 3.589142
v 30.604723 -62.060238 3.360683
v 30.537321 -61.923561 3.081942
v 30.476587 -61.800404 2.757314
v 30.423479 -61.692715 2.391918
v 30.378838 -61.602188 1.991518
v 30.343365 -61.530254 1.562428
v 30.317617 -61.478046 1.111415
v 30.302006 -61.446392 0.645592
v 30.296776 -61.435783 0.172304
v 30.302006 -61.446392 -0.300983
v 30.317617 -61.478046 -0.766807
v 30.343365 -61.530254 -1.217820
v 30.378838 -61.602188 -1.646910
v 30.423479 -61.692715 -2.047310
v 30.476587 -61.800404 -2.412705
v 30.537321 -61.923561 -2.737334
v 30.604723 -62.060238 -3.016075
v 30.677732 -62.208286 -3.244534
v 30.755196 -62.365368 -3.419107
v 30.835894 -62.529007 -3.537042
v 30.918550 -62.696621 -3.596478
v 31.001865 -62.865566 -3.596478
v 31.084524 -63.033176 -3.537042
v 31.165220 -63.196815 -3.419107
v 31.242683 -63.353897 -3.244534
v 31.315693 -63.501945 -3.016075
v 31.383097 -63.638626 -2.737334
v 31.443830 -63.761780 -2.412705
v 31.496937 -63.869469 -2.047310
v 31.541578 -63.959995 -1.646910
v 31.577053 -64.031929 -1.217820
v 31.602798 -64.084137 -0.766807
v 31.618410 -64.115791 -0.300983
v 35.750000 -61.920815 0.172304
v 35.744087 -61.910572 0.645592
v 35.726437 -61.880005 1.111415
v 35.697330 -61.829594 1.562428
v 35.657230 -61.760136 1.991518
v 35.606762 -61.672722 2.391918
v 35.546726 -61.568737 2.757314
v 35.478069 -61.449818 3.081942
v 35.401871 -61.317837 3.360683
v 35.319336 -61.174881 3.589142
v 35.231762 -61.023205 3.763716
v 35.140537 -60.865192 3.881650
v 35.047092 -60.703346 3.941086
v 34.952908 -60.540211 3.941086
v 34.859463 -60.378365 3.881650
v 34.768238 -60.220352 3.763716
v 34.680664 -60.068676 3.589142
v 34.598129 -59.925720 3.360683
v 34.521931 -59.793739 3.081942
v 34.453274 -59.674820 2.757314
v 34.393238 -59.570835 2.391918
v 34.342770 -59.483421 1.991518
v 34.302670 -59.413963 1.562428
v 34.273563 -59.363552 1.111415
v 34.255913 -59.332985 0.645592
v 34.250000 -59.322739 0.172304
v 34.255913 -59.332985 -0.300983
v 34.273563 -59.363552 -0.766807
v 34.302670 -59.413963 -1.217820
v 34.342770 -59.483421 -1.646910
v 34.393238 -59.570835 -2.047310
v 34.453274 -59.674820 -2.412705
v 34.521931 -59.793739 -2.737334
v 34.598129 -59.925720 -3.016075
v 34.680664 -60.068676 -3.244534
v 34.768238 -60.220352 -3.419107
v 34.859463 -60.378365 -3.537042
v 34.952908 -60.540211 -3.596478
v 35.047092 -60.703346 -3.596478
v 35.140537 -60.865192 -3.537042
v 35.231762 -61.023205 -3.419107
v 35.319336 -61.174881 -3.244534
v 35.401871 -61.317837 -3.016075
v 35.478069 -61.449818 -2.737334
v 35.546726 -61.568737 -2.412705
v 35.606762 -61.672722 -2.047310
v 35.657230 -61.760136 -1.646910
v 35.697330 -61.829594 -1.217820
v 35.726437 -61.880005 -0.766807
v 35.744087 -61.910572 -0.300983
v 39.723270 -59.450077 0.172304
v 39.716702 -59.440243 0.645592
v 39.697090 -59.410892 1.111415
v 39.664749 -59.362495 1.562428
v 39.620190 -59.295807 1.991518
v 39.564114 -59.211884 2.391918
v 39.497406 -59.112045 2.757314
v 39.421116 -58.997871 3.081942
v 39.336449 -58.871159 3.360683
v 39.244743 -58.733906 3.589142
v 39.147438 -58.588280 3.763716
v 39.046070 -58.436577 3.881650
v 38.942242 -58.281185 3.941086
v 38.837589 -58.124561 3.941086
v 38.733761 -57.969170 3.881650
v 38.632397 -57.817467 3.763716
v 38.535091 -57.671841 3.589142
v 38.443382 -57.534588 3.360683
v 38.358715 -57.407875 3.081942
v 38.282425 -57.293701 2.757314
v 38.215717 -57.193863 2.391918
v 38.159641 -57.109940 1.991518
v 38.115082 -57.043251 1.562428
v 38.082741 -56.994850 1.111415
v 38.063133 -56.965504 0.645592
v 38.056561 -56.955669 0.172304
v 38.063133 -56.965504 -0.300983
v 38.082741 -56.994850 -0.766807
v 38.115082 -57.043251 -1.217820
v 38.159641 -57.109940 -1.646910
v 38.215717 -57.193863 -2.047310
v 38.282425 -57.293701 -2.412705
v 38.358715 -57.407875 -2.737334
v 38.443382 -57.534588 -3.016075
v 38.535091 -57.671841 -3.244534
v 38.632397 -57.817467 -3.419107
v 38.733761 -57.969170 -3.537042
v 38.837589 -58.124561 -3.596478
v 38.942242 -58.281185 -3.596478
v 39.046070 -58.436577 -3.537042
v 39.147438 -58.588280 -3.419107
v 39.244743 -58.733906 -3.244534
v 39.336449 -58.871159 -3.016075
v 39.421116 -58.997871 -2.737334
v 39.497406 -59.112045 -2.412705
v 39.564114 -59.211884 -2.047310
v 39.620190 -59.295807 -1.646910
v 39.664749 -59.362495 -1.217820
v 39.697090 -59.410892 -0.766807
v 39.716702 -59.440243 -0.300983
v 43.526443 -56.724762 0.172304
v 43.519241 -56.715382 0.645592
v 43.497753 -56.687378 1.111415
v 43.462318 -56.641197 1.562428
v 43.413494 -56.577564 1.991518
v 43.352047 -56.497490 2.391918
v 43.278954 -56.402229 2.757314
v 43.195358 -56.293289 3.081942
v 43.102585 -56.172382 3.360683
v 43.002098 -56.041424 3.589142
v 42.895477 -55.902473 3.763716
v 42.784405 -55.757725 3.881650
v 42.670635 -55.609455 3.941086
v 42.555962 -55.460011 3.941086
v 42.442196 -55.311745 3.881650
v 42.331123 -55.166996 3.763716
v 42.224503 -55.028042 3.589142
v 42.124016 -54.897083 3.360683
v 42.031242 -54.776180 3.081942
v 41.947647 -54.667240 2.757314
v 41.874554 -54.571980 2.391918
v 41.813107 -54.491901 1.991518
v 41.764282 -54.428272 1.562428
v 41.728848 -54.382092 1.111415
v 41.707359 -54.354088 0.645592
v 41.700157 -54.344704 0.172304
v 41.707359 -54.354088 -0.300983
v 41.728848 -54.382092 -0.766807
v 41.764282 -54.428272 -1.217820
v 41.813107 -54.491901 -1.646910
v 41.874554 -54.571980 -2.047310
v 41.947647 -54.667240 -2.412705
v 42.031242 -54.776180 -2.737334
v 42.124016 -54.897083 -3.016075
v 42.224503 -55.028042 -3.244534
v 42.331123 -55.166996 -3.419107
v 42.442196 -55.311745 -3.537042
v 42.555962 -55.460011 -3.596478
v 42.670635 -55.609455 -3.596478
v 42.784405 -55.757725 -3.537042
v 42.895477 -55.902473 -3.419107
v 43.002098 -56.041424 -3.244534
v 43.102585 -56.172382 -3.016075
v 43.195358 -56.293289 -2.737334
v 43.278954 -56.402229 -2.412705
v 43.352047 -56.497490 -2.047310
v 43.413494 -56.577564 -1.646910
v 43.462318 -56.641197 -1.217820
v 43.497753 -56.687378 -0.766807
v 43.519241 -56.715382 -0.300983
v 47.143227 -53.756546 0.172304
v 47.135426 -53.747654 0.645592
v 47.112152 -53.721115 1.111415
v 47.073772 -53.677349 1.562428
v 47.020889 -53.617050 1.991518
v 46.954342 -53.541164 2.391918
v 46.875172 -53.450890 2.757314
v 46.784630 -53.347649 3.081942
v 46.684151 -53.233070 3.360683
v 46.575310 -53.108963 3.589142
v 46.459831 -52.977283 3.763716
v 46.339531 -52.840107 3.881650
v 46.216309 -52.699600 3.941086
v 46.092106 -52.557976 3.941086
v 45.968884 -52.417465 3.881650
v 45.848583 -52.280289 3.763716
v 45.733105 -52.148609 3.589142
v 45.624264 -52.024502 3.360683
v 45.523785 -51.909924 3.081942
v 45.433243 -51.806686 2.757314
v 45.354073 -51.716412 2.391918
v 45.287525 -51.640522 1.991518
v 45.234642 -51.580223 1.562428
v 45.196259 -51.536457 1.111415
v 45.172989 -51.509918 0.645592
v 45.165188 -51.501026 0.172304
v 45.172989 -51.509918 -0.300983
v 45.196259 -51.536457 -0.766807
v 45.234642 -51.580223 -1.217820
v 45.287525 -51.640522 -1.646910
v 45.354073 -51.716412 -2.047310
v 45.433243 -51.806686 -2.412705
v 45.523785 -51.909924 -2.737334
v 45.624264 -52.024502 -3.016075
v 45.733105 -52.148609 -3.244534
v 45.848583 -52.280289 -3.419107
v 45.968884 -52.417465 -3.537042
v 46.092106 -52.557976 -3.596478
v 46.216309 -52.699600 -3.596478
v 46.339531 -52.840107 -3.537042
v 46.459831 -52.977283 -3.419107
v 46.575310 -53.108963 -3.244534
v 46.684151 -53.233070 -3.016075
v 46.784630 -53.347649 -2.737334
v 46.875172 -53.450890 -2.412705
v 46.954342 -53.541164 -2.047310
v 47.020889 -53.617050 -1.646910
v 47.073772 -53.677349 -1.217820
v 47.112152 -53.721115 -0.766807
v 47.135426 -53.747654 -0.300983
v 50.558136 -50.558136 0.172304
v 50.549770 -50.549770 0.645592
v 50.524811 -50.524811 1.111415
v 50.483650 -50.483650 1.562428
v 50.426937 -50.426937 1.991518
v 50.355568 -50.355568 2.391918
v 50.270664 -50.270664 2.757314
v 50.173565 -50.173565 3.081942
v 50.065804 -50.065804 3.360683
v 49.949081 -49.949081 3.589142
v 49.825237 -49.825237 3.763716
v 49.696224 -49.696224 3.881650
v 49.564075 -49.564075 3.941086
v 49.430874 -49.430874 3.941086
v 49.298725 -49.298725 3.881650
v 49.169712 -49.169712 3.763716
v 49.045868 -49.045868 3.589142
v 48.929146 -48.929146 3.360683
v 48.821384 -48.821384 3.081942
v 48.724285 -48.724285 2.757314
v 48.639381 -48.639381 2.391918
v 48.568012 -48.568012 1.991518
v 48.511299 -48.511299 1.562428
v 48.470139 -48.470139 1.111415
v 48.445179 -48.445179 0.645592
v 48.436813 -48.436813 0.172304
v 48.445179 -48.445179 -0.300983
v 48.470139 -48.470139 -0.766807
v 48.511299 -48.511299 -1.217820
v 48.568012 -48.568012 -1.646910
v 48.639381 -48.639381 -2.047310
v 48.724285 -48.724285 -2.412705
v 48.821384 -48.821384 -2.737334
v 48.929146 -48.929146 -3.016075
v 49.045868 -49.045868 -3.244534
v 49.169712 -49.169712 -3.419107
v 49.298725 -49.298725 -3.537042
v 49.430874 -49.430874 -3.596478
v 49.564075 -49.564075 -3.596478
v 49.696224 -49.696224 -3.537042
v 49.825237 -49.825237 -3.419107
v 49.949081 -49.949081 -3.244534
v 50.065804 -50.065804 -3.016075
v 50.173565 -50.173565 -2.737334
v 50.270664 -50.270664 -2.412705
v 50.355568 -50.355568 -2.047310
v 50.426937 -50.426937 -1.646910
v 50.483650 -50.483650 -1.217820
v 50.524811 -50.524811 -0.766807
v 50.549770 -50.549770 -0.300983
v 53.756546 -47.143227 0.172304
v 53.747654 -47.135426 0.645592
v 53.721115 -47.112152 1.111415
v 53.677349 -47.073772 1.562428
v 53.617050 -47.020889 1.991518
v 53.541164 -46.954342 2.391918
v 53.450890 -46.875172 2.757314
v 53.347649 -46.784630 3.081942
v 53.233070 -46.684151 3.360683
v 53.108963 -46.575310 3.589142
v 52.977283 -46.459831 3.763716
v 52.840107 -46.339531 3.881650
v 52.699600 -46.216309 3.941086
v 52.557976 -46.092106 3.941086
v 52.417465 -45.968884 3.881650
v 52.280289 -45.848583 3.763716
v 52.148609 -45.733105 3.589142
v 52.024502 -45.624264 3.360683
v 51.909924 -45.523785 3.081942
v 51.806686 -45.433243 2.757314
v 51.716412 -45.354073 2.391918
v 51.640522 -45.287525 1.991518
v 51.580223 -45.234642 1.562428
v 51.536457 -45.196259 1.111415
v 51.509918 -45.172989 0.645592
v 51.501026 -45.165188 0.172304
v 51.509918 -45.172989 -0.300983
v 51.536457 -45.196259 -0.766807
v 51.580223 -45.234642 -1.217820
v 51.640522 -45.287525 -1.646910
v 51.716412 -45.354073 -2.047310
v 51.806686 -45.433243 -2.412705
v 51.909924 -45.523785 -2.737334
v 52.024502 -45.624264 -3.016075
v 52.148609 -45.733105 -3.244534
v 52.280289 -45.848583 -3.419107
v 52.417465 -45.968884 -3.537042
v 52.557976 -46.092106 -3.596478
v 52.699600 -46.216309 -3.596478
v 52.840107 -46.339531 -3.537042
v 52.977283 -46.459831 -3.419107
v 53.108963 -46.575310 -3.244534
v 53.233070 -46.684151 -3.016075
v 53.347649 -46.784630 -2.737334
v 53.450890 -46.875172 -2.412705
v 53.541164 -46.954342 -2.047310
v 53.617050 -47.020889 -1.646910
v 53.677349 -47.073772 -1.217820
v 53.721115 -47.112152 -0.766807
v 53.747654 -47.135426 -0.300983
v 56.724762 -43.526443 0.172304
v 56.715382 -43.519241 0.645592
v 56.687378 -43.497753 1.111415
v 56.641197 -43.462318 1.562428
v 56.577564 -43.413494 1.991518
v 56.497490 -43.352047 2.391918
v 56.402229 -43.278954 2.757314
v 56.293289 -43.195358 3.081942
v 56.172382 -43.102585 3.360683
v 56.041424 -43.002098 3.589142
v 55.902473 -42.895477 3.763716
v 55.757725 -42.784405 3.881650
v 55.609455 -42.670635 3.941086
v 55.460011 -42.555962 3.941086
v 55.311745 -42.442196 3.881650
v 55.166996 -42.331123 3.763716
v 55.028042 -42.224503 3.589142
v 54.897083 -42.124016 3.360683
v 54.776180 -42.031242 3.081942
v 54.667240 -41.947647 2.757314
v 54.571980 -41.874554 2.391918
v 54.491901 -41.813107 1.991518
v 54.428272 -41.764282 1.562428
v 54.382092 -41.728848 1.111415
v 54.354088 -41.707359 0.645592
v 54.344704 -41.700157 0.172304
v 54.354088 -41.707359 -0.300983
v 54.382092 -41.728848 -0.766807
v 54.428272 -41.764282 -1.217820
v 54.491901 -41.813107 -1.646910
v 54.571980 -41.874554 -2.047310
v 54.667240 -41.947647 -2.412705
v 54.776180 -42.031242 -2.737334
v 54.897083 -42.124016 -3.016075
v 55.028042 -42.224503 -3.244534
v 55.166996 -42.331123 -3.419107
v 55.311745 -42.442196 -3.537042
v 55.460011 -42.555962 -3.596478
v 55.609455 -42.670635 -3.596478
v 55.757725 -42.784405 -3.537042
v 55.902473 -42.895477 -3.419107
v 56.041424 -43.002098 -3.244534
v 56.172382 -43.102585 -3.016075
v 56.293289 -43.195358 -2.737334
v 56.402229 -43.278954 -2.412705
v 56.497490 -43.352047 -2.047310
v 56.577564 -43.413494 -1.646910
v 56.641197 -43.462318 -1.217820
v 56.687378 -43.497753 -0.766807
v 56.715382 -43.519241 -0.300983
v 59.450077 -39.723270 0.172304
v 59.440243 -39.716702 0.645592
v 59.410892 -39.697090 1.111415
v 59.362495 -39.664749 1.562428
v 59.295807 -39.620190 1.991518
v 59.211884 -39.564114 2.391918
v 59.112045 -39.497406 2.757314
v 58.997871 -39.421116 3.081942
v 58.871159 -39.336449 3.360683
v 58.733906 -39.244743 3.589142
v 58.588280 -39.147438 3.763716
v 58.436577 -39.046070 3.881650
v 58.281185 -38.942242 3.941086
v 58.124561 -38.837589 3.941086
v 57.969170 -38.733761 3.881650
v 57.817467 -38.632397 3.763716
v 57.671841 -38.535091 3.589142
v 57.534588 -38.443382 3.360683
v 57.407875 -38.358715 3.081942
v 57.293701 -38.282425 2.757314
v 57.193863 -38.215717 2.391918
v 57.109940 -38.159641 1.991518
v 57.043251 -38.115082 1.562428
v 56.994850 -38.082741 1.111415
v 56.965504 -38.063133 0.645592
v 56.955669 -38.056561 0.172304
v 56.965504 -38.063133 -0.300983
v 56.994850 -38.082741 -0.766807
v 57.043251 -38.115082 -1.217820
v 57.109940 -38.159641 -1.646910
v 57.193863 -38.215717 -2.047310
v 57.293701 -38.282425 -2.412705
v 57.407875 -38.358715 -2.737334
v 57.534588 -38.443382 -3.016075
v 57.671841 -38.535091 -3.244534
v 57.817467 -38.632397 -3.419107
v 57.969170 -38.733761 -3.537042
v 58.124561 -38.837589 -3.596478
v 58.281185 -38.942242 -3.596478
v 58.436577 -39.046070 -3.537042
v 58.588280 -39.147438 -3.419107
v 58.733906 -39.244743 -3.244534
v 58.871159 -39.336449 -3.016075
v 58.997871 -39.421116 -2.737334
v 59.112045 -39.497406 -2.412705
v 59.211884 -39.564114 -2.047310
v 59.295807 -39.620190 -1.646910
v 59.362495 -39.664749 -1.217820
v 59.410892 -39.697090 -0.766807
v 59.440243 -39.716702 -0.300983
v 61.920815 -35.750000 0.172304
v 61.910572 -35.744087 0.645592
v 61.880005 -35.726437 1.111415
v 61.829594 -35.697330 1.562428
v 61.760136 -35.657230 1.991518
v 61.672722 -35.606762 2.391918
v 61.568737 -35.546726 2.757314
v 61.449818 -35.478069 3.081942
v 61.317837 -35.401871 3.360683
v 61.174881 -35.319336 3.589142
v 61.023205 -35.231762 3.763716
v 60.865192 -35.140537 3.881650
v 60.703346 -35.047092 3.941086
v 60.540211 -34.952908 3.941086
v 60.378365 -34.859463 3.881650
v 60.220352 -34.768238 3.763716
v 60.068676 -34.680664 3.589142
v 59.925720 -34.598129 3.360683
v 59.793739 -34.521931 3.081942
v 59.674820 -34.453274 2.757314
v 59.570835 -34.393238 2.391918
v 59.483421 -34.342770 1.991518
v 59.413963 -34.302670 1.562428
v 59.363552 -34.273563 1.111415
v 59.332985 -34.255913 0.645592
v 59.322739 -34.250000 0.172304
v 59.332985 -34.255913 -0.300983
v 59.363552 -34.273563 -0.766807
v 59.413963 -34.302670 -1.217820
v 59.483421 -34.342770 -1.646910
v 59.570835 -34.393238 -2.047310
v 59.674820 -34.453274 -2.412705
v 59.793739 -34.521931 -2.737334
v 59.925720 -34.598129 -3.016075
v 60.068676 -34.680664 -3.244534
v 60.220352 -34.768238 -3.419107
v 60.378365 -34.859463 -3.537042
v 60.540211 -34.952908 -3.596478
v 60.703346 -35.047092 -3.596478
v 60.865192 -35.140537 -3.537042
v 61.023205 -35.231762 -3.419107
v 61.174881 -35.319336 -3.244534
v 61.317837 -35.401871 -3.016075
v 61.449818 -35.478069 -2.737334
v 61.568737 -35.546726 -2.412705
v 61.672722 -35.606762 -2.047310
v 61.760136 -35.657230 -1.646910
v 61.829594 -35.697330 -1.217820
v 61.880005 -35.726437 -0.766807
v 61.910572 -35.744087 -0.300983
v 64.126404 -31.623642 0.172304
v 64.115791 -31.618410 0.645592
v 64.084137 -31.602798 1.111415
v 64.031929 -31.577053 1.562428
v 63.959995 -31.541578 1.991518
v 63.869469 -31.496937 2.391918
v 63.761780 -31.443830 2.757314
v 63.638626 -31.383097 3.081942
v 63.501945 -31.315693 3.360683
v 63.353897 -31.242683 3.589142
v 63.196815 -31.165220 3.763716
v 63.033176 -31.084524 3.881650
v 62.865566 -31.001865 3.941086
v 62.696621 -30.918550 3.941086
v 62.529007 -30.835894 3.881650
v 62.365368 -30.755196 3.763716
v 62.208286 -30.677732 3.589142
v 62.060238 -30.604723 3.360683
v 61.923561 -30.537321 3.081942
v 61.800404 -30.476587 2.757314
v 61.692715 -30.423479 2.391918
v 61.602188 -30.378838 1.991518
v 61.530254 -30.343365 1.562428
v 61.478046 -30.317617 1.111415
v 61.446392 -30.302006 0.645592
v 61.435783 -30.296776 0.172304
v 61.446392 -30.302006 -0.300983
v 61.478046 -30.317617 -0.766807
v 61.530254 -30.343365 -1.217820
v 61.602188 -30.378838 -1.646910
v 61.692715 -30.423479 -2.047310
v 61.800404 -30.476587 -2.412705
v 61.923561 -30.537321 -2.737334
v 62.060238 -30.604723 -3.016075
v 62.208286 -30.677732 -3.244534
v 62.365368 -30.755196 -3.419107
v 62.529007 -30.835894 -3.537042
v 62.696621 -30.918550 -3.596478
v 62.865566 -31.001865 -3.596478
v 63.033176 -31.084524 -3.537042
v 63.196815 -31.165220 -3.419107
v 63.353897 -31.242683 -3.244534
v 63.501945 -31.315693 -3.016075
v 63.638626 -31.383097 -2.737334
v 63.761780 -31.443830 -2.412705
v 63.869469 -31.496937 -2.047310
v 63.959995 -31.541578 -1.646910
v 64.031929 -31.577053 -1.217820
v 64.084137 -31.602798 -0.766807
v 64.115791 -31.618410 -0.300983
v 66.057388 -27.361866 0.172304
v 66.046455 -27.357340 0.645592
v 66.013847 -27.343832 1.111415
v 65.960068 -27.321556 1.562428
v 65.885971 -27.290863 1.991518
v 65.792717 -27.252235 2.391918
v 65.681786 -27.206287 2.757314
v 65.554924 -27.153738 3.081942
v 65.414124 -27.095419 3.360683
v 65.261620 -27.032248 3.589142
v 65.099808 -26.965223 3.763716
v 64.931244 -26.895401 3.881650
v 64.758583 -26.823883 3.941086
v 64.584549 -26.751797 3.941086
v 64.411888 -26.680279 3.881650
v 64.243324 -26.610456 3.763716
v 64.081512 -26.543432 3.589142
v 63.929008 -26.480263 3.360683
v 63.788212 -26.421944 3.081942
v 63.661350 -26.369394 2.757314
v 63.550415 -26.323444 2.391918
v 63.457165 -26.284819 1.991518
v 63.383064 -26.254126 1.562428
v 63.329285 -26.231850 1.111415
v 63.296677 -26.218342 0.645592
v 63.285748 -26.213816 0.172304
v 63.296677 -26.218342 -0.300983
v 63.329285 -26.231850 -0.766807
v 63.383064 -26.254126 -1.217820
v 63.457165 -26.284819 -1.646910
v 63.550415 -26.323444 -2.047310
v 63.661350 -26.369394 -2.412705
v 63.788212 -26.421944 -2.737334
v 63.929008 -26.480263 -3.016075
v 64.081512 -26.543432 -3.244534
v 64.243324 -26.610456 -3.419107
v 64.411888 -26.680279 -3.537042
v 64.584549 -26.751797 -3.596478
v 64.758583 -26.823883 -3.596478
v 64.931244 -26.895401 -3.537042
v 65.099808 -26.965223 -3.419107
v 65.261620 -27.032248 -3.244534
v 65.414124 -27.095419 -3.016075
v 65.554924 -27.153738 -2.737334
v 65.681786 -27.206287 -2.412705
v 65.792717 -27.252235 -2.047310
v 65.885971 -27.290863 -1.646910
v 65.960068 -27.321556 -1.217820
v 66.013847 -27.343832 -0.766807
v 66.046455 -27.357340 -0.300983
v 67.705505 -22.982922 0.172304
v 67.694305 -22.979120 0.645592
v 67.660881 -22.967773 1.111415
v 67.605759 -22.949062 1.562428
v 67.529808 -22.923283 1.991518
v 67.434235 -22.890837 2.391918
v 67.320534 -22.852242 2.757314
v 67.190506 -22.808102 3.081942
v 67.046196 -22.759117 3.360683
v 66.889885 -22.706057 3.589142
v 66.724037 -22.649757 3.763716
v 66.551262 -22.591110 3.881650
v 66.374298 -22.531038 3.941086
v 66.195923 -22.470488 3.941086
v 66.018951 -22.410416 3.881650
v 65.846184 -22.351767 3.763716
v 65.680336 -22.295469 3.589142
v 65.524025 -22.242409 3.360683
v 65.379715 -22.193422 3.081942
v 65.249687 -22.149284 2.757314
v 65.135986 -22.110687 2.391918
v 65.040405 -22.078243 1.991518
v 64.964462 -22.052462 1.562428
v 64.909340 -22.033751 1.111415
v 64.875916 -22.022406 0.645592
v 64.864716 -22.018604 0.172304
v 64.875916 -22.022406 -0.300983
v 64.909340 -22.033751 -0.766807
v 64.964462 -22.052462 -1.217820
v 65.040405 -22.078243 -1.646910
v 65.135986 -22.110687 -2.047310
v 65.249687 -22.149284 -2.412705
v 65.379715 -22.193422 -2.737334
v 65.524025 -22.242409 -3.016075
v 65.680336 -22.295469 -3.244534
v 65.846184 -22.351767 -3.419107
v 66.018951 -22.410416 -3.537042
v 66.195923 -22.470488 -3.596478
v 66.374298 -22.531038 -3.596478
v 66.551262 -22.591110 -3.537042
v 66.724037 -22.649757 -3.419107
v 66.889885 -22.706057 -3.244534
v 67.046196 -22.759117 -3.016075
v 67.190506 -22.808102 -2.737334
v 67.320534 -22.852242 -2.412705
v 67.434235 -22.890837 -2.047310
v 67.529808 -22.923283 -1.646910
v 67.605759 -22.949062 -1.217820
v 67.660881 -22.967773 -0.766807
v 67.694305 -22.979120 -0.300983
v 69.063698 -18.505562 0.172304
v 69.052269 -18.502501 0.645592
v 69.018181 -18.493364 1.111415
v 68.961952 -18.478298 1.562428
v 68.884476 -18.457541 1.991518
v 68.786980 -18.431417 2.391918
v 68.671005 -18.400339 2.757314
v 68.538361 -18.364799 3.081942
v 68.391159 -18.325356 3.360683
v 68.231712 -18.282633 3.589142
v 68.062538 -18.237303 3.763716
v 67.886299 -18.190081 3.881650
v 67.705788 -18.141710 3.941086
v 67.523834 -18.092957 3.941086
v 67.343315 -18.044586 3.881650
v 67.167076 -17.997364 3.763716
v 66.997902 -17.952034 3.589142
v 66.838455 -17.909309 3.360683
v 66.691254 -17.869867 3.081942
v 66.558617 -17.834326 2.757314
v 66.442635 -17.803249 2.391918
v 66.345139 -17.777126 1.991518
v 66.267662 -17.756367 1.562428
v 66.211441 -17.741301 1.111415
v 66.177345 -17.732166 0.645592
v 66.165916 -17.729105 0.172304
v 66.177345 -17.732166 -0.300983
v 66.211441 -17.741301 -0.766807
v 66.267662 -17.756367 -1.217820
v 66.345139 -17.777126 -1.646910
v 66.442635 -17.803249 -2.047310
v 66.558617 -17.834326 -2.412705
v 66.691254 -17.869867 -2.737334
v 66.838455 -17.909309 -3.016075
v 66.997902 -17.952034 -3.244534
v 67.167076 -17.997364 -3.419107
v 67.343315 -18.044586 -3.537042
v 67.523834 -18.092957 -3.596478
v 67.705788 -18.141710 -3.596478
v 67.886299 -18.190081 -3.537042
v 68.062538 -18.237303 -3.419107
v 68.231712 -18.282633 -3.244534
v 68.391159 -18.325356 -3.016075
v 68.538361 -18.364799 -2.737334
v 68.671005 -18.400339 -2.412705
v 68.786980 -18.431417 -2.047310
v 68.884476 -18.457541 -1.646910
v 68.961952 -18.478298 -1.217820
v 69.018181 -18.493364 -0.766807
v 69.052269 -18.502501 -0.300983
v 70.126144 -13.948958 0.172304
v 70.114548 -13.946651 0.645592
v 70.079926 -13.939764 1.111415
v 70.022835 -13.928408 1.562428
v 69.944176 -13.912761 1.991518
v 69.845177 -13.893069 2.391918
v 69.727409 -13.869644 2.757314
v 69.592735 -13.842855 3.081942
v 69.443268 -13.813125 3.360683
v 69.281364 -13.780921 3.589142
v 69.109589 -13.746752 3.763716
v 68.930641 -13.711157 3.881650
v 68.747345 -13.674697 3.941086
v 68.562592 -13.637948 3.941086
v 68.379295 -13.601488 3.881650
v 68.200348 -13.565893 3.763716
v 68.028572 -13.531724 3.589142
v 67.866676 -13.499520 3.360683
v 67.717209 -13.469790 3.081942
v 67.582527 -13.443001 2.757314
v 67.464760 -13.419576 2.391918
v 67.365768 -13.399884 1.991518
v 67.287102 -13.384237 1.562428
v 67.230011 -13.372881 1.111415
v 67.195389 -13.365994 0.645592
v 67.183792 -13.363688 0.172304
v 67.195389 -13.365994 -0.300983
v 67.230011 -13.372881 -0.766807
v 67.287102 -13.384237 -1.217820
v 67.365768 -13.399884 -1.646910
v 67.464760 -13.419576 -2.047310
v 67.582527 -13.443001 -2.412705
v 67.717209 -13.469790 -2.737334
v 67.866676 -13.499520 -3.016075
v 68.028572 -13.531724 -3.244534
v 68.200348 -13.565893 -3.419107
v 68.379295 -13.601488 -3.537042
v 68.562592 -13.637948 -3.596478
v 68.747345 -13.674697 -3.596478
v 68.930641 -13.711157 -3.537042
v 69.109589 -13.746752 -3.419107
v 69.281364 -13.780921 -3.244534
v 69.443268 -13.813125 -3.016075
v 69.592735 -13.842855 -2.737334
v 69.727409 -13.869644 -2.412705
v 69.845177 -13.893069 -2.047310
v 69.944176 -13.912761 -1.646910
v 70.022835 -13.928408 -1.217820
v 70.079926 -13.939764 -0.766807
v 70.114548 -13.946651 -0.300983
v 70.888306 -9.332623 0.172304
v 70.876579 -9.331079 0.645592
v 70.841583 -9.326471 1.111415
v 70.783875 -9.318873 1.562428
v 70.704353 -9.308405 1.991518
v 70.604286 -9.295230 2.391918
v 70.485237 -9.279557 2.757314
v 70.349098 -9.261634 3.081942
v 70.198006 -9.241742 3.360683
v 70.034348 -9.220197 3.589142
v 69.860703 -9.197335 3.763716
v 69.679810 -9.173521 3.881650
v 69.494522 -9.149127 3.941086
v 69.307762 -9.124539 3.941086
v 69.122475 -9.100146 3.881650
v 68.941582 -9.076331 3.763716
v 68.767937 -9.053471 3.589142
v 68.604279 -9.031924 3.360683
v 68.453186 -9.012033 3.081942
v 68.317039 -8.994109 2.757314
v 68.197998 -8.978436 2.391918
v 68.097923 -8.965262 1.991518
v 68.018410 -8.954793 1.562428
v 67.960693 -8.947195 1.111415
v 67.925697 -8.942588 0.645592
v 67.913971 -8.941044 0.172304
v 67.925697 -8.942588 -0.300983
v 67.960693 -8.947195 -0.766807
v 68.018410 -8.954793 -1.217820
v 68.097923 -8.965262 -1.646910
v 68.197998 -8.978436 -2.047310
v 68.317039 -8.994109 -2.412705
v 68.453186 -9.012033 -2.737334
v 68.604279 -9.031924 -3.016075
v 68.767937 -9.053471 -3.244534
v 68.941582 -9.076331 -3.419107
v 69.122475 -9.100146 -3.537042
v 69.307762 -9.124539 -3.596478
v 69.494522 -9.149127 -3.596478
v 69.679810 -9.173521 -3.537042
v 69.860703 -9.197335 -3.419107
v 70.034348 -9.220197 -3.244534
v 70.198006 -9.241742 -3.016075
v 70.349098 -9.261634 -2.737334
v 70.485237 -9.279557 -2.412705
v 70.604286 -9.295230 -2.047310
v 70.704353 -9.308405 -1.646910
v 70.783875 -9.318873 -1.217820
v 70.841583 -9.326471 -0.766807
v 70.876579 -9.331079 -0.300983
v 71.346916 -4.676324 0.172304
v 71.335114 -4.675550 0.645592
v 71.299889 -4.673242 1.111415
v 71.241806 -4.669435 1.562428
v 71.161774 -4.664189 1.991518
v 71.061050 -4.657588 2.391918
v 70.941238 -4.649734 2.757314
v 70.804214 -4.640753 3.081942
v 70.652145 -4.630786 3.360683
v 70.487427 -4.619990 3.589142
v 70.312660 -4.608535 3.763716
v 70.130592 -4.596602 3.881650
v 69.944107 -4.584379 3.941086
v 69.756142 -4.572059 3.941086
v 69.569656 -4.559836 3.881650
v 69.387589 -4.547903 3.763716
v 69.212822 -4.536448 3.589142
v 69.048103 -4.525652 3.360683
v 68.896034 -4.515685 3.081942
v 68.759010 -4.506704 2.757314
v 68.639198 -4.498851 2.391918
v 68.538483 -4.492249 1.991518
v 68.458443 -4.487004 1.562428
v 68.400360 -4.483196 1.111415
v 68.365135 -4.480888 0.645592
v 68.353333 -4.480114 0.172304
v 68.365135 -4.480888 -0.300983
v 68.400360 -4.483196 -0.766807
v 68.458443 -4.487004 -1.217820
v 68.538483 -4.492249 -1.646910
v 68.639198 -4.498851 -2.047310
v 68.759010 -4.506704 -2.412705
v 68.896034 -4.515685 -2.737334
v 69.048103 -4.525652 -3.016075
v 69.212822 -4.536448 -3.244534
v 69.387589 -4.547903 -3.419107
v 69.569656 -4.559836 -3.537042
v 69.756142 -4.572059 -3.596478
v 69.944107 -4.584379 -3.596478
v 70.130592 -4.596602 -3.537042
v 70.312660 -4.608535 -3.419107
v 70.487427 -4.619990 -3.244534
v 70.652145 -4.630786 -3.016075
v 70.804214 -4.640753 -2.737334
v 70.941238 -4.649734 -2.412705
v 71.061050 -4.657588 -2.047310
v 71.161774 -4.664189 -1.646910
v 71.241806 -4.669435 -1.217820
v 71.299889 -4.673242 -0.766807
v 71.335114 -4.675550 -0.300983
v 0.000000 -8.280000 5.000000
v 0.811582 -8.240129 5.000000
v 1.615348 -8.120902 5.000000
v 2.403557 -7.923466 5.000000
v 3.168619 -7.649723 5.000000
v 3.903165 -7.302308 5.000000
v 4.600121 -6.884568 5.000000
v 5.252777 -6.400527 5.000000
v 5.854844 -5.854844 5.000000
v 6.400527 -5.252777 5.000000
v 6.884568 -4.600121 5.000000
v 7.302308 -3.903165 5.000000
v 7.649723 -3.168619 5.000000
v 7.923466 -2.403557 5.000000
v 8.120902 -1.615348 5.000000
v 8.240129 -0.811582 5.000000
v 8.280000 -0.000000 5.000000
v 8.240129 0.811582 5.000000
v 8.120902 1.615348 5.000000
v 7.923466 2.403557 5.000000
v 7.649723 3.168619 5.000000
v 7.302308 3.903165 5.000000
v 6.884568 4.600121 5.000000
v 6.400527 5.252777 5.000000
v 5.854844 5.854844 5.000000
v 5.252777 6.400527 5.000000
v 4.600121 6.884568 5.000000
v 3.903165 7.302308 5.000000
v 3.168619 7.649723 5.000000
v 2.403557 7.923466 5.000000
v 1.615348 8.120902 5.000000
v 0.811582 8.240129 5.000000
v 0.000000 8.280000 5.000000
v -0.811582 8.240129 5.000000
v -1.615348 8.120902 5.000000
v -2.403557 7.923466 5.000000
v -3.168619 7.649723 5.000000
v -3.903165 7.302308 5.000000
v -4.600121 6.884568 5.000000
v -5.252777 6.400527 5.000000
v -5.854844 5.854844 5.000000
v -6.400527 5.252777 5.000000
v -6.884568 4.600121 5.000000
v -7.302308 3.903165 5.000000
v -7.649723 3.168619 5.000000
v -7.923466 2.403557 5.000000
v -8.120902 1.615348 5.000000
v -8.240129 0.811582 5.000000
v -8.280000 0.000000 5.000000
v -8.240129 -0.811582 5.000000
v -8.120902 -1.615348 5.000000
v -7.923466 -2.403557 5.000000
v -7.649723 -3.168619 5.000000
v -7.302308 -3.903165 5.000000
v -6.884568 -4.600121 5.000000
v -6.400527 -5.252777 5.000000
v -5.854844 -5.854844 5.000000
v -5.252777 -6.400527 5.000000
v -4.600121 -6.884568 5.000000
v -3.903165 -7.302308 5.000000
v -3.168619 -7.649723 5.000000
v -2.403557 -7.923466 5.000000
v -1.615348 -8.120902 5.000000
v -0.811582 -8.240129 5.000000
v -0.000000 -8.280000 5.000000
v 0.000000 -8.280000 -5.000000
v 0.811582 -8.240129 -5.000000
v 1.615348 -8.120902 -5.000000
v 2.403557 -7.923466 -5.000000
v 3.168619 -7.649723 -5.000000
v 3.903165 -7.302308 -5.000000
v 4.600121 -6.884568 -5.000000
v 5.252777 -6.400527 -5.000000
v 5.854844 -5.854844 -5.000000
v 6.400527 -5.252777 -5.000000
v 6.884568 -4.600121 -5.000000
v 7.302308 -3.903165 -5.000000
v 7.649723 -3.168619 -5.000000
v 7.923466 -2.403557 -5.000000
v 8.120902 -1.615348 -5.000000
v 8.240129 -0.811582 -5.000000
v 8.280000 -0.000000 -5.000000
v 8.240129 0.811582 -5.000000
v 8.120902 1.615348 -5.000000
v 7.923466 2.403557 -5.000000
v 7.649723 3.168619 -5.000000
v 7.302308 3.903165 -5.000000
v 6.884568 4.600121 -5.000000
v 6.400527 5.252777 -5.000000
v 5.854844 5.854844 -5.000000
v 5.252777 6.400527 -5.000000
v 4.600121 6.884568 -5.000000
v 3.903165 7.302308 -5.000000
v 3.168619 7.649723 -5.000000
v 2.403557 7.923466 -5.000000
v 1.615348 8.120902 -5.000000
v 0.811582 8.240129 -5.000000
v 0.000000 8.280000 -5.000000
v -0.811582 8.240129 -5.000000
v -1.615348 8.120902 -5.000000
v -2.403557 7.923466 -5.000000
v -3.168619 7.649723 -5.000000
v -3.903165 7.302308 -5.000000
v -4.600121 6.884568 -5.000000
v -5.252777 6.400527 -5.000000
v -5.854844 5.854844 -5.000000
v -6.400527 5.252777 -5.000000
v -6.884568 4.600121 -5.000000
v -7.302308 3.903165 -5.000000
v -7.649723 3.168619 -5.000000
v -7.923466 2.403557 -5.000000
v -8.120902 1.615348 -5.000000
v -8.240129 0.811582 -5.000000
v -8.280000 0.000000 -5.000000
v -8.240129 -0.811582 -5.000000
v -8.120902 -1.615348 -5.000000
v -7.923466 -2.403557 -5.000000
v -7.649723 -3.168619 -5.000000
v -7.302308 -3.903165 -5.000000
v -6.884568 -4.600121 -5.000000
v -6.400527 -5.252777 -5.000000
v -5.854844 -5.854844 -5.000000
v -5.252777 -6.400527 -5.000000
v -4.600121 -6.884568 -5.000000
v -3.903165 -7.302308 -5.000000
v -3.168619 -7.649723 -5.000000
v -2.403557 -7.923466 -5.000000
v -1.615348 -8.120902 -5.000000
v -0.811582 -8.240129 -5.000000
v -0.000000 -8.280000 -5.000000
v 0.000000 0.000000 5.000000
v 0.000000 0.000000 5.000000
v 0.000000 0.000000 5.000000
v 0.000000 0.000000 5.000000
v 0.000000 0.000000 5.000000
v 0.000000 0.000000 5.000000
v 0.000000 0.000000 5.000000
v 0.000000 0.000000 5.000000
v 0.000000 0.000000 5.000000
v 0.000000 0.000000 5.000000
v 0.000000 0.000000 5.000000
v 0.000000 0.000000 5.000000
v 0.000000 0.000000 5.000000
v 0.000000 0.000000 5.000000
v 0.000000 0.000000 5.000000
v 0.000000 0.000000 5.000000
v 0.000000 0.000000 5.000000
v 0.000000 0.000000 5.000000
v 0.000000 0.000000 5.000000
v 0.000000 0.000000 5.000000
v 0.000000 0.000000 5.000000
v 0.000000 0.000000 5.000000
v 0.000000 0.000000 5.000000
v 0.000000 0.000000 5.000000
v 0.000000 0.000000 5.000000
v 0.000000 0.000000 5.000000
v 0.000000 0.000000 5.000000
v 0.000000 0.000000 5.000000
v 0.000000 0.000000 5.000000
v 0.000000 0.000000 5.000000
v 0.000000 0.000000 5.000000
v 0.000000 0.000000 5.000000
v 0.000000 0.000000 5.000000
v 0.000000 0.000000 5.000000
v 0.000000 0.000000 5.000000
v 0.000000 0.000000 5.000000
v 0.000000 0.000000 5.000000
v 0.000000 0.000000 5.000000
v 0.000000 0.000000 5.000000
v 0.000000 0.000000 5.000000
v 0.000000 0.000000 5.000000
v 0.000000 0.000000 5.000000
v 0.000000 0.000000 5.000000
v 0.000000 0.000000 5.000000
v 0.000000 0.000000 5.000000
v 0.000000 0.000000 5.000000
v 0.000000 0.000000 5.000000
v 0.000000 0.000000 5.000000
v 0.000000 0.000000 5.000000
v 0.000000 0.000000 5.000000
v 0.000000 0.000000 5.000000
v 0.000000 0.000000 5.000000
v 0.000000 0.000000 5.000000
v 0.000000 0.000000 5.000000
v 0.000000 0.000000 5.000000
v 0.000000 0.000000 5.000000
v 0.000000 0.000000 5.000000
v 0.000000 0.000000 5.000000
v 0.000000 0.000000 5.000000
v 0.000000 0.000000 5.000000
v 0.000000 0.000000 5.000000
v 0.000000 0.000000 5.000000
v 0.000000 0.000000 5.000000
v 0.000000 0.000000 5.000000
v 0.000000 -8.280000 5.000000
v 0.811582 -8.240129 5.000000
v 1.615348 -8.120902 5.000000
v 2.403557 -7.923466 5.000000
v 3.168619 -7.649723 5.000000
v 3.903165 -7.302308 5.000000
v 4.600121 -6.884568 5.000000
v 5.252777 -6.400527 5.000000
v 5.854844 -5.854844 5.000000
v 6.400527 -5.252777 5.000000
v 6.884568 -4.600121 5.000000
v 7.302308 -3.903165 5.000000
v 7.649723 -3.168619 5.000000
v 7.923466 -2.403557 5.000000
v 8.120902 -1.615348 5.000000
v 8.240129 -0.811582 5.000000
v 8.280000 -0.000000 5.000000
v 8.240129 0.811582 5.000000
v 8.120902 1.615348 5.000000
v 7.923466 2.403557 5.000000
v 7.649723 3.168619 5.000000
v 7.302308 3.903165 5.000000
v 6.884568 4.600121 5.000000
v 6.400527 5.252777 5.000000
v 5.854844 5.854844 5.000000
v 5.252777 6.400527 5.000000
v 4.600121 6.884568 5.000000
v 3.903165 7.302308 5.000000
v 3.168619 7.649723 5.000000
v 2.403557 7.923466 5.000000
v 1.615348 8.120902 5.000000
v 0.811582 8.240129 5.000000
v 0.000000 8.280000 5.000000
v -0.811582 8.240129 5.000000
v -1.615348 8.120902 5.000000
v -2.403557 7.923466 5.000000
v -3.168619 7.649723 5.000000
v -3.903165 7.302308 5.000000
v -4.600121 6.884568 5.000000
v -5.252777 6.400527 5.000000
v -5.854844 5.854844 5.000000
v -6.400527 5.252777 5.000000
v -6.884568 4.600121 5.000000
v -7.302308 3.903165 5.000000
v -7.649723 3.168619 5.000000
v -7.923466 2.403557 5.000000
v -8.120902 1.615348 5.000000
v -8.240129 0.811582 5.000000
v -8.280000 0.000000 5.000000
v -8.240129 -0.811582 5.000000
v -8.120902 -1.615348 5.000000
v -7.923466 -2.403557 5.000000
v -7.649723 -3.168619 5.000000
v -7.302308 -3.903165 5.000000
v -6.884568 -4.600121 5.000000
v -6.400527 -5.252777 5.000000
v -5.854844 -5.854844 5.000000
v -5.252777 -6.400527 5.000000
v -4.600121 -6.884568 5.000000
v -3.903165 -7.302308 5.000000
v -3.168619 -7.649723 5.000000
v -2.403557 -7.923466 5.000000
v -1.615348 -8.120902 5.000000
v -0.811582 -8.240129 5.000000
v -0.000000 -8.280000 5.000000
v 0.000000 -0.000000 -5.000000
v 0.000000 -0.000000 -5.000000
v 0.000000 -0.000000 -5.000000
v 0.000000 -0.000000 -5.000000
v 0.000000 -0.000000 -5.000000
v 0.000000 -0.000000 -5.000000
v 0.000000 -0.000000 -5.000000
v 0.000000 -0.000000 -5.000000
v 0.000000 -0.000000 -5.000000
v 0.000000 -0.000000 -5.000000
v 0.000000 -0.000000 -5.000000
v 0.000000 -0.000000 -5.000000
v 0.000000 -0.000000 -5.000000
v 0.000000 -0.000000 -5.000000
v 0.000000 -0.000000 -5.000000
v 0.000000 -0.000000 -5.000000
v 0.000000 -0.000000 -5.000000
v 0.000000 -0.000000 -5.000000
v 0.000000 -0.000000 -5.000000
v 0.000000 -0.000000 -5.000000
v 0.000000 -0.000000 -5.000000
v 0.000000 -0.000000 -5.000000
v 0.000000 -0.000000 -5.000000
v 0.000000 -0.000000 -5.000000
v 0.000000 -0.000000 -5.000000
v 0.000000 -0.000000 -5.000000
v 0.000000 -0.000000 -5.000000
v 0.000000 -0.000000 -5.000000
v 0.000000 -0.000000 -5.000000
v 0.000000 -0.000000 -5.000000
v 0.000000 -0.000000 -5.000000
v 0.000000 -0.000000 -5.000000
v 0.000000 -0.000000 -5.000000
v 0.000000 -0.000000 -5.000000
v 0.000000 -0.000000 -5.000000
v 0.000000 -0.000000 -5.000000
v 0.000000 -0.000000 -5.000000
v 0.000000 -0.000000 -5.000000
v 0.000000 -0.000000 -5.000000
v 0.000000 -0.000000 -5.000000
v 0.000000 -0.000000 -5.000000
v 0.000000 -0.000000 -5.000000
v 0.000000 -0.000000 -5.000000
v 0.000000 -0.000000 -5.000000
v 0.000000 -0.000000 -5.000000
v 0.000000 -0.000000 -5.000000
v 0.000000 -0.000000 -5.000000
v 0.000000 -0.000000 -5.000000
v 0.000000 -0.000000 -5.000000
v 0.000000 -0.000000 -5.000000
v 0.000000 -0.000000 -5.000000
v 0.000000 -0.000000 -5.000000
v 0.000000 -0.000000 -5.000000
v 0.000000 -0.000000 -5.000000
v 0.000000 -0.000000 -5.000000
v 0.000000 -0.000000 -5.000000
v 0.000000 -0.000000 -5.000000
v 0.000000 -0.000000 -5.000000
v 0.000000 -0.000000 -5.000000
v 0.000000 -0.000000 -5.000000
v 0.000000 -0.000000 -5.000000
v 0.000000 -0.000000 -5.000000
v 0.000000 -0.000000 -5.000000
v 0.000000 -0.000000 -5.000000
v 0.000000 -8.280000 -5.000000
v 0.811582 -8.240129 -5.000000
v 1.615348 -8.120902 -5.000000
v 2.403557 -7.923466 -5.000000
v 3.168619 -7.649723 -5.000000
v 3.903165 -7.302308 -5.000000
v 4.600121 -6.884568 -5.000000
v 5.252777 -6.400527 -5.000000
v 5.854844 -5.854844 -5.000000
v 6.400527 -5.252777 -5.000000
v 6.884568 -4.600121 -5.000000
v 7.302308 -3.903165 -5.000000
v 7.649723 -3.168619 -5.000000
v 7.923466 -2.403557 -5.000000
v 8.120902 -1.615348 -5.000000
v 8.240129 -0.811582 -5.000000
v 8.280000 -0.000000 -5.000000
v 8.240129 0.811582 -5.000000
v 8.120902 1.615348 -5.000000
v 7.923466 2.403557 -5.000000
v 7.649723 3.168619 -5.000000
v 7.302308 3.903165 -5.000000
v 6.884568 4.600121 -5.000000
v 6.400527 5.252777 -5.000000
v 5.854844 5.854844 -5.000000
v 5.252777 6.400527 -5.000000
v 4.600121 6.884568 -5.000000
v 3.903165 7.302308 -5.000000
v 3.168619 7.649723 -5.000000
v 2.403557 7.923466 -5.000000
v 1.615348 8.120902 -5.000000
v 0.811582 8.240129 -5.000000
v 0.000000 8.280000 -5.000000
v -0.811582 8.240129 -5.000000
v -1.615348 8.120902 -5.000000
v -2.403557 7.923466 -5.000000
v -3.168619 7.649723 -5.000000
v -3.903165 7.302308 -5.000000
v -4.600121 6.884568 -5.000000
v -5.252777 6.400527 -5.000000
v -5.854844 5.854844 -5.000000
v -6.400527 5.252777 -5.000000
v -6.884568 4.600121 -5.000000
v -7.302308 3.903165 -5.000000
v -7.649723 3.168619 -5.000000
v -7.923466 2.403557 -5.000000
v -8.120902 1.615348 -5.000000
v -8.240129 0.811582 -5.000000
v -8.280000 0.000000 -5.000000
v -8.240129 -0.811582 -5.000000
v -8.120902 -1.615348 -5.000000
v -7.923466 -2.403557 -5.000000
v -7.649723 -3.168619 -5.000000
v -7.302308 -3.903165 -5.000000
v -6.884568 -4.600121 -5.000000
v -6.400527 -5.252777 -5.000000
v -5.854844 -5.854844 -5.000000
v -5.252777 -6.400527 -5.000000
v -4.600121 -6.884568 -5.000000
v -3.903165 -7.302308 -5.000000
v -3.168619 -7.649723 -5.000000
v -2.403557 -7.923466 -5.000000
v -1.615348 -8.120902 -5.000000
v -0.811582 -8.240129 -5.000000
v -0.000000 -8.280000 -5.000000
f 1 2 53
f 1 53 52
f 2 3 54
f 2 54 53
f 3 4 55
f 3 55 54
f 4 5 56
f 4 56 55
f 5 6 57
f 5 57 56
f 6 7 58
f 6 58 57
f 7 8 59
f 7 59 58
f 8 9 60
f 8 60 59
f 9 10 61
f 9 61 60
f 10 11 62
f 10 62 61
f 11 12 63
f 11 63 62
f 12 13 64
f 12 64 63
f 13 14 65
f 13 65 64
f 14 15 66
f 14 66 65
f 15 16 67
f 15 67 66
f 16 17 68
f 16 68 67
f 17 18 69
f 17 69 68
f 18 19 70
f 18 70 69
f 19 20 71
f 19 71 70
f 20 21 72
f 20 72 71
f 21 22 73
f 21 73 72
f 22 23 74
f 22 74 73
f 23 24 75
f 23 75 74
f 24 25 76
f 24 76 75
f 25 26 77
f 25 77 76
f 26 27 78
f 26 78 77
f 27 28 79
f 27 79 78
f 28 29 80
f 28 80 79
f 29 30 81
f 29 81 80
f 30 31 82
f 30 82 81
f 31 32 83
f 31 83 82
f 32 33 84
f 32 84 83
f 33 34 85
f 33 85 84
f 34 35 86
f 34 86 85
f 35 36 87
f 35 87 86
f 36 37 88
f 36 88 87
f 37 38 89
f 37 89 88
f 38 39 90
f 38 90 89
f 39 40 91
f 39 91 90
f 40 41 92
f 40 92 91
f 41 42 93
f 41 93 92
f 42 43 94
f 42 94 93
f 43 44 95
f 43 95 94
f 44 45 96
f 44 96 95
f 45 46 97
f 45 97 96
f 46 47 98
f 46 98 97
f 47 48 99
f 47 99 98
f 48 49 100
f 48 100 99
f 49 50 101
f 49 101 100
f 50 51 102
f 50 102 101
f 51 1 52
f 51 52 102
f 52 53 104
f 52 104 103
f 53 54 105
f 53 105 104
f 54 55 106
f 54 106 105
f 55 56 107
f 55 107 106
f 56 57 108
f 56 108 107
f 57 58 109
f 57 109 108
f 58 59 110
f 58 110 109
f 59 60 111
f 59 111 110
f 60 61 112
f 60 112 111
f 61 62 113
f 61 113 112
f 62 63 114
f 62 114 113
f 63 64 115
f 63 115 114
f 64 65 116
f 64 116 115
f 65 66 117
f 65 117 116
f 66 67 118
f 66 118 117
f 67 68 119
f 67 119 118
f 68 69 120
f 68 120 119
f 69 70 121
f 69 121 120
f 70 71 122
f 70 122 121
f 71 72 123
f 71 123 122
f 72 73 124
f 72 124 123
f 73 74 125
f 73 125 124
f 74 75 126
f 74 126 125
f 75 76 127
f 75 127 126
f 76 77 128
f 76 128 127
f 77 78 129
f 77 129 128
f 78 79 130
f 78 130 129
f 79 80 131
f 79 131 130
f 80 81 132
f 80 132 131
f 81 82 133
f 81 133 132
f 82 83 134
f 82 134 133
f 83 84 135
f 83 135 134
f 84 85 136
f 84 136 135
f 85 86 137
f 85 137 136
f 86 87 138
f 86 138 137
f 87 88 139
f 87 139 138
f 88 89 140
f 88 140 139
f 89 90 141
f 89 141 140
f 90 91 142
f 90 142 141
f 91 92 143
f 91 143 142
f 92 93 144
f 92 144 143
f 93 94 145
f 93 145 144
f 94 95 146
f 94 146 145
f 95 96 147
f 95 147 146
f 96 97 148
f 96 148 147
f 97 98 149
f 97 149 148
f 98 99 150
f 98 150 149
f 99 100 151
f 99 151 150
f 100 101 152
f 100 152 151
f 101 102 153
f 101 153 152
f 102 52 103
f 102 103 153
f 103 104 155
f 103 155 154
f 104 105 156
f 104 156 155
f 105 106 157
f 105 157 156
f 106 107 158
f 106 158 157
f 107 108 159
f 107 159 158
f 108 109 160
f 108 160 159
f 109 110 161
f 109 161 160
f 110 111 162
f 110 162 161
f 111 112 163
f 111 163 162
f 112 113 164
f 112 164 163
f 113 114 165
f 113 165 164
f 114 115 166
f 114 166 165
f 115 116 167
f 115 167 166
f 116 117 168
f 116 168 167
f 117 118 169
f 117 169 168
f 118 119 170
f 118 170 169
f 119 120 171
f 119 171 170
f 120 121 172
f 120 172 171
f 121 122 173
f 121 173 172
f 122 123 174
f 122 174 173
f 123 124 175
f 123 175 174
f 124 125 176
f 124 176 175
f 125 126 177
f 125 177 176
f 126 127 178
f 126 178 177
f 127 128 179
f 127 179 178
f 128 129 180
f 128 180 179
f 129 130 181
f 129 181 180
f 130 131 182
f 130 182 181
f 131 132 183
f 131 183 182
f 132 133 184
f 132 184 183
f 133 134 185
f 133 185 184
f 134 135 186
f 134 186 185
f 135 136 187
f 135 187 186
f 136 137 188
f 136 188 187
f 137 138 189
f 137 189 188
f 138 139 190
f 138 190 189
f 139 140 191
f 139 191 190
f 140 141 192
f 140 192 191
f 141 142 193
f 141 193 192
f 142 143 194
f 142 194 193
f 143 144 195
f 143 195 194
f 144 145 196
f 144 196 195
f 145 146 197
f 145 197 196
f 146 147 198
f 146 198 197
f 147 148 199
f 147 199 198
f 148 149 200
f 148 200 199
f 149 150 201
f 149 201 200
f 150 151 202
f 150 202 201
f 151 152 203
f 151 203 202
f 152 153 204
f 152 204 203
f 153 103 154
f 153 154 204
f 154 155 206
f 154 206 205
f 155 156 207
f 155 207 206
f 156 157 208
f 156 208 207
f 157 158 209
f 157 209 208
f 158 159 210
f 158 210 209
f 159 160 211
f 159 211 210
f 160 161 212
f 160 212 211
f 161 162 213
f 161 213 212
f 162 163 214
f 162 214 213
f 163 164 215
f 163 215 214
f 164 165 216
f 164 216 215
f 165 166 217
f 165 217 216
f 166 167 218
f 166 218 217
f 167 168 219
f 167 219 218
f 168 169 220
f 168 220 219
f 169 170 221
f 169 221 220
f 170 171 222
f 170 222 221
f 171 172 223
f 171 223 222
f 172 173 224
f 172 224 223
f 173 174 225
f 173 225 224
f 174 175 226
f 174 226 225
f 175 176 227
f 175 227 226
f 176 177 228
f 176 228 227
f 177 178 229
f 177 229 228
f 178 179 230
f 178 230 229
f 179 180 231
f 179 231 230
f 180 181 232
f 180 232 231
f 181 182 233
f 181 233 232
f 182 183 234
f 182 234 233
f 183 184 235
f 183 235 234
f 184 185 236
f 184 236 235
f 185 186 237
f 185 237 236
f 186 187 238
f 186 238 237
f 187 188 239
f 187 239 238
f 188 189 240
f 188 240 239
f 189 190 241
f 189 241 240
f 190 191 242
f 190 242 241
f 191 192 243
f 191 243 242
f 192 193 244
f 192 244 243
f 193 194 245
f 193 245 244
f 194 195 246
f 194 246 245
f 195 196 247
f 195 247 246
f 196 197 248
f 196 248 247
f 197 198 249
f 197 249 248
f 198 199 250
f 198 250 249
f 199 200 251
f 199 251 250
f 200 201 252
f 200 252 251
f 201 202 253
f 201 253 252
f 202 203 254
f 202 254 253
f 203 204 255
f 203 255 254
f 204 154 205
f 204 205 255
f 205 206 257
f 205 257 256
f 206 207 258
f 206 258 257
f 207 208 259
f 207 259 258
f 208 209 260
f 208 260 259
f 209 210 261
f 209 261 260
f 210 211 262
f 210 262 261
f 211 212 263
f 211 263 262
f 212 213 264
f 212 264 263
f 213 214 265
f 213 265 264
f 214 215 266
f 214 266 265
f 215 216 267
f 215 267 266
f 216 217 268
f 216 268 267
f 217 218 269
f 217 269 268
f 218 219 270
f 218 270 269
f 219 220 271
f 219 271 270
f 220 221 272
f 220 272 271
f 221 222 273
f 221 273 272
f 222 223 274
f 222 274 273
f 223 224 275
f 223 275 274
f 224 225 276
f 224 276 275
f 225 226 277
f 225 277 276
f 226 227 278
f 226 278 277
f 227 228 279
f 227 279 278
f 228 229 280
f 228 280 279
f 229 230 281
f 229 281 280
f 230 231 282
f 230 282 281
f 231 232 283
f 231 283 282
f 232 233 284
f 232 284 283
f 233 234 285
f 233 285 284
f 234 235 286
f 234 286 285
f 235 236 287
f 235 287 286
f 236 237 288
f 236 288 287
f 237 238 289
f 237 289 288
f 238 239 290
f 238 290 289
f 239 240 291
f 239 291 290
f 240 241 292
f 240 292 291
f 241 242 293
f 241 293 292
f 242 243 294
f 242 294 293
f 243 244 295
f 243 295 294
f 244 245 296
f 244 296 295
f 245 246 297
f 245 297 296
f 246 247 298
f 246 298 297
f 247 248 299
f 247 299 298
f 248 249 300
f 248 300 299
f 249 250 301
f 249 301 300
f 250 251 302
f 250 302 301
f 251 252 303
f 251 303 302
f 252 253 304
f 252 304 303
f 253 254 305
f 253 305 304
f 254 255 306
f 254 306 305
f 255 205 256
f 255 256 306
f 256 257 308
f 256 308 307
f 257 258 309
f 257 309 308
f 258 259 310
f 258 310 309
f 259 260 311
f 259 311 310
f 260 261 312
f 260 312 311
f 261 262 313
f 261 313 312
f 262 263 314
f 262 314 313
f 263 264 315
f 263 315 314
f 264 265 316
f 264 316 315
f 265 266 317
f 265 317 316
f 266 267 318
f 266 318 317
f 267 268 319
f 267 319 318
f 268 269 320
f 268 320 319
f 269 270 321
f 269 321 320
f 270 271 322
f 270 322 321
f 271 272 323
f 271 323 322
f 272 273 324
f 272 324 323
f 273 274 325
f 273 325 324
f 274 275 326
f 274 326 325
f 275 276 327
f 275 327 326
f 276 277 328
f 276 328 327
f 277 278 329
f 277 329 328
f 278 279 330
f 278 330 329
f 279 280 331
f 279 331 330
f 280 281 332
f 280 332 331
f 281 282 333
f 281 333 332
f 282 283 334
f 282 334 333
f 283 284 335
f 283 335 334
f 284 285 336
f 284 336 335
f 285 286 337
f 285 337 336
f 286 287 338
f 286 338 337
f 287 288 339
f 287 339 338
f 288 289 340
f 288 340 339
f 289 290 341
f 289 341 340
f 290 291 342
f 290 342 341
f 291 292 343
f 291 343 342
f 292 293 344
f 292 344 343
f 293 294 345
f 293 345 344
f 294 295 346
f 294 346 345
f 295 296 347
f 295 347 346
f 296 297 348
f 296 348 347
f 297 298 349
f 297 349 348
f 298 299 350
f 298 350 349
f 299 300 351
f 299 351 350
f 300 301 352
f 300 352 351
f 301 302 353
f 301 353 352
f 302 303 354
f 302 354 353
f 303 304 355
f 303 355 354
f 304 305 356
f 304 356 355
f 305 306 357
f 305 357 356
f 306 256 307
f 306 307 357
f 307 308 359
f 307 359 358
f 308 309 360
f 308 360 359
f 309 310 361
f 309 361 360
f 310 311 362
f 310 362 361
f 311 312 363
f 311 363 362
f 312 313 364
f 312 364 363
f 313 314 365
f 313 365 364
f 314 315 366
f 314 366 365
f 315 316 367
f 315 367 366
f 316 317 368
f 316 368 367
f 317 318 369
f 317 369 368
f 318 319 370
f 318 370 369
f 319 320 371
f 319 371 370
f 320 321 372
f 320 372 371
f 321 322 373
f 321 373 372
f 322 323 374
f 322 374 373
f 323 324 375
f 323 375 374
f 324 325 376
f 324 376 375
f 325 326 377
f 325 377 376
f 326 327 378
f 326 378 377
f 327 328 379
f 327 379 378
f 328 329 380
f 328 380 379
f 329 330 381
f 329 381 380
f 330 331 382
f 330 382 381
f 331 332 383
f 331 383 382
f 332 333 384
f 332 384 383
f 333 334 385
f 333 385 384
f 334 335 386
f 334 386 385
f 335 336 387
f 335 387 386
f 336 337 388
f 336 388 387
f 337 338 389
f 337 389 388
f 338 339 390
f 338 390 389
f 339 340 391
f 339 391 390
f 340 341 392
f 340 392 391
f 341 342 393
f 341 393 392
f 342 343 394
f 342 394 393
f 343 344 395
f 343 395 394
f 344 345 396
f 344 396 395
f 345 346 397
f 345 397 396
f 346 347 398
f 346 398 397
f 347 348 399
f 347 399 398
f 348 349 400
f 348 400 399
f 349 350 401
f 349 401 400
f 350 351 402
f 350 402 401
f 351 352 403
f 351 403 402
f 352 353 404
f 352 404 403
f 353 354 405
f 353 405 404
f 354 355 406
f 354 406 405
f 355 356 407
f 355 407 406
f 356 357 408
f 356 408 407
f 357 307 358
f 357 358 408
f 358 359 410
f 358 410 409
f 359 360 411
f 359 411 410
f 360 361 412
f 360 412 411
f 361 362 413
f 361 413 412
f 362 363 414
f 362 414 413
f 363 364 415
f 363 415 414
f 364 365 416
f 364 416 415
f 365 366 417
f 365 417 416
f 366 367 418
f 366 418 417
f 367 368 419
f 367 419 418
f 368 369 420
f 368 420 419
f 369 370 421
f 369 421 420
f 370 371 422
f 370 422 421
f 371 372 423
f 371 423 422
f 372 373 424
f 372 424 423
f 373 374 425
f 373 425 424
f 374 375 426
f 374 426 425
f 375 376 427
f 375 427 426
f 376 377 428
f 376 428 427
f 377 378 429
f 377 429 428
f 378 379 430
f 378 430 429
f 379 380 431
f 379 431 430
f 380 381 432
f 380 432 431
f 381 382 433
f 381 433 432
f 382 383 434
f 382 434 433
f 383 384 435
f 383 435 434
f 384 385 436
f 384 436 435
f 385 386 437
f 385 437 436
f 386 387 438
f 386 438 437
f 387 388 439
f 387 439 438
f 388 389 440
f 388 440 439
f 389 390 441
f 389 441 440
f 390 391 442
f 390 442 441
f 391 392 443
f 391 443 442
f 392 393 444
f 392 444 443
f 393 394 445
f 393 445 444
f 394 395 446
f 394 446 445
f 395 396 447
f 395 447 446
f 396 397 448
f 396 448 447
f 397 398 449
f 397 449 448
f 398 399 450
f 398 450 449
f 399 400 451
f 399 451 450
f 400 401 452
f 400 452 451
f 401 402 453
f 401 453 452
f 402 403 454
f 402 454 453
f 403 404 455
f 403 455 454
f 404 405 456
f 404 456 455
f 405 406 457
f 405 457 456
f 406 407 458
f 406 458 457
f 407 408 459
f 407 459 458
f 408 358 409
f 408 409 459
f 409 410 461
f 409 461 460
f 410 411 462
f 410 462 461
f 411 412 463
f 411 463 462
f 412 413 464
f 412 464 463
f 413 414 465
f 413 465 464
f 414 415 466
f 414 466 465
f 415 416 467
f 415 467 466
f 416 417 468
f 416 468 467
f 417 418 469
f 417 469 468
f 418 419 470
f 418 470 469
f 419 420 471
f 419 471 470
f 420 421 472
f 420 472 471
f 421 422 473
f 421 473 472
f 422 423 474
f 422 474 473
f 423 424 475
f 423 475 474
f 424 425 476
f 424 476 475
f 425 426 477
f 425 477 476
f 426 427 478
f 426 478 477
f 427 428 479
f 427 479 478
f 428 429 480
f 428 480 479
f 429 430 481
f 429 481 480
f 430 431 482
f 430 482 481
f 431 432 483
f 431 483 482
f 432 433 484
f 432 484 483
f 433 434 485
f 433 485 484
f 434 435 486
f 434 486 485
f 435 436 487
f 435 487 486
f 436 437 488
f 436 488 487
f 437 438 489
f 437 489 488
f 438 439 490
f 438 490 489
f 439 440 491
f 439 491 490
f 440 441 492
f 440 492 491
f 441 442 493
f 441 493 492
f 442 443 494
f 442 494 493
f 443 444 495
f 443 495 494
f 444 445 496
f 444 496 495
f 445 446 497
f 445 497 496
f 446 447 498
f 446 498 497
f 447 448 499
f 447 499 498
f 448 449 500
f 448 500 499
f 449 450 501
f 449 501 500
f 450 451 502
f 450 502 501
f 451 452 503
f 451 503 502
f 452 453 504
f 452 504 503
f 453 454 505
f 453 505 504
f 454 455 506
f 454 506 505
f 455 456 507
f 455 507 506
f 456 457 508
f 456 508 507
f 457 458 509
f 457 509 508
f 458 459 510
f 458 510 509
f 459 409 460
f 459 460 510
f 460 461 512
f 460 512 511
f 461 462 513
f 461 513 512
f 462 463 514
f 462 514 513
f 463 464 515
f 463 515 514
f 464 465 516
f 464 516 515
f 465 466 517
f 465 517 516
f 466 467 518
f 466 518 517
f 467 468 519
f 467 519 518
f 468 469 520
f 468 520 519
f 469 470 521
f 469 521 520
f 470 471 522
f 470 522 521
f 471 472 523
f 471 523 522
f 472 473 524
f 472 524 523
f 473 474 525
f 473 525 524
f 474 475 526
f 474 526 525
f 475 476 527
f 475 527 526
f 476 477 528
f 476 528 527
f 477 478 529
f 477 529 528
f 478 479 530
f 478 530 529
f 479 480 531
f 479 531 530
f 480 481 532
f 480 532 531
f 481 482 533
f 481 533 532
f 482 483 534
f 482 534 533
f 483 484 535
f 483 535 534
f 484 485 536
f 484 536 535
f 485 486 537
f 485 537 536
f 486 487 538
f 486 538 537
f 487 488 539
f 487 539 538
f 488 489 540
f 488 540 539
f 489 490 541
f 489 541 540
f 490 491 542
f 490 542 541
f 491 492 543
f 491 543 542
f 492 493 544
f 492 544 543
f 493 494 545
f 493 545 544
f 494 495 546
f 494 546 545
f 495 496 547
f 495 547 546
f 496 497 548
f 496 548 547
f 497 498 549
f 497 549 548
f 498 499 550
f 498 550 549
f 499 500 551
f 499 551 550
f 500 501 552
f 500 552 551
f 501 502 553
f 501 553 552
f 502 503 554
f 502 554 553
f 503 504 555
f 503 555 554
f 504 505 556
f 504 556 555
f 505 506 557
f 505 557 556
f 506 507 558
f 506 558 557
f 507 508 559
f 507 559 558
f 508 509 560
f 508 560 559
f 509 510 561
f 509 561 560
f 510 460 511
f 510 511 561
f 511 512 563
f 511 563 562
f 512 513 564
f 512 564 563
f 513 514 565
f 513 565 564
f 514 515 566
f 514 566 565
f 515 516 567
f 515 567 566
f 516 517 568
f 516 568 567
f 517 518 569
f 517 569 568
f 518 519 570
f 518 570 569
f 519 520 571
f 519 571 570
f 520 521 572
f 520 572 571
f 521 522 573
f 521 573 572
f 522 523 574
f 522 574 573
f 523 524 575
f 523 575 574
f 524 525 576
f 524 576 575
f 525 526 577
f 525 577 576
f 526 527 578
f 526 578 577
f 527 528 579
f 527 579 578
f 528 529 580
f 528 580 579
f 529 530 581
f 529 581 580
f 530 531 582
f 530 582 581
f 531 532 583
f 531 583 582
f 532 533 584
f 532 584 583
f 533 534 585
f 533 585 584
f 534 535 586
f 534 586 585
f 535 536 587
f 535 587 586
f 536 537 588
f 536 588 587
f 537 538 589
f 537 589 588
f 538 539 590
f 538 590 589
f 539 540 591
f 539 591 590
f 540 541 592
f 540 592 591
f 541 542 593
f 541 593 592
f 542 543 594
f 542 594 593
f 543 544 595
f 543 595 594
f 544 545 596
f 544 596 595
f 545 546 597
f 545 597 596
f 546 547 598
f 546 598 597
f 547 548 599
f 547 599 598
f 548 549 600
f 548 600 599
f 549 550 601
f 549 601 600
f 550 551 602
f 550 602 601
f 551 552 603
f 551 603 602
f 552 553 604
f 552 604 603
f 553 554 605
f 553 605 604
f 554 555 606
f 554 606 605
f 555 556 607
f 555 607 606
f 556 557 608
f 556 608 607
f 557 558 609
f 557 609 608
f 558 559 610
f 558 610 609
f 559 560 611
f 559 611 610
f 560 561 612
f 560 612 611
f 561 511 562
f 561 562 612
f 562 563 614
f 562 614 613
f 563 564 615
f 563 615 614
f 564 565 616
f 564 616 615
f 565 566 617
f 565 617 616
f 566 567 618
f 566 618 617
f 567 568 619
f 567 619 618
f 568 569 620
f 568 620 619
f 569 570 621
f 569 621 620
f 570 571 622
f 570 622 621
f 571 572 623
f 571 623 622
f 572 573 624
f 572 624 623
f 573 574 625
f 573 625 624
f 574 575 626
f 574 626 625
f 575 576 627
f 575 627 626
f 576 577 628
f 576 628 627
f 577 578 629
f 577 629 628
f 578 579 630
f 578 630 629
f 579 580 631
f 579 631 630
f 580 581 632
f 580 632 631
f 581 582 633
f 581 633 632
f 582 583 634
f 582 634 633
f 583 584 635
f 583 635 634
f 584 585 636
f 584 636 635
f 585 586 637
f 585 637 636
f 586 587 638
f 586 638 637
f 587 588 639
f 587 639 638
f 588 589 640
f 588 640 639
f 589 590 641
f 589 641 640
f 590 591 642
f 590 642 641
f 591 592 643
f 591 643 642
f 592 593 644
f 592 644 643
f 593 594 645
f 593 645 644
f 594 595 646
f 594 646 645
f 595 596 647
f 595 647 646
f 596 597 648
f 596 648 647
f 597 598 649
f 597 649 648
f 598 599 650
f 598 650 649
f 599 600 651
f 599 651 650
f 600 601 652
f 600 652 651
f 601 602 653
f 601 653 652
f 602 603 654
f 602 654 653
f 603 604 655
f 603 655 654
f 604 605 656
f 604 656 655
f 605 606 657
f 605 657 656
f 606 607 658
f 606 658 657
f 607 608 659
f 607 659 658
f 608 609 660
f 608 660 659
f 609 610 661
f 609 661 660
f 610 611 662
f 610 662 661
f 611 612 663
f 611 663 662
f 612 562 613
f 612 613 663
f 613 614 665
f 613 665 664
f 614 615 666
f 614 666 665
f 615 616 667
f 615 667 666
f 616 617 668
f 616 668 667
f 617 618 669
f 617 669 668
f 618 619 670
f 618 670 669
f 619 620 671
f 619 671 670
f 620 621 672
f 620 672 671
f 621 622 673
f 621 673 672
f 622 623 674
f 622 674 673
f 623 624 675
f 623 675 674
f 624 625 676
f 624 676 675
f 625 626 677
f 625 677 676
f 626 627 678
f 626 678 677
f 627 628 679
f 627 679 678
f 628 629 680
f 628 680 679
f 629 630 681
f 629 681 680
f 630 631 682
f 630 682 681
f 631 632 683
f 631 683 682
f 632 633 684
f 632 684 683
f 633 634 685
f 633 685 684
f 634 635 686
f 634 686 685
f 635 636 687
f 635 687 686
f 636 637 688
f 636 688 687
f 637 638 689
f 637 689 688
f 638 639 690
f 638 690 689
f 639 640 691
f 639 691 690
f 640 641 692
f 640 692 691
f 641 642 693
f 641 693 692
f 642 643 694
f 642 694 693
f 643 644 695
f 643 695 694
f 644 645 696
f 644 696 695
f 645 646 697
f 645 697 696
f 646 647 698
f 646 698 697
f 647 648 699
f 647 699 698
f 648 649 700
f 648 700 699
f 649 650 701
f 649 701 700
f 650 651 702
f 650 702 701
f 651 652 703
f 651 703 702
f 652 653 704
f 652 704 703
f 653 654 705
f 653 705 704
f 654 655 706
f 654 706 705
f 655 656 707
f 655 707 706
f 656 657 708
f 656 708 707
f 657 658 709
f 657 709 708
f 658 659 710
f 658 710 709
f 659 660 711
f 659 711 710
f 660 661 712
f 660 712 711
f 661 662 713
f 661 713 712
f 662 663 714
f 662 714 713
f 663 613 664
f 663 664 714
f 664 665 716
f 664 716 715
f 665 666 717
f 665 717 716
f 666 667 718
f 666 718 717
f 667 668 719
f 667 719 718
f 668 669 720
f 668 720 719
f 669 670 721
f 669 721 720
f 670 671 722
f 670 722 721
f 671 672 723
f 671 723 722
f 672 673 724
f 672 724 723
f 673 674 725
f 673 725 724
f 674 675 726
f 674 726 725
f 675 676 727
f 675 727 726
f 676 677 728
f 676 728 727
f 677 678 729
f 677 729 728
f 678 679 730
f 678 730 729
f 679 680 731
f 679 731 730
f 680 681 732
f 680 732 731
f 681 682 733
f 681 733 732
f 682 683 734
f 682 734 733
f 683 684 735
f 683 735 734
f 684 685 736
f 684 736 735
f 685 686 737
f 685 737 736
f 686 687 738
f 686 738 737
f 687 688 739
f 687 739 738
f 688 689 740
f 688 740 739
f 689 690 741
f 689 741 740
f 690 691 742
f 690 742 741
f 691 692 743
f 691 743 742
f 692 693 744
f 692 744 743
f 693 694 745
f 693 745 744
f 694 695 746
f 694 746 745
f 695 696 747
f 695 747 746
f 696 697 748
f 696 748 747
f 697 698 749
f 697 749 748
f 698 699 750
f 698 750 749
f 699 700 751
f 699 751 750
f 700 701 752
f 700 752 751
f 701 702 753
f 701 753 752
f 702 703 754
f 702 754 753
f 703 704 755
f 703 755 754
f 704 705 756
f 704 756 755
f 705 706 757
f 705 757 756
f 706 707 758
f 706 758 757
f 707 708 759
f 707 759 758
f 708 709 760
f 708 760 759
f 709 710 761
f 709 761 760
f 710 711 762
f 710 762 761
f 711 712 763
f 711 763 762
f 712 713 764
f 712 764 763
f 713 714 765
f 713 765 764
f 714 664 715
f 714 715 765
f 715 716 767
f 715 767 766
f 716 717 768
f 716 768 767
f 717 718 769
f 717 769 768
f 718 719 770
f 718 770 769
f 719 720 771
f 719 771 770
f 720 721 772
f 720 772 771
f 721 722 773
f 721 773 772
f 722 723 774
f 722 774 773
f 723 724 775
f 723 775 774
f 724 725 776
f 724 776 775
f 725 726 777
f 725 777 776
f 726 727 778
f 726 778 777
f 727 728 779
f 727 779 778
f 728 729 780
f 728 780 779
f 729 730 781
f 729 781 780
f 730 731 782
f 730 782 781
f 731 732 783
f 731 783 782
f 732 733 784
f 732 784 783
f 733 734 785
f 733 785 784
f 734 735 786
f 734 786 785
f 735 736 787
f 735 787 786
f 736 737 788
f 736 788 787
f 737 738 789
f 737 789 788
f 738 739 790
f 738 790 789
f 739 740 791
f 739 791 790
f 740 741 792
f 740 792 791
f 741 742 793
f 741 793 792
f 742 743 794
f 742 794 793
f 743 744 795
f 743 795 794
f 744 745 796
f 744 796 795
f 745 746 797
f 745 797 796
f 746 747 798
f 746 798 797
f 747 748 799
f 747 799 798
f 748 749 800
f 748 800 799
f 749 750 801
f 749 801 800
f 750 751 802
f 750 802 801
f 751 752 803
f 751 803 802
f 752 753 804
f 752 804 803
f 753 754 805
f 753 805 804
f 754 755 806
f 754 806 805
f 755 756 807
f 755 807 806
f 756 757 808
f 756 808 807
f 757 758 809
f 757 809 808
f 758 759 810
f 758 810 809
f 759 760 811
f 759 811 810
f 760 761 812
f 760 812 811
f 761 762 813
f 761 813 812
f 762 763 814
f 762 814 813
f 763 764 815
f 763 815 814
f 764 765 816
f 764 816 815
f 765 715 766
f 765 766 816
f 766 767 818
f 766 818 817
f 767 768 819
f 767 819 818
f 768 769 820
f 768 820 819
f 769 770 821
f 769 821 820
f 770 771 822
f 770 822 821
f 771 772 823
f 771 823 822
f 772 773 824
f 772 824 823
f 773 774 825
f 773 825 824
f 774 775 826
f 774 826 825
f 775 776 827
f 775 827 826
f 776 777 828
f 776 828 827
f 777 778 829
f 777 829 828
f 778 779 830
f 778 830 829
f 779 780 831
f 779 831 830
f 780 781 832
f 780 832 831
f 781 782 833
f 781 833 832
f 782 783 834
f 782 834 833
f 783 784 835
f 783 835 834
f 784 785 836
f 784 836 835
f 785 786 837
f 785 837 836
f 786 787 838
f 786 838 837
f 787 788 839
f 787 839 838
f 788 789 840
f 788 840 839
f 789 790 841
f 789 841 840
f 790 791 842
f 790 842 841
f 791 792 843
f 791 843 842
f 792 793 844
f 792 844 843
f 793 794 845
f 793 845 844
f 794 795 846
f 794 846 845
f 795 796 847
f 795 847 846
f 796 797 848
f 796 848 847
f 797 798 849
f 797 849 848
f 798 799 850
f 798 850 849
f 799 800 851
f 799 851 850
f 800 801 852
f 800 852 851
f 801 802 853
f 801 853 852
f 802 803 854
f 802 854 853
f 803 804 855
f 803 855 854
f 804 805 856
f 804 856 855
f 805 806 857
f 805 857 856
f 806 807 858
f 806 858 857
f 807 808 859
f 807 859 858
f 808 809 860
f 808 860 859
f 809 810 861
f 809 861 860
f 810 811 862
f 810 862 861
f 811 812 863
f 811 863 862
f 812 813 864
f 812 864 863
f 813 814 865
f 813 865 864
f 814 815 866
f 814 866 865
f 815 816 867
f 815 867 866
f 816 766 817
f 816 817 867
f 817 818 869
f 817 869 868
f 818 819 870
f 818 870 869
f 819 820 871
f 819 871 870
f 820 821 872
f 820 872 871
f 821 822 873
f 821 873 872
f 822 823 874
f 822 874 873
f 823 824 875
f 823 875 874
f 824 825 876
f 824 876 875
f 825 826 877
f 825 877 876
f 826 827 878
f 826 878 877
f 827 828 879
f 827 879 878
f 828 829 880
f 828 880 879
f 829 830 881
f 829 881 880
f 830 831 882
f 830 882 881
f 831 832 883
f 831 883 882
f 832 833 884
f 832 884 883
f 833 834 885
f 833 885 884
f 834 835 886
f 834 886 885
f 835 836 887
f 835 887 886
f 836 837 888
f 836 888 887
f 837 838 889
f 837 889 888
f 838 839 890
f 838 890 889
f 839 840 891
f 839 891 890
f 840 841 892
f 840 892 891
f 841 842 893
f 841 893 892
f 842 843 894
f 842 894 893
f 843 844 895
f 843 895 894
f 844 845 896
f 844 896 895
f 845 846 897
f 845 897 896
f 846 847 898
f 846 898 897
f 847 848 899
f 847 899 898
f 848 849 900
f 848 900 899
f 849 850 901
f 849 901 900
f 850 851 902
f 850 902 901
f 851 852 903
f 851 903 902
f 852 853 904
f 852 904 903
f 853 854 905
f 853 905 904
f 854 855 906
f 854 906 905
f 855 856 907
f 855 907 906
f 856 857 908
f 856 908 907
f 857 858 909
f 857 909 908
f 858 859 910
f 858 910 909
f 859 860 911
f 859 911 910
f 860 861 912
f 860 912 911
f 861 862 913
f 861 913 912
f 862 863 914
f 862 914 913
f 863 864 915
f 863 915 914
f 864 865 916
f 864 916 915
f 865 866 917
f 865 917 916
f 866 867 918
f 866 918 917
f 867 817 868
f 867 868 918
f 868 869 920
f 868 920 919
f 869 870 921
f 869 921 920
f 870 871 922
f 870 922 921
f 871 872 923
f 871 923 922
f 872 873 924
f 872 924 923
f 873 874 925
f 873 925 924
f 874 875 926
f 874 926 925
f 875 876 927
f 875 927 926
f 876 877 928
f 876 928 927
f 877 878 929
f 877 929 928
f 878 879 930
f 878 930 929
f 879 880 931
f 879 931 930
f 880 881 932
f 880 932 931
f 881 882 933
f 881 933 932
f 882 883 934
f 882 934 933
f 883 884 935
f 883 935 934
f 884 885 936
f 884 936 935
f 885 886 937
f 885 937 936
f 886 887 938
f 886 938 937
f 887 888 939
f 887 939 938
f 888 889 940
f 888 940 939
f 889 890 941
f 889 941 940
f 890 891 942
f 890 942 941
f 891 892 943
f 891 943 942
f 892 893 944
f 892 944 943
f 893 894 945
f 893 945 944
f 894 895 946
f 894 946 945
f 895 896 947
f 895 947 946
f 896 897 948
f 896 948 947
f 897 898 949
f 897 949 948
f 898 899 950
f 898 950 949
f 899 900 951
f 899 951 950
f 900 901 952
f 900 952 951
f 901 902 953
f 901 953 952
f 902 903 954
f 902 954 953
f 903 904 955
f 903 955 954
f 904 905 956
f 904 956 955
f 905 906 957
f 905 957 956
f 906 907 958
f 906 958 957
f 907 908 959
f 907 959 958
f 908 909 960
f 908 960 959
f 909 910 961
f 909 961 960
f 910 911 962
f 910 962 961
f 911 912 963
f 911 963 962
f 912 913 964
f 912 964 963
f 913 914 965
f 913 965 964
f 914 915 966
f 914 966 965
f 915 916 967
f 915 967 966
f 916 917 968
f 916 968 967
f 917 918 969
f 917 969 968
f 918 868 919
f 918 919 969
f 919 920 971
f 919 971 970
f 920 921 972
f 920 972 971
f 921 922 973
f 921 973 972
f 922 923 974
f 922 974 973
f 923 924 975
f 923 975 974
f 924 925 976
f 924 976 975
f 925 926 977
f 925 977 976
f 926 927 978
f 926 978 977
f 927 928 979
f 927 979 978
f 928 929 980
f 928 980 979
f 929 930 981
f 929 981 980
f 930 931 982
f 930 982 981
f 931 932 983
f 931 983 982
f 932 933 984
f 932 984 983
f 933 934 985
f 933 985 984
f 934 935 986
f 934 986 985
f 935 936 987
f 935 987 986
f 936 937 988
f 936 988 987
f 937 938 989
f 937 989 988
f 938 939 990
f 938 990 989
f 939 940 991
f 939 991 990
f 940 941 992
f 940 992 991
f 941 942 993
f 941 993 992
f 942 943 994
f 942 994 993
f 943 944 995
f 943 995 994
f 944 945 996
f 944 996 995
f 945 946 997
f 945 997 996
f 946 947 998
f 946 998 997
f 947 948 999
f 947 999 998
f 948 949 1000
f 948 1000 999
f 949 950 1001
f 949 1001 1000
f 950 951 1002
f 950 1002 1001
f 951 952 1003
f 951 1003 1002
f 952 953 1004
f 952 1004 1003
f 953 954 1005
f 953 1005 1004
f 954 955 1006
f 954 1006 1005
f 955 956 1007
f 955 1007 1006
f 956 957 1008
f 956 1008 1007
f 957 958 1009
f 957 1009 1008
f 958 959 1010
f 958 1010 1009
f 959 960 1011
f 959 1011 1010
f 960 961 1012
f 960 1012 1011
f 961 962 1013
f 961 1013 1012
f 962 963 1014
f 962 1014 1013
f 963 964 1015
f 963 1015 1014
f 964 965 1016
f 964 1016 1015
f 965 966 1017
f 965 1017 1016
f 966 967 1018
f 966 1018 1017
f 967 968 1019
f 967 1019 1018
f 968 969 1020
f 968 1020 1019
f 969 919 970
f 969 970 1020
f 970 971 1022
f 970 1022 1021
f 971 972 1023
f 971 1023 1022
f 972 973 1024
f 972 1024 1023
f 973 974 1025
f 973 1025 1024
f 974 975 1026
f 974 1026 1025
f 975 976 1027
f 975 1027 1026
f 976 977 1028
f 976 1028 1027
f 977 978 1029
f 977 1029 1028
f 978 979 1030
f 978 1030 1029
f 979 980 1031
f 979 1031 1030
f 980 981 1032
f 980 1032 1031
f 981 982 1033
f 981 1033 1032
f 982 983 1034
f 982 1034 1033
f 983 984 1035
f 983 1035 1034
f 984 985 1036
f 984 1036 1035
f 985 986 1037
f 985 1037 1036
f 986 987 1038
f 986 1038 1037
f 987 988 1039
f 987 1039 1038
f 988 989 1040
f 988 1040 1039
f 989 990 1041
f 989 1041 1040
f 990 991 1042
f 990 1042 1041
f 991 992 1043
f 991 1043 1042
f 992 993 1044
f 992 1044 1043
f 993 994 1045
f 993 1045 1044
f 994 995 1046
f 994 1046 1045
f 995 996 1047
f 995 1047 1046
f 996 997 1048
f 996 1048 1047
f 997 998 1049
f 997 1049 1048
f 998 999 1050
f 998 1050 1049
f 999 1000 1051
f 999 1051 1050
f 1000 1001 1052
f 1000 1052 1051
f 1001 1002 1053
f 1001 1053 1052
f 1002 1003 1054
f 1002 1054 1053
f 1003 1004 1055
f 1003 1055 1054
f 1004 1005 1056
f 1004 1056 1055
f 1005 1006 1057
f 1005 1057 1056
f 1006 1007 1058
f 1006 1058 1057
f 1007 1008 1059
f 1007 1059 1058
f 1008 1009 1060
f 1008 1060 1059
f 1009 1010 1061
f 1009 1061 1060
f 1010 1011 1062
f 1010 1062 1061
f 1011 1012 1063
f 1011 1063 1062
f 1012 1013 1064
f 1012 1064 1063
f 1013 1014 1065
f 1013 1065 1064
f 1014 1015 1066
f 1014 1066 1065
f 1015 1016 1067
f 1015 1067 1066
f 1016 1017 1068
f 1016 1068 1067
f 1017 1018 1069
f 1017 1069 1068
f 1018 1019 1070
f 1018 1070 1069
f 1019 1020 1071
f 1019 1071 1070
f 1020 970 1021
f 1020 1021 1071
f 1021 1022 1073
f 1021 1073 1072
f 1022 1023 1074
f 1022 1074 1073
f 1023 1024 1075
f 1023 1075 1074
f 1024 1025 1076
f 1024 1076 1075
f 1025 1026 1077
f 1025 1077 1076
f 1026 1027 1078
f 1026 1078 1077
f 1027 1028 1079
f 1027 1079 1078
f 1028 1029 1080
f 1028 1080 1079
f 1029 1030 1081
f 1029 1081 1080
f 1030 1031 1082
f 1030 1082 1081
f 1031 1032 1083
f 1031 1083 1082
f 1032 1033 1084
f 1032 1084 1083
f 1033 1034 1085
f 1033 1085 1084
f 1034 1035 1086
f 1034 1086 1085
f 1035 1036 1087
f 1035 1087 1086
f 1036 1037 1088
f 1036 1088 1087
f 1037 1038 1089
f 1037 1089 1088
f 1038 1039 1090
f 1038 1090 1089
f 1039 1040 1091
f 1039 1091 1090
f 1040 1041 1092
f 1040 1092 1091
f 1041 1042 1093
f 1041 1093 1092
f 1042 1043 1094
f 1042 1094 1093
f 1043 1044 1095
f 1043 1095 1094
f 1044 1045 1096
f 1044 1096 1095
f 1045 1046 1097
f 1045 1097 1096
f 1046 1047 1098
f 1046 1098 1097
f 1047 1048 1099
f 1047 1099 1098
f 1048 1049 1100
f 1048 1100 1099
f 1049 1050 1101
f 1049 1101 1100
f 1050 1051 1102
f 1050 1102 1101
f 1051 1052 1103
f 1051 1103 1102
f 1052 1053 1104
f 1052 1104 1103
f 1053 1054 1105
f 1053 1105 1104
f 1054 1055 1106
f 1054 1106 1105
f 1055 1056 1107
f 1055 1107 1106
f 1056 1057 1108
f 1056 1108 1107
f 1057 1058 1109
f 1057 1109 1108
f 1058 1059 1110
f 1058 1110 1109
f 1059 1060 1111
f 1059 1111 1110
f 1060 1061 1112
f 1060 1112 1111
f 1061 1062 1113
f 1061 1113 1112
f 1062 1063 1114
f 1062 1114 1113
f 1063 1064 1115
f 1063 1115 1114
f 1064 1065 1116
f 1064 1116 1115
f 1065 1066 1117
f 1065 1117 1116
f 1066 1067 1118
f 1066 1118 1117
f 1067 1068 1119
f 1067 1119 1118
f 1068 1069 1120
f 1068 1120 1119
f 1069 1070 1121
f 1069 1121 1120
f 1070 1071 1122
f 1070 1122 1121
f 1071 1021 1072
f 1071 1072 1122
f 1072 1073 1124
f 1072 1124 1123
f 1073 1074 1125
f 1073 1125 1124
f 1074 1075 1126
f 1074 1126 1125
f 1075 1076 1127
f 1075 1127 1126
f 1076 1077 1128
f 1076 1128 1127
f 1077 1078 1129
f 1077 1129 1128
f 1078 1079 1130
f 1078 1130 1129
f 1079 1080 1131
f 1079 1131 1130
f 1080 1081 1132
f 1080 1132 1131
f 1081 1082 1133
f 1081 1133 1132
f 1082 1083 1134
f 1082 1134 1133
f 1083 1084 1135
f 1083 1135 1134
f 1084 1085 1136
f 1084 1136 1135
f 1085 1086 1137
f 1085 1137 1136
f 1086 1087 1138
f 1086 1138 1137
f 1087 1088 1139
f 1087 1139 1138
f 1088 1089 1140
f 1088 1140 1139
f 1089 1090 1141
f 1089 1141 1140
f 1090 1091 1142
f 1090 1142 1141
f 1091 1092 1143
f 1091 1143 1142
f 1092 1093 1144
f 1092 1144 1143
f 1093 1094 1145
f 1093 1145 1144
f 1094 1095 1146
f 1094 1146 1145
f 1095 1096 1147
f 1095 1147 1146
f 1096 1097 1148
f 1096 1148 1147
f 1097 1098 1149
f 1097 1149 1148
f 1098 1099 1150
f 1098 1150 1149
f 1099 1100 1151
f 1099 1151 1150
f 1100 1101 1152
f 1100 1152 1151
f 1101 1102 1153
f 1101 1153 1152
f 1102 1103 1154
f 1102 1154 1153
f 1103 1104 1155
f 1103 1155 1154
f 1104 1105 1156
f 1104 1156 1155
f 1105 1106 1157
f 1105 1157 1156
f 1106 1107 1158
f 1106 1158 1157
f 1107 1108 1159
f 1107 1159 1158
f 1108 1109 1160
f 1108 1160 1159
f 1109 1110 1161
f 1109 1161 1160
f 1110 1111 1162
f 1110 1162 1161
f 1111 1112 1163
f 1111 1163 1162
f 1112 1113 1164
f 1112 1164 1163
f 1113 1114 1165
f 1113 1165 1164
f 1114 1115 1166
f 1114 1166 1165
f 1115 1116 1167
f 1115 1167 1166
f 1116 1117 1168
f 1116 1168 1167
f 1117 1118 1169
f 1117 1169 1168
f 1118 1119 1170
f 1118 1170 1169
f 1119 1120 1171
f 1119 1171 1170
f 1120 1121 1172
f 1120 1172 1171
f 1121 1122 1173
f 1121 1173 1172
f 1122 1072 1123
f 1122 1123 1173
f 1123 1124 1175
f 1123 1175 1174
f 1124 1125 1176
f 1124 1176 1175
f 1125 1126 1177
f 1125 1177 1176
f 1126 1127 1178
f 1126 1178 1177
f 1127 1128 1179
f 1127 1179 1178
f 1128 1129 1180
f 1128 1180 1179
f 1129 1130 1181
f 1129 1181 1180
f 1130 1131 1182
f 1130 1182 1181
f 1131 1132 1183
f 1131 1183 1182
f 1132 1133 1184
f 1132 1184 1183
f 1133 1134 1185
f 1133 1185 1184
f 1134 1135 1186
f 1134 1186 1185
f 1135 1136 1187
f 1135 1187 1186
f 1136 1137 1188
f 1136 1188 1187
f 1137 1138 1189
f 1137 1189 1188
f 1138 1139 1190
f 1138 1190 1189
f 1139 1140 1191
f 1139 1191 1190
f 1140 1141 1192
f 1140 1192 1191
f 1141 1142 1193
f 1141 1193 1192
f 1142 1143 1194
f 1142 1194 1193
f 1143 1144 1195
f 1143 1195 1194
f 1144 1145 1196
f 1144 1196 1195
f 1145 1146 1197
f 1145 1197 1196
f 1146 1147 1198
f 1146 1198 1197
f 1147 1148 1199
f 1147 1199 1198
f 1148 1149 1200
f 1148 1200 1199
f 1149 1150 1201
f 1149 1201 1200
f 1150 1151 1202
f 1150 1202 1201
f 1151 1152 1203
f 1151 1203 1202
f 1152 1153 1204
f 1152 1204 1203
f 1153 1154 1205
f 1153 1205 1204
f 1154 1155 1206
f 1154 1206 1205
f 1155 1156 1207
f 1155 1207 1206
f 1156 1157 1208
f 1156 1208 1207
f 1157 1158 1209
f 1157 1209 1208
f 1158 1159 1210
f 1158 1210 1209
f 1159 1160 1211
f 1159 1211 1210
f 1160 1161 1212
f 1160 1212 1211
f 1161 1162 1213
f 1161 1213 1212
f 1162 1163 1214
f 1162 1214 1213
f 1163 1164 1215
f 1163 1215 1214
f 1164 1165 1216
f 1164 1216 1215
f 1165 1166 1217
f 1165 1217 1216
f 1166 1167 1218
f 1166 1218 1217
f 1167 1168 1219
f 1167 1219 1218
f 1168 1169 1220
f 1168 1220 1219
f 1169 1170 1221
f 1169 1221 1220
f 1170 1171 1222
f 1170 1222 1221
f 1171 1172 1223
f 1171 1223 1222
f 1172 1173 1224
f 1172 1224 1223
f 1173 1123 1174
f 1173 1174 1224
f 1174 1175 1226
f 1174 1226 1225
f 1175 1176 1227
f 1175 1227 1226
f 1176 1177 1228
f 1176 1228 1227
f 1177 1178 1229
f 1177 1229 1228
f 1178 1179 1230
f 1178 1230 1229
f 1179 1180 1231
f 1179 1231 1230
f 1180 1181 1232
f 1180 1232 1231
f 1181 1182 1233
f 1181 1233 1232
f 1182 1183 1234
f 1182 1234 1233
f 1183 1184 1235
f 1183 1235 1234
f 1184 1185 1236
f 1184 1236 1235
f 1185 1186 1237
f 1185 1237 1236
f 1186 1187 1238
f 1186 1238 1237
f 1187 1188 1239
f 1187 1239 1238
f 1188 1189 1240
f 1188 1240 1239
f 1189 1190 1241
f 1189 1241 1240
f 1190 1191 1242
f 1190 1242 1241
f 1191 1192 1243
f 1191 1243 1242
f 1192 1193 1244
f 1192 1244 1243
f 1193 1194 1245
f 1193 1245 1244
f 1194 1195 1246
f 1194 1246 1245
f 1195 1196 1247
f 1195 1247 1246
f 1196 1197 1248
f 1196 1248 1247
f 1197 1198 1249
f 1197 1249 1248
f 1198 1199 1250
f 1198 1250 1249
f 1199 1200 1251
f 1199 1251 1250
f 1200 1201 1252
f 1200 1252 1251
f 1201 1202 1253
f 1201 1253 1252
f 1202 1203 1254
f 1202 1254 1253
f 1203 1204 1255
f 1203 1255 1254
f 1204 1205 1256
f 1204 1256 1255
f 1205 1206 1257
f 1205 1257 1256
f 1206 1207 1258
f 1206 1258 1257
f 1207 1208 1259
f 1207 1259 1258
f 1208 1209 1260
f 1208 1260 1259
f 1209 1210 1261
f 1209 1261 1260
f 1210 1211 1262
f 1210 1262 1261
f 1211 1212 1263
f 1211 1263 1262
f 1212 1213 1264
f 1212 1264 1263
f 1213 1214 1265
f 1213 1265 1264
f 1214 1215 1266
f 1214 1266 1265
f 1215 1216 1267
f 1215 1267 1266
f 1216 1217 1268
f 1216 1268 1267
f 1217 1218 1269
f 1217 1269 1268
f 1218 1219 1270
f 1218 1270 1269
f 1219 1220 1271
f 1219 1271 1270
f 1220 1221 1272
f 1220 1272 1271
f 1221 1222 1273
f 1221 1273 1272
f 1222 1223 1274
f 1222 1274 1273
f 1223 1224 1275
f 1223 1275 1274
f 1224 1174 1225
f 1224 1225 1275
f 1225 1226 1277
f 1225 1277 1276
f 1226 1227 1278
f 1226 1278 1277
f 1227 1228 1279
f 1227 1279 1278
f 1228 1229 1280
f 1228 1280 1279
f 1229 1230 1281
f 1229 1281 1280
f 1230 1231 1282
f 1230 1282 1281
f 1231 1232 1283
f 1231 1283 1282
f 1232 1233 1284
f 1232 1284 1283
f 1233 1234 1285
f 1233 1285 1284
f 1234 1235 1286
f 1234 1286 1285
f 1235 1236 1287
f 1235 1287 1286
f 1236 1237 1288
f 1236 1288 1287
f 1237 1238 1289
f 1237 1289 1288
f 1238 1239 1290
f 1238 1290 1289
f 1239 1240 1291
f 1239 1291 1290
f 1240 1241 1292
f 1240 1292 1291
f 1241 1242 1293
f 1241 1293 1292
f 1242 1243 1294
f 1242 1294 1293
f 1243 1244 1295
f 1243 1295 1294
f 1244 1245 1296
f 1244 1296 1295
f 1245 1246 1297
f 1245 1297 1296
f 1246 1247 1298
f 1246 1298 1297
f 1247 1248 1299
f 1247 1299 1298
f 1248 1249 1300
f 1248 1300 1299
f 1249 1250 1301
f 1249 1301 1300
f 1250 1251 1302
f 1250 1302 1301
f 1251 1252 1303
f 1251 1303 1302
f 1252 1253 1304
f 1252 1304 1303
f 1253 1254 1305
f 1253 1305 1304
f 1254 1255 1306
f 1254 1306 1305
f 1255 1256 1307
f 1255 1307 1306
f 1256 1257 1308
f 1256 1308 1307
f 1257 1258 1309
f 1257 1309 1308
f 1258 1259 1310
f 1258 1310 1309
f 1259 1260 1311
f 1259 1311 1310
f 1260 1261 1312
f 1260 1312 1311
f 1261 1262 1313
f 1261 1313 1312
f 1262 1263 1314
f 1262 1314 1313
f 1263 1264 1315
f 1263 1315 1314
f 1264 1265 1316
f 1264 1316 1315
f 1265 1266 1317
f 1265 1317 1316
f 1266 1267 1318
f 1266 1318 1317
f 1267 1268 1319
f 1267 1319 1318
f 1268 1269 1320
f 1268 1320 1319
f 1269 1270 1321
f 1269 1321 1320
f 1270 1271 1322
f 1270 1322 1321
f 1271 1272 1323
f 1271 1323 1322
f 1272 1273 1324
f 1272 1324 1323
f 1273 1274 1325
f 1273 1325 1324
f 1274 1275 1326
f 1274 1326 1325
f 1275 1225 1276
f 1275 1276 1326
f 1276 1277 1328
f 1276 1328 1327
f 1277 1278 1329
f 1277 1329 1328
f 1278 1279 1330
f 1278 1330 1329
f 1279 1280 1331
f 1279 1331 1330
f 1280 1281 1332
f 1280 1332 1331
f 1281 1282 1333
f 1281 1333 1332
f 1282 1283 1334
f 1282 1334 1333
f 1283 1284 1335
f 1283 1335 1334
f 1284 1285 1336
f 1284 1336 1335
f 1285 1286 1337
f 1285 1337 1336
f 1286 1287 1338
f 1286 1338 1337
f 1287 1288 1339
f 1287 1339 1338
f 1288 1289 1340
f 1288 1340 1339
f 1289 1290 1341
f 1289 1341 1340
f 1290 1291 1342
f 1290 1342 1341
f 1291 1292 1343
f 1291 1343 1342
f 1292 1293 1344
f 1292 1344 1343
f 1293 1294 1345
f 1293 1345 1344
f 1294 1295 1346
f 1294 1346 1345
f 1295 1296 1347
f 1295 1347 1346
f 1296 1297 1348
f 1296 1348 1347
f 1297 1298 1349
f 1297 1349 1348
f 1298 1299 1350
f 1298 1350 1349
f 1299 1300 1351
f 1299 1351 1350
f 1300 1301 1352
f 1300 1352 1351
f 1301 1302 1353
f 1301 1353 1352
f 1302 1303 1354
f 1302 1354 1353
f 1303 1304 1355
f 1303 1355 1354
f 1304 1305 1356
f 1304 1356 1355
f 1305 1306 1357
f 1305 1357 1356
f 1306 1307 1358
f 1306 1358 1357
f 1307 1308 1359
f 1307 1359 1358
f 1308 1309 1360
f 1308 1360 1359
f 1309 1310 1361
f 1309 1361 1360
f 1310 1311 1362
f 1310 1362 1361
f 1311 1312 1363
f 1311 1363 1362
f 1312 1313 1364
f 1312 1364 1363
f 1313 1314 1365
f 1313 1365 1364
f 1314 1315 1366
f 1314 1366 1365
f 1315 1316 1367
f 1315 1367 1366
f 1316 1317 1368
f 1316 1368 1367
f 1317 1318 1369
f 1317 1369 1368
f 1318 1319 1370
f 1318 1370 1369
f 1319 1320 1371
f 1319 1371 1370
f 1320 1321 1372
f 1320 1372 1371
f 1321 1322 1373
f 1321 1373 1372
f 1322 1323 1374
f 1322 1374 1373
f 1323 1324 1375
f 1323 1375 1374
f 1324 1325 1376
f 1324 1376 1375
f 1325 1326 1377
f 1325 1377 1376
f 1326 1276 1327
f 1326 1327 1377
f 1327 1328 1379
f 1327 1379 1378
f 1328 1329 1380
f 1328 1380 1379
f 1329 1330 1381
f 1329 1381 1380
f 1330 1331 1382
f 1330 1382 1381
f 1331 1332 1383
f 1331 1383 1382
f 1332 1333 1384
f 1332 1384 1383
f 1333 1334 1385
f 1333 1385 1384
f 1334 1335 1386
f 1334 1386 1385
f 1335 1336 1387
f 1335 1387 1386
f 1336 1337 1388
f 1336 1388 1387
f 1337 1338 1389
f 1337 1389 1388
f 1338 1339 1390
f 1338 1390 1389
f 1339 1340 1391
f 1339 1391 1390
f 1340 1341 1392
f 1340 1392 1391
f 1341 1342 1393
f 1341 1393 1392
f 1342 1343 1394
f 1342 1394 1393
f 1343 1344 1395
f 1343 1395 1394
f 1344 1345 1396
f 1344 1396 1395
f 1345 1346 1397
f 1345 1397 1396
f 1346 1347 1398
f 1346 1398 1397
f 1347 1348 1399
f 1347 1399 1398
f 1348 1349 1400
f 1348 1400 1399
f 1349 1350 1401
f 1349 1401 1400
f 1350 1351 1402
f 1350 1402 1401
f 1351 1352 1403
f 1351 1403 1402
f 1352 1353 1404
f 1352 1404 1403
f 1353 1354 1405
f 1353 1405 1404
f 1354 1355 1406
f 1354 1406 1405
f 1355 1356 1407
f 1355 1407 1406
f 1356 1357 1408
f 1356 1408 1407
f 1357 1358 1409
f 1357 1409 1408
f 1358 1359 1410
f 1358 1410 1409
f 1359 1360 1411
f 1359 1411 1410
f 1360 1361 1412
f 1360 1412 1411
f 1361 1362 1413
f 1361 1413 1412
f 1362 1363 1414
f 1362 1414 1413
f 1363 1364 1415
f 1363 1415 1414
f 1364 1365 1416
f 1364 1416 1415
f 1365 1366 1417
f 1365 1417 1416
f 1366 1367 1418
f 1366 1418 1417
f 1367 1368 1419
f 1367 1419 1418
f 1368 1369 1420
f 1368 1420 1419
f 1369 1370 1421
f 1369 1421 1420
f 1370 1371 1422
f 1370 1422 1421
f 1371 1372 1423
f 1371 1423 1422
f 1372 1373 1424
f 1372 1424 1423
f 1373 1374 1425
f 1373 1425 1424
f 1374 1375 1426
f 1374 1426 1425
f 1375 1376 1427
f 1375 1427 1426
f 1376 1377 1428
f 1376 1428 1427
f 1377 1327 1378
f 1377 1378 1428
f 1378 1379 1430
f 1378 1430 1429
f 1379 1380 1431
f 1379 1431 1430
f 1380 1381 1432
f 1380 1432 1431
f 1381 1382 1433
f 1381 1433 1432
f 1382 1383 1434
f 1382 1434 1433
f 1383 1384 1435
f 1383 1435 1434
f 1384 1385 1436
f 1384 1436 1435
f 1385 1386 1437
f 1385 1437 1436
f 1386 1387 1438
f 1386 1438 1437
f 1387 1388 1439
f 1387 1439 1438
f 1388 1389 1440
f 1388 1440 1439
f 1389 1390 1441
f 1389 1441 1440
f 1390 1391 1442
f 1390 1442 1441
f 1391 1392 1443
f 1391 1443 1442
f 1392 1393 1444
f 1392 1444 1443
f 1393 1394 1445
f 1393 1445 1444
f 1394 1395 1446
f 1394 1446 1445
f 1395 1396 1447
f 1395 1447 1446
f 1396 1397 1448
f 1396 1448 1447
f 1397 1398 1449
f 1397 1449 1448
f 1398 1399 1450
f 1398 1450 1449
f 1399 1400 1451
f 1399 1451 1450
f 1400 1401 1452
f 1400 1452 1451
f 1401 1402 1453
f 1401 1453 1452
f 1402 1403 1454
f 1402 1454 1453
f 1403 1404 1455
f 1403 1455 1454
f 1404 1405 1456
f 1404 1456 1455
f 1405 1406 1457
f 1405 1457 1456
f 1406 1407 1458
f 1406 1458 1457
f 1407 1408 1459
f 1407 1459 1458
f 1408 1409 1460
f 1408 1460 1459
f 1409 1410 1461
f 1409 1461 1460
f 1410 1411 1462
f 1410 1462 1461
f 1411 1412 1463
f 1411 1463 1462
f 1412 1413 1464
f 1412 1464 1463
f 1413 1414 1465
f 1413 1465 1464
f 1414 1415 1466
f 1414 1466 1465
f 1415 1416 1467
f 1415 1467 1466
f 1416 1417 1468
f 1416 1468 1467
f 1417 1418 1469
f 1417 1469 1468
f 1418 1419 1470
f 1418 1470 1469
f 1419 1420 1471
f 1419 1471 1470
f 1420 1421 1472
f 1420 1472 1471
f 1421 1422 1473
f 1421 1473 1472
f 1422 1423 1474
f 1422 1474 1473
f 1423 1424 1475
f 1423 1475 1474
f 1424 1425 1476
f 1424 1476 1475
f 1425 1426 1477
f 1425 1477 1476
f 1426 1427 1478
f 1426 1478 1477
f 1427 1428 1479
f 1427 1479 1478
f 1428 1378 1429
f 1428 1429 1479
f 1429 1430 1481
f 1429 1481 1480
f 1430 1431 1482
f 1430 1482 1481
f 1431 1432 1483
f 1431 1483 1482
f 1432 1433 1484
f 1432 1484 1483
f 1433 1434 1485
f 1433 1485 1484
f 1434 1435 1486
f 1434 1486 1485
f 1435 1436 1487
f 1435 1487 1486
f 1436 1437 1488
f 1436 1488 1487
f 1437 1438 1489
f 1437 1489 1488
f 1438 1439 1490
f 1438 1490 1489
f 1439 1440 1491
f 1439 1491 1490
f 1440 1441 1492
f 1440 1492 1491
f 1441 1442 1493
f 1441 1493 1492
f 1442 1443 1494
f 1442 1494 1493
f 1443 1444 1495
f 1443 1495 1494
f 1444 1445 1496
f 1444 1496 1495
f 1445 1446 1497
f 1445 1497 1496
f 1446 1447 1498
f 1446 1498 1497
f 1447 1448 1499
f 1447 1499 1498
f 1448 1449 1500
f 1448 1500 1499
f 1449 1450 1501
f 1449 1501 1500
f 1450 1451 1502
f 1450 1502 1501
f 1451 1452 1503
f 1451 1503 1502
f 1452 1453 1504
f 1452 1504 1503
f 1453 1454 1505
f 1453 1505 1504
f 1454 1455 1506
f 1454 1506 1505
f 1455 1456 1507
f 1455 1507 1506
f 1456 1457 1508
f 1456 1508 1507
f 1457 1458 1509
f 1457 1509 1508
f 1458 1459 1510
f 1458 1510 1509
f 1459 1460 1511
f 1459 1511 1510
f 1460 1461 1512
f 1460 1512 1511
f 1461 1462 1513
f 1461 1513 1512
f 1462 1463 1514
f 1462 1514 1513
f 1463 1464 1515
f 1463 1515 1514
f 1464 1465 1516
f 1464 1516 1515
f 1465 1466 1517
f 1465 1517 1516
f 1466 1467 1518
f 1466 1518 1517
f 1467 1468 1519
f 1467 1519 1518
f 1468 1469 1520
f 1468 1520 1519
f 1469 1470 1521
f 1469 1521 1520
f 1470 1471 1522
f 1470 1522 1521
f 1471 1472 1523
f 1471 1523 1522
f 1472 1473 1524
f 1472 1524 1523
f 1473 1474 1525
f 1473 1525 1524
f 1474 1475 1526
f 1474 1526 1525
f 1475 1476 1527
f 1475 1527 1526
f 1476 1477 1528
f 1476 1528 1527
f 1477 1478 1529
f 1477 1529 1528
f 1478 1479 1530
f 1478 1530 1529
f 1479 1429 1480
f 1479 1480 1530
f 1480 1481 1532
f 1480 1532 1531
f 1481 1482 1533
f 1481 1533 1532
f 1482 1483 1534
f 1482 1534 1533
f 1483 1484 1535
f 1483 1535 1534
f 1484 1485 1536
f 1484 1536 1535
f 1485 1486 1537
f 1485 1537 1536
f 1486 1487 1538
f 1486 1538 1537
f 1487 1488 1539
f 1487 1539 1538
f 1488 1489 1540
f 1488 1540 1539
f 1489 1490 1541
f 1489 1541 1540
f 1490 1491 1542
f 1490 1542 1541
f 1491 1492 1543
f 1491 1543 1542
f 1492 1493 1544
f 1492 1544 1543
f 1493 1494 1545
f 1493 1545 1544
f 1494 1495 1546
f 1494 1546 1545
f 1495 1496 1547
f 1495 1547 1546
f 1496 1497 1548
f 1496 1548 1547
f 1497 1498 1549
f 1497 1549 1548
f 1498 1499 1550
f 1498 1550 1549
f 1499 1500 1551
f 1499 1551 1550
f 1500 1501 1552
f 1500 1552 1551
f 1501 1502 1553
f 1501 1553 1552
f 1502 1503 1554
f 1502 1554 1553
f 1503 1504 1555
f 1503 1555 1554
f 1504 1505 1556
f 1504 1556 1555
f 1505 1506 1557
f 1505 1557 1556
f 1506 1507 1558
f 1506 1558 1557
f 1507 1508 1559
f 1507 1559 1558
f 1508 1509 1560
f 1508 1560 1559
f 1509 1510 1561
f 1509 1561 1560
f 1510 1511 1562
f 1510 1562 1561
f 1511 1512 1563
f 1511 1563 1562
f 1512 1513 1564
f 1512 1564 1563
f 1513 1514 1565
f 1513 1565 1564
f 1514 1515 1566
f 1514 1566 1565
f 1515 1516 1567
f 1515 1567 1566
f 1516 1517 1568
f 1516 1568 1567
f 1517 1518 1569
f 1517 1569 1568
f 1518 1519 1570
f 1518 1570 1569
f 1519 1520 1571
f 1519 1571 1570
f 1520 1521 1572
f 1520 1572 1571
f 1521 1522 1573
f 1521 1573 1572
f 1522 1523 1574
f 1522 1574 1573
f 1523 1524 1575
f 1523 1575 1574
f 1524 1525 1576
f 1524 1576 1575
f 1525 1526 1577
f 1525 1577 1576
f 1526 1527 1578
f 1526 1578 1577
f 1527 1528 1579
f 1527 1579 1578
f 1528 1529 1580
f 1528 1580 1579
f 1529 1530 1581
f 1529 1581 1580
f 1530 1480 1531
f 1530 1531 1581
f 1531 1532 1583
f 1531 1583 1582
f 1532 1533 1584
f 1532 1584 1583
f 1533 1534 1585
f 1533 1585 1584
f 1534 1535 1586
f 1534 1586 1585
f 1535 1536 1587
f 1535 1587 1586
f 1536 1537 1588
f 1536 1588 1587
f 1537 1538 1589
f 1537 1589 1588
f 1538 1539 1590
f 1538 1590 1589
f 1539 1540 1591
f 1539 1591 1590
f 1540 1541 1592
f 1540 1592 1591
f 1541 1542 1593
f 1541 1593 1592
f 1542 1543 1594
f 1542 1594 1593
f 1543 1544 1595
f 1543 1595 1594
f 1544 1545 1596
f 1544 1596 1595
f 1545 1546 1597
f 1545 1597 1596
f 1546 1547 1598
f 1546 1598 1597
f 1547 1548 1599
f 1547 1599 1598
f 1548 1549 1600
f 1548 1600 1599
f 1549 1550 1601
f 1549 1601 1600
f 1550 1551 1602
f 1550 1602 1601
f 1551 1552 1603
f 1551 1603 1602
f 1552 1553 1604
f 1552 1604 1603
f 1553 1554 1605
f 1553 1605 1604
f 1554 1555 1606
f 1554 1606 1605
f 1555 1556 1607
f 1555 1607 1606
f 1556 1557 1608
f 1556 1608 1607
f 1557 1558 1609
f 1557 1609 1608
f 1558 1559 1610
f 1558 1610 1609
f 1559 1560 1611
f 1559 1611 1610
f 1560 1561 1612
f 1560 1612 1611
f 1561 1562 1613
f 1561 1613 1612
f 1562 1563 1614
f 1562 1614 1613
f 1563 1564 1615
f 1563 1615 1614
f 1564 1565 1616
f 1564 1616 1615
f 1565 1566 1617
f 1565 1617 1616
f 1566 1567 1618
f 1566 1618 1617
f 1567 1568 1619
f 1567 1619 1618
f 1568 1569 1620
f 1568 1620 1619
f 1569 1570 1621
f 1569 1621 1620
f 1570 1571 1622
f 1570 1622 1621
f 1571 1572 1623
f 1571 1623 1622
f 1572 1573 1624
f 1572 1624 1623
f 1573 1574 1625
f 1573 1625 1624
f 1574 1575 1626
f 1574 1626 1625
f 1575 1576 1627
f 1575 1627 1626
f 1576 1577 1628
f 1576 1628 1627
f 1577 1578 1629
f 1577 1629 1628
f 1578 1579 1630
f 1578 1630 1629
f 1579 1580 1631
f 1579 1631 1630
f 1580 1581 1632
f 1580 1632 1631
f 1581 1531 1582
f 1581 1582 1632
f 1582 1583 1634
f 1582 1634 1633
f 1583 1584 1635
f 1583 1635 1634
f 1584 1585 1636
f 1584 1636 1635
f 1585 1586 1637
f 1585 1637 1636
f 1586 1587 1638
f 1586 1638 1637
f 1587 1588 1639
f 1587 1639 1638
f 1588 1589 1640
f 1588 1640 1639
f 1589 1590 1641
f 1589 1641 1640
f 1590 1591 1642
f 1590 1642 1641
f 1591 1592 1643
f 1591 1643 1642
f 1592 1593 1644
f 1592 1644 1643
f 1593 1594 1645
f 1593 1645 1644
f 1594 1595 1646
f 1594 1646 1645
f 1595 1596 1647
f 1595 1647 1646
f 1596 1597 1648
f 1596 1648 1647
f 1597 1598 1649
f 1597 1649 1648
f 1598 1599 1650
f 1598 1650 1649
f 1599 1600 1651
f 1599 1651 1650
f 1600 1601 1652
f 1600 1652 1651
f 1601 1602 1653
f 1601 1653 1652
f 1602 1603 1654
f 1602 1654 1653
f 1603 1604 1655
f 1603 1655 1654
f 1604 1605 1656
f 1604 1656 1655
f 1605 1606 1657
f 1605 1657 1656
f 1606 1607 1658
f 1606 1658 1657
f 1607 1608 1659
f 1607 1659 1658
f 1608 1609 1660
f 1608 1660 1659
f 1609 1610 1661
f 1609 1661 1660
f 1610 1611 1662
f 1610 1662 1661
f 1611 1612 1663
f 1611 1663 1662
f 1612 1613 1664
f 1612 1664 1663
f 1613 1614 1665
f 1613 1665 1664
f 1614 1615 1666
f 1614 1666 1665
f 1615 1616 1667
f 1615 1667 1666
f 1616 1617 1668
f 1616 1668 1667
f 1617 1618 1669
f 1617 1669 1668
f 1618 1619 1670
f 1618 1670 1669
f 1619 1620 1671
f 1619 1671 1670
f 1620 1621 1672
f 1620 1672 1671
f 1621 1622 1673
f 1621 1673 1672
f 1622 1623 1674
f 1622 1674 1673
f 1623 1624 1675
f 1623 1675 1674
f 1624 1625 1676
f 1624 1676 1675
f 1625 1626 1677
f 1625 1677 1676
f 1626 1627 1678
f 1626 1678 1677
f 1627 1628 1679
f 1627 1679 1678
f 1628 1629 1680
f 1628 1680 1679
f 1629 1630 1681
f 1629 1681 1680
f 1630 1631 1682
f 1630 1682 1681
f 1631 1632 1683
f 1631 1683 1682
f 1632 1582 1633
f 1632 1633 1683
f 1684 2 1
f 1684 3 2
f 1684 4 3
f 1684 5 4
f 1684 6 5
f 1684 7 6
f 1684 8 7
f 1684 9 8
f 1684 10 9
f 1684 11 10
f 1684 12 11
f 1684 13 12
f 1684 14 13
f 1684 15 14
f 1684 16 15
f 1684 17 16
f 1684 18 17
f 1684 19 18
f 1684 20 19
f 1684 21 20
f 1684 22 21
f 1684 23 22
f 1684 24 23
f 1684 25 24
f 1684 26 25
f 1684 27 26
f 1684 28 27
f 1684 29 28
f 1684 30 29
f 1684 31 30
f 1684 32 31
f 1684 33 32
f 1684 34 33
f 1684 35 34
f 1684 36 35
f 1684 37 36
f 1684 38 37
f 1684 39 38
f 1684 40 39
f 1684 41 40
f 1684 42 41
f 1684 43 42
f 1684 44 43
f 1684 45 44
f 1684 46 45
f 1684 47 46
f 1684 48 47
f 1684 49 48
f 1684 50 49
f 1684 51 50
f 1684 1 51
f 1685 1633 1634
f 1685 1634 1635
f 1685 1635 1636
f 1685 1636 1637
f 1685 1637 1638
f 1685 1638 1639
f 1685 1639 1640
f 1685 1640 1641
f 1685 1641 1642
f 1685 1642 1643
f 1685 1643 1644
f 1685 1644 1645
f 1685 1645 1646
f 1685 1646 1647
f 1685 1647 1648
f 1685 1648 1649
f 1685 1649 1650
f 1685 1650 1651
f 1685 1651 1652
f 1685 1652 1653
f 1685 1653 1654
f 1685 1654 1655
f 1685 1655 1656
f 1685 1656 1657
f 1685 1657 1658
f 1685 1658 1659
f 1685 1659 1660
f 1685 1660 1661
f 1685 1661 1662
f 1685 1662 1663
f 1685 1663 1664
f 1685 1664 1665
f 1685 1665 1666
f 1685 1666 1667
f 1685 1667 1668
f 1685 1668 1669
f 1685 1669 1670
f 1685 1670 1671
f 1685 1671 1672
f 1685 1672 1673
f 1685 1673 1674
f 1685 1674 1675
f 1685 1675 1676
f 1685 1676 1677
f 1685 1677 1678
f 1685 1678 1679
f 1685 1679 1680
f 1685 1680 1681
f 1685 1681 1682
f 1685 1682 1683
f 1685 1683 1633
f 1686 1687 1738
f 1686 1738 1737
f 1687 1688 1739
f 1687 1739 1738
f 1688 1689 1740
f 1688 1740 1739
f 1689 1690 1741
f 1689 1741 1740
f 1690 1691 1742
f 1690 1742 1741
f 1691 1692 1743
f 1691 1743 1742
f 1692 1693 1744
f 1692 1744 1743
f 1693 1694 1745
f 1693 1745 1744
f 1694 1695 1746
f 1694 1746 1745
f 1695 1696 1747
f 1695 1747 1746
f 1696 1697 1748
f 1696 1748 1747
f 1697 1698 1749
f 1697 1749 1748
f 1698 1699 1750
f 1698 1750 1749
f 1699 1700 1751
f 1699 1751 1750
f 1700 1701 1752
f 1700 1752 1751
f 1701 1702 1753
f 1701 1753 1752
f 1702 1703 1754
f 1702 1754 1753
f 1703 1704 1755
f 1703 1755 1754
f 1704 1705 1756
f 1704 1756 1755
f 1705 1706 1757
f 1705 1757 1756
f 1706 1707 1758
f 1706 1758 1757
f 1707 1708 1759
f 1707 1759 1758
f 1708 1709 1760
f 1708 1760 1759
f 1709 1710 1761
f 1709 1761 1760
f 1710 1711 1762
f 1710 1762 1761
f 1711 1712 1763
f 1711 1763 1762
f 1712 1713 1764
f 1712 1764 1763
f 1713 1714 1765
f 1713 1765 1764
f 1714 1715 1766
f 1714 1766 1765
f 1715 1716 1767
f 1715 1767 1766
f 1716 1717 1768
f 1716 1768 1767
f 1717 1718 1769
f 1717 1769 1768
f 1718 1719 1770
f 1718 1770 1769
f 1719 1720 1771
f 1719 1771 1770
f 1720 1721 1772
f 1720 1772 1771
f 1721 1722 1773
f 1721 1773 1772
f 1722 1723 1774
f 1722 1774 1773
f 1723 1724 1775
f 1723 1775 1774
f 1724 1725 1776
f 1724 1776 1775
f 1725 1726 1777
f 1725 1777 1776
f 1726 1727 1778
f 1726 1778 1777
f 1727 1728 1779
f 1727 1779 1778
f 1728 1729 1780
f 1728 1780 1779
f 1729 1730 1781
f 1729 1781 1780
f 1730 1731 1782
f 1730 1782 1781
f 1731 1732 1783
f 1731 1783 1782
f 1732 1733 1784
f 1732 1784 1783
f 1733 1734 1785
f 1733 1785 1784
f 1734 1735 1786
f 1734 1786 1785
f 1735 1736 1787
f 1735 1787 1786
f 1736 1686 1737
f 1736 1737 1787
f 1737 1738 1789
f 1737 1789 1788
f 1738 1739 1790
f 1738 1790 1789
f 1739 1740 1791
f 1739 1791 1790
f 1740 1741 1792
f 1740 1792 1791
f 1741 1742 1793
f 1741 1793 1792
f 1742 1743 1794
f 1742 1794 1793
f 1743 1744 1795
f 1743 1795 1794
f 1744 1745 1796
f 1744 1796 1795
f 1745 1746 1797
f 1745 1797 1796
f 1746 1747 1798
f 1746 1798 1797
f 1747 1748 1799
f 1747 1799 1798
f 1748 1749 1800
f 1748 1800 1799
f 1749 1750 1801
f 1749 1801 1800
f 1750 1751 1802
f 1750 1802 1801
f 1751 1752 1803
f 1751 1803 1802
f 1752 1753 1804
f 1752 1804 1803
f 1753 1754 1805
f 1753 1805 1804
f 1754 1755 1806
f 1754 1806 1805
f 1755 1756 1807
f 1755 1807 1806
f 1756 1757 1808
f 1756 1808 1807
f 1757 1758 1809
f 1757 1809 1808
f 1758 1759 1810
f 1758 1810 1809
f 1759 1760 1811
f 1759 1811 1810
f 1760 1761 1812
f 1760 1812 1811
f 1761 1762 1813
f 1761 1813 1812
f 1762 1763 1814
f 1762 1814 1813
f 1763 1764 1815
f 1763 1815 1814
f 1764 1765 1816
f 1764 1816 1815
f 1765 1766 1817
f 1765 1817 1816
f 1766 1767 1818
f 1766 1818 1817
f 1767 1768 1819
f 1767 1819 1818
f 1768 1769 1820
f 1768 1820 1819
f 1769 1770 1821
f 1769 1821 1820
f 1770 1771 1822
f 1770 1822 1821
f 1771 1772 1823
f 1771 1823 1822
f 1772 1773 1824
f 1772 1824 1823
f 1773 1774 1825
f 1773 1825 1824
f 1774 1775 1826
f 1774 1826 1825
f 1775 1776 1827
f 1775 1827 1826
f 1776 1777 1828
f 1776 1828 1827
f 1777 1778 1829
f 1777 1829 1828
f 1778 1779 1830
f 1778 1830 1829
f 1779 1780 1831
f 1779 1831 1830
f 1780 1781 1832
f 1780 1832 1831
f 1781 1782 1833
f 1781 1833 1832
f 1782 1783 1834
f 1782 1834 1833
f 1783 1784 1835
f 1783 1835 1834
f 1784 1785 1836
f 1784 1836 1835
f 1785 1786 1837
f 1785 1837 1836
f 1786 1787 1838
f 1786 1838 1837
f 1787 1737 1788
f 1787 1788 1838
f 1788 1789 1840
f 1788 1840 1839
f 1789 1790 1841
f 1789 1841 1840
f 1790 1791 1842
f 1790 1842 1841
f 1791 1792 1843
f 1791 1843 1842
f 1792 1793 1844
f 1792 1844 1843
f 1793 1794 1845
f 1793 1845 1844
f 1794 1795 1846
f 1794 1846 1845
f 1795 1796 1847
f 1795 1847 1846
f 1796 1797 1848
f 1796 1848 1847
f 1797 1798 1849
f 1797 1849 1848
f 1798 1799 1850
f 1798 1850 1849
f 1799 1800 1851
f 1799 1851 1850
f 1800 1801 1852
f 1800 1852 1851
f 1801 1802 1853
f 1801 1853 1852
f 1802 1803 1854
f 1802 1854 1853
f 1803 1804 1855
f 1803 1855 1854
f 1804 1805 1856
f 1804 1856 1855
f 1805 1806 1857
f 1805 1857 1856
f 1806 1807 1858
f 1806 1858 1857
f 1807 1808 1859
f 1807 1859 1858
f 1808 1809 1860
f 1808 1860 1859
f 1809 1810 1861
f 1809 1861 1860
f 1810 1811 1862
f 1810 1862 1861
f 1811 1812 1863
f 1811 1863 1862
f 1812 1813 1864
f 1812 1864 1863
f 1813 1814 1865
f 1813 1865 1864
f 1814 1815 1866
f 1814 1866 1865
f 1815 1816 1867
f 1815 1867 1866
f 1816 1817 1868
f 1816 1868 1867
f 1817 1818 1869
f 1817 1869 1868
f 1818 1819 1870
f 1818 1870 1869
f 1819 1820 1871
f 1819 1871 1870
f 1820 1821 1872
f 1820 1872 1871
f 1821 1822 1873
f 1821 1873 1872
f 1822 1823 1874
f 1822 1874 1873
f 1823 1824 1875
f 1823 1875 1874
f 1824 1825 1876
f 1824 1876 1875
f 1825 1826 1877
f 1825 1877 1876
f 1826 1827 1878
f 1826 1878 1877
f 1827 1828 1879
f 1827 1879 1878
f 1828 1829 1880
f 1828 1880 1879
f 1829 1830 1881
f 1829 1881 1880
f 1830 1831 1882
f 1830 1882 1881
f 1831 1832 1883
f 1831 1883 1882
f 1832 1833 1884
f 1832 1884 1883
f 1833 1834 1885
f 1833 1885 1884
f 1834 1835 1886
f 1834 1886 1885
f 1835 1836 1887
f 1835 1887 1886
f 1836 1837 1888
f 1836 1888 1887
f 1837 1838 1889
f 1837 1889 1888
f 1838 1788 1839
f 1838 1839 1889
f 1839 1840 1891
f 1839 1891 1890
f 1840 1841 1892
f 1840 1892 1891
f 1841 1842 1893
f 1841 1893 1892
f 1842 1843 1894
f 1842 1894 1893
f 1843 1844 1895
f 1843 1895 1894
f 1844 1845 1896
f 1844 1896 1895
f 1845 1846 1897
f 1845 1897 1896
f 1846 1847 1898
f 1846 1898 1897
f 1847 1848 1899
f 1847 1899 1898
f 1848 1849 1900
f 1848 1900 1899
f 1849 1850 1901
f 1849 1901 1900
f 1850 1851 1902
f 1850 1902 1901
f 1851 1852 1903
f 1851 1903 1902
f 1852 1853 1904
f 1852 1904 1903
f 1853 1854 1905
f 1853 1905 1904
f 1854 1855 1906
f 1854 1906 1905
f 1855 1856 1907
f 1855 1907 1906
f 1856 1857 1908
f 1856 1908 1907
f 1857 1858 1909
f 1857 1909 1908
f 1858 1859 1910
f 1858 1910 1909
f 1859 1860 1911
f 1859 1911 1910
f 1860 1861 1912
f 1860 1912 1911
f 1861 1862 1913
f 1861 1913 1912
f 1862 1863 1914
f 1862 1914 1913
f 1863 1864 1915
f 1863 1915 1914
f 1864 1865 1916
f 1864 1916 1915
f 1865 1866 1917
f 1865 1917 1916
f 1866 1867 1918
f 1866 1918 1917
f 1867 1868 1919
f 1867 1919 1918
f 1868 1869 1920
f 1868 1920 1919
f 1869 1870 1921
f 1869 1921 1920
f 1870 1871 1922
f 1870 1922 1921
f 1871 1872 1923
f 1871 1923 1922
f 1872 1873 1924
f 1872 1924 1923
f 1873 1874 1925
f 1873 1925 1924
f 1874 1875 1926
f 1874 1926 1925
f 1875 1876 1927
f 1875 1927 1926
f 1876 1877 1928
f 1876 1928 1927
f 1877 1878 1929
f 1877 1929 1928
f 1878 1879 1930
f 1878 1930 1929
f 1879 1880 1931
f 1879 1931 1930
f 1880 1881 1932
f 1880 1932 1931
f 1881 1882 1933
f 1881 1933 1932
f 1882 1883 1934
f 1882 1934 1933
f 1883 1884 1935
f 1883 1935 1934
f 1884 1885 1936
f 1884 1936 1935
f 1885 1886 1937
f 1885 1937 1936
f 1886 1887 1938
f 1886 1938 1937
f 1887 1888 1939
f 1887 1939 1938
f 1888 1889 1940
f 1888 1940 1939
f 1889 1839 1890
f 1889 1890 1940
f 1890 1891 1942
f 1890 1942 1941
f 1891 1892 1943
f 1891 1943 1942
f 1892 1893 1944
f 1892 1944 1943
f 1893 1894 1945
f 1893 1945 1944
f 1894 1895 1946
f 1894 1946 1945
f 1895 1896 1947
f 1895 1947 1946
f 1896 1897 1948
f 1896 1948 1947
f 1897 1898 1949
f 1897 1949 1948
f 1898 1899 1950
f 1898 1950 1949
f 1899 1900 1951
f 1899 1951 1950
f 1900 1901 1952
f 1900 1952 1951
f 1901 1902 1953
f 1901 1953 1952
f 1902 1903 1954
f 1902 1954 1953
f 1903 1904 1955
f 1903 1955 1954
f 1904 1905 1956
f 1904 1956 1955
f 1905 1906 1957
f 1905 1957 1956
f 1906 1907 1958
f 1906 1958 1957
f 1907 1908 1959
f 1907 1959 1958
f 1908 1909 1960
f 1908 1960 1959
f 1909 1910 1961
f 1909 1961 1960
f 1910 1911 1962
f 1910 1962 1961
f 1911 1912 1963
f 1911 1963 1962
f 1912 1913 1964
f 1912 1964 1963
f 1913 1914 1965
f 1913 1965 1964
f 1914 1915 1966
f 1914 1966 1965
f 1915 1916 1967
f 1915 1967 1966
f 1916 1917 1968
f 1916 1968 1967
f 1917 1918 1969
f 1917 1969 1968
f 1918 1919 1970
f 1918 1970 1969
f 1919 1920 1971
f 1919 1971 1970
f 1920 1921 1972
f 1920 1972 1971
f 1921 1922 1973
f 1921 1973 1972
f 1922 1923 1974
f 1922 1974 1973
f 1923 1924 1975
f 1923 1975 1974
f 1924 1925 1976
f 1924 1976 1975
f 1925 1926 1977
f 1925 1977 1976
f 1926 1927 1978
f 1926 1978 1977
f 1927 1928 1979
f 1927 1979 1978
f 1928 1929 1980
f 1928 1980 1979
f 1929 1930 1981
f 1929 1981 1980
f 1930 1931 1982
f 1930 1982 1981
f 1931 1932 1983
f 1931 1983 1982
f 1932 1933 1984
f 1932 1984 1983
f 1933 1934 1985
f 1933 1985 1984
f 1934 1935 1986
f 1934 1986 1985
f 1935 1936 1987
f 1935 1987 1986
f 1936 1937 1988
f 1936 1988 1987
f 1937 1938 1989
f 1937 1989 1988
f 1938 1939 1990
f 1938 1990 1989
f 1939 1940 1991
f 1939 1991 1990
f 1940 1890 1941
f 1940 1941 1991
f 1941 1942 1993
f 1941 1993 1992
f 1942 1943 1994
f 1942 1994 1993
f 1943 1944 1995
f 1943 1995 1994
f 1944 1945 1996
f 1944 1996 1995
f 1945 1946 1997
f 1945 1997 1996
f 1946 1947 1998
f 1946 1998 1997
f 1947 1948 1999
f 1947 1999 1998
f 1948 1949 2000
f 1948 2000 1999
f 1949 1950 2001
f 1949 2001 2000
f 1950 1951 2002
f 1950 2002 2001
f 1951 1952 2003
f 1951 2003 2002
f 1952 1953 2004
f 1952 2004 2003
f 1953 1954 2005
f 1953 2005 2004
f 1954 1955 2006
f 1954 2006 2005
f 1955 1956 2007
f 1955 2007 2006
f 1956 1957 2008
f 1956 2008 2007
f 1957 1958 2009
f 1957 2009 2008
f 1958 1959 2010
f 1958 2010 2009
f 1959 1960 2011
f 1959 2011 2010
f 1960 1961 2012
f 1960 2012 2011
f 1961 1962 2013
f 1961 2013 2012
f 1962 1963 2014
f 1962 2014 2013
f 1963 1964 2015
f 1963 2015 2014
f 1964 1965 2016
f 1964 2016 2015
f 1965 1966 2017
f 1965 2017 2016
f 1966 1967 2018
f 1966 2018 2017
f 1967 1968 2019
f 1967 2019 2018
f 1968 1969 2020
f 1968 2020 2019
f 1969 1970 2021
f 1969 2021 2020
f 1970 1971 2022
f 1970 2022 2021
f 1971 1972 2023
f 1971 2023 2022
f 1972 1973 2024
f 1972 2024 2023
f 1973 1974 2025
f 1973 2025 2024
f 1974 1975 2026
f 1974 2026 2025
f 1975 1976 2027
f 1975 2027 2026
f 1976 1977 2028
f 1976 2028 2027
f 1977 1978 2029
f 1977 2029 2028
f 1978 1979 2030
f 1978 2030 2029
f 1979 1980 2031
f 1979 2031 2030
f 1980 1981 2032
f 1980 2032 2031
f 1981 1982 2033
f 1981 2033 2032
f 1982 1983 2034
f 1982 2034 2033
f 1983 1984 2035
f 1983 2035 2034
f 1984 1985 2036
f 1984 2036 2035
f 1985 1986 2037
f 1985 2037 2036
f 1986 1987 2038
f 1986 2038 2037
f 1987 1988 2039
f 1987 2039 2038
f 1988 1989 2040
f 1988 2040 2039
f 1989 1990 2041
f 1989 2041 2040
f 1990 1991 2042
f 1990 2042 2041
f 1991 1941 1992
f 1991 1992 2042
f 1992 1993 2044
f 1992 2044 2043
f 1993 1994 2045
f 1993 2045 2044
f 1994 1995 2046
f 1994 2046 2045
f 1995 1996 2047
f 1995 2047 2046
f 1996 1997 2048
f 1996 2048 2047
f 1997 1998 2049
f 1997 2049 2048
f 1998 1999 2050
f 1998 2050 2049
f 1999 2000 2051
f 1999 2051 2050
f 2000 2001 2052
f 2000 2052 2051
f 2001 2002 2053
f 2001 2053 2052
f 2002 2003 2054
f 2002 2054 2053
f 2003 2004 2055
f 2003 2055 2054
f 2004 2005 2056
f 2004 2056 2055
f 2005 2006 2057
f 2005 2057 2056
f 2006 2007 2058
f 2006 2058 2057
f 2007 2008 2059
f 2007 2059 2058
f 2008 2009 2060
f 2008 2060 2059
f 2009 2010 2061
f 2009 2061 2060
f 2010 2011 2062
f 2010 2062 2061
f 2011 2012 2063
f 2011 2063 2062
f 2012 2013 2064
f 2012 2064 2063
f 2013 2014 2065
f 2013 2065 2064
f 2014 2015 2066
f 2014 2066 2065
f 2015 2016 2067
f 2015 2067 2066
f 2016 2017 2068
f 2016 2068 2067
f 2017 2018 2069
f 2017 2069 2068
f 2018 2019 2070
f 2018 2070 2069
f 2019 2020 2071
f 2019 2071 2070
f 2020 2021 2072
f 2020 2072 2071
f 2021 2022 2073
f 2021 2073 2072
f 2022 2023 2074
f 2022 2074 2073
f 2023 2024 2075
f 2023 2075 2074
f 2024 2025 2076
f 2024 2076 2075
f 2025 2026 2077
f 2025 2077 2076
f 2026 2027 2078
f 2026 2078 2077
f 2027 2028 2079
f 2027 2079 2078
f 2028 2029 2080
f 2028 2080 2079
f 2029 2030 2081
f 2029 2081 2080
f 2030 2031 2082
f 2030 2082 2081
f 2031 2032 2083
f 2031 2083 2082
f 2032 2033 2084
f 2032 2084 2083
f 2033 2034 2085
f 2033 2085 2084
f 2034 2035 2086
f 2034 2086 2085
f 2035 2036 2087
f 2035 2087 2086
f 2036 2037 2088
f 2036 2088 2087
f 2037 2038 2089
f 2037 2089 2088
f 2038 2039 2090
f 2038 2090 2089
f 2039 2040 2091
f 2039 2091 2090
f 2040 2041 2092
f 2040 2092 2091
f 2041 2042 2093
f 2041 2093 2092
f 2042 1992 2043
f 2042 2043 2093
f 2043 2044 2095
f 2043 2095 2094
f 2044 2045 2096
f 2044 2096 2095
f 2045 2046 2097
f 2045 2097 2096
f 2046 2047 2098
f 2046 2098 2097
f 2047 2048 2099
f 2047 2099 2098
f 2048 2049 2100
f 2048 2100 2099
f 2049 2050 2101
f 2049 2101 2100
f 2050 2051 2102
f 2050 2102 2101
f 2051 2052 2103
f 2051 2103 2102
f 2052 2053 2104
f 2052 2104 2103
f 2053 2054 2105
f 2053 2105 2104
f 2054 2055 2106
f 2054 2106 2105
f 2055 2056 2107
f 2055 2107 2106
f 2056 2057 2108
f 2056 2108 2107
f 2057 2058 2109
f 2057 2109 2108
f 2058 2059 2110
f 2058 2110 2109
f 2059 2060 2111
f 2059 2111 2110
f 2060 2061 2112
f 2060 2112 2111
f 2061 2062 2113
f 2061 2113 2112
f 2062 2063 2114
f 2062 2114 2113
f 2063 2064 2115
f 2063 2115 2114
f 2064 2065 2116
f 2064 2116 2115
f 2065 2066 2117
f 2065 2117 2116
f 2066 2067 2118
f 2066 2118 2117
f 2067 2068 2119
f 2067 2119 2118
f 2068 2069 2120
f 2068 2120 2119
f 2069 2070 2121
f 2069 2121 2120
f 2070 2071 2122
f 2070 2122 2121
f 2071 2072 2123
f 2071 2123 2122
f 2072 2073 2124
f 2072 2124 2123
f 2073 2074 2125
f 2073 2125 2124
f 2074 2075 2126
f 2074 2126 2125
f 2075 2076 2127
f 2075 2127 2126
f 2076 2077 2128
f 2076 2128 2127
f 2077 2078 2129
f 2077 2129 2128
f 2078 2079 2130
f 2078 2130 2129
f 2079 2080 2131
f 2079 2131 2130
f 2080 2081 2132
f 2080 2132 2131
f 2081 2082 2133
f 2081 2133 2132
f 2082 2083 2134
f 2082 2134 2133
f 2083 2084 2135
f 2083 2135 2134
f 2084 2085 2136
f 2084 2136 2135
f 2085 2086 2137
f 2085 2137 2136
f 2086 2087 2138
f 2086 2138 2137
f 2087 2088 2139
f 2087 2139 2138
f 2088 2089 2140
f 2088 2140 2139
f 2089 2090 2141
f 2089 2141 2140
f 2090 2091 2142
f 2090 2142 2141
f 2091 2092 2143
f 2091 2143 2142
f 2092 2093 2144
f 2092 2144 2143
f 2093 2043 2094
f 2093 2094 2144
f 2094 2095 2146
f 2094 2146 2145
f 2095 2096 2147
f 2095 2147 2146
f 2096 2097 2148
f 2096 2148 2147
f 2097 2098 2149
f 2097 2149 2148
f 2098 2099 2150
f 2098 2150 2149
f 2099 2100 2151
f 2099 2151 2150
f 2100 2101 2152
f 2100 2152 2151
f 2101 2102 2153
f 2101 2153 2152
f 2102 2103 2154
f 2102 2154 2153
f 2103 2104 2155
f 2103 2155 2154
f 2104 2105 2156
f 2104 2156 2155
f 2105 2106 2157
f 2105 2157 2156
f 2106 2107 2158
f 2106 2158 2157
f 2107 2108 2159
f 2107 2159 2158
f 2108 2109 2160
f 2108 2160 2159
f 2109 2110 2161
f 2109 2161 2160
f 2110 2111 2162
f 2110 2162 2161
f 2111 2112 2163
f 2111 2163 2162
f 2112 2113 2164
f 2112 2164 2163
f 2113 2114 2165
f 2113 2165 2164
f 2114 2115 2166
f 2114 2166 2165
f 2115 2116 2167
f 2115 2167 2166
f 2116 2117 2168
f 2116 2168 2167
f 2117 2118 2169
f 2117 2169 2168
f 2118 2119 2170
f 2118 2170 2169
f 2119 2120 2171
f 2119 2171 2170
f 2120 2121 2172
f 2120 2172 2171
f 2121 2122 2173
f 2121 2173 2172
f 2122 2123 2174
f 2122 2174 2173
f 2123 2124 2175
f 2123 2175 2174
f 2124 2125 2176
f 2124 2176 2175
f 2125 2126 2177
f 2125 2177 2176
f 2126 2127 2178
f 2126 2178 2177
f 2127 2128 2179
f 2127 2179 2178
f 2128 2129 2180
f 2128 2180 2179
f 2129 2130 2181
f 2129 2181 2180
f 2130 2131 2182
f 2130 2182 2181
f 2131 2132 2183
f 2131 2183 2182
f 2132 2133 2184
f 2132 2184 2183
f 2133 2134 2185
f 2133 2185 2184
f 2134 2135 2186
f 2134 2186 2185
f 2135 2136 2187
f 2135 2187 2186
f 2136 2137 2188
f 2136 2188 2187
f 2137 2138 2189
f 2137 2189 2188
f 2138 2139 2190
f 2138 2190 2189
f 2139 2140 2191
f 2139 2191 2190
f 2140 2141 2192
f 2140 2192 2191
f 2141 2142 2193
f 2141 2193 2192
f 2142 2143 2194
f 2142 2194 2193
f 2143 2144 2195
f 2143 2195 2194
f 2144 2094 2145
f 2144 2145 2195
f 2145 2146 2197
f 2145 2197 2196
f 2146 2147 2198
f 2146 2198 2197
f 2147 2148 2199
f 2147 2199 2198
f 2148 2149 2200
f 2148 2200 2199
f 2149 2150 2201
f 2149 2201 2200
f 2150 2151 2202
f 2150 2202 2201
f 2151 2152 2203
f 2151 2203 2202
f 2152 2153 2204
f 2152 2204 2203
f 2153 2154 2205
f 2153 2205 2204
f 2154 2155 2206
f 2154 2206 2205
f 2155 2156 2207
f 2155 2207 2206
f 2156 2157 2208
f 2156 2208 2207
f 2157 2158 2209
f 2157 2209 2208
f 2158 2159 2210
f 2158 2210 2209
f 2159 2160 2211
f 2159 2211 2210
f 2160 2161 2212
f 2160 2212 2211
f 2161 2162 2213
f 2161 2213 2212
f 2162 2163 2214
f 2162 2214 2213
f 2163 2164 2215
f 2163 2215 2214
f 2164 2165 2216
f 2164 2216 2215
f 2165 2166 2217
f 2165 2217 2216
f 2166 2167 2218
f 2166 2218 2217
f 2167 2168 2219
f 2167 2219 2218
f 2168 2169 2220
f 2168 2220 2219
f 2169 2170 2221
f 2169 2221 2220
f 2170 2171 2222
f 2170 2222 2221
f 2171 2172 2223
f 2171 2223 2222
f 2172 2173 2224
f 2172 2224 2223
f 2173 2174 2225
f 2173 2225 2224
f 2174 2175 2226
f 2174 2226 2225
f 2175 2176 2227
f 2175 2227 2226
f 2176 2177 2228
f 2176 2228 2227
f 2177 2178 2229
f 2177 2229 2228
f 2178 2179 2230
f 2178 2230 2229
f 2179 2180 2231
f 2179 2231 2230
f 2180 2181 2232
f 2180 2232 2231
f 2181 2182 2233
f 2181 2233 2232
f 2182 2183 2234
f 2182 2234 2233
f 2183 2184 2235
f 2183 2235 2234
f 2184 2185 2236
f 2184 2236 2235
f 2185 2186 2237
f 2185 2237 2236
f 2186 2187 2238
f 2186 2238 2237
f 2187 2188 2239
f 2187 2239 2238
f 2188 2189 2240
f 2188 2240 2239
f 2189 2190 2241
f 2189 2241 2240
f 2190 2191 2242
f 2190 2242 2241
f 2191 2192 2243
f 2191 2243 2242
f 2192 2193 2244
f 2192 2244 2243
f 2193 2194 2245
f 2193 2245 2244
f 2194 2195 2246
f 2194 2246 2245
f 2195 2145 2196
f 2195 2196 2246
f 2196 2197 2248
f 2196 2248 2247
f 2197 2198 2249
f 2197 2249 2248
f 2198 2199 2250
f 2198 2250 2249
f 2199 2200 2251
f 2199 2251 2250
f 2200 2201 2252
f 2200 2252 2251
f 2201 2202 2253
f 2201 2253 2252
f 2202 2203 2254
f 2202 2254 2253
f 2203 2204 2255
f 2203 2255 2254
f 2204 2205 2256
f 2204 2256 2255
f 2205 2206 2257
f 2205 2257 2256
f 2206 2207 2258
f 2206 2258 2257
f 2207 2208 2259
f 2207 2259 2258
f 2208 2209 2260
f 2208 2260 2259
f 2209 2210 2261
f 2209 2261 2260
f 2210 2211 2262
f 2210 2262 2261
f 2211 2212 2263
f 2211 2263 2262
f 2212 2213 2264
f 2212 2264 2263
f 2213 2214 2265
f 2213 2265 2264
f 2214 2215 2266
f 2214 2266 2265
f 2215 2216 2267
f 2215 2267 2266
f 2216 2217 2268
f 2216 2268 2267
f 2217 2218 2269
f 2217 2269 2268
f 2218 2219 2270
f 2218 2270 2269
f 2219 2220 2271
f 2219 2271 2270
f 2220 2221 2272
f 2220 2272 2271
f 2221 2222 2273
f 2221 2273 2272
f 2222 2223 2274
f 2222 2274 2273
f 2223 2224 2275
f 2223 2275 2274
f 2224 2225 2276
f 2224 2276 2275
f 2225 2226 2277
f 2225 2277 2276
f 2226 2227 2278
f 2226 2278 2277
f 2227 2228 2279
f 2227 2279 2278
f 2228 2229 2280
f 2228 2280 2279
f 2229 2230 2281
f 2229 2281 2280
f 2230 2231 2282
f 2230 2282 2281
f 2231 2232 2283
f 2231 2283 2282
f 2232 2233 2284
f 2232 2284 2283
f 2233 2234 2285
f 2233 2285 2284
f 2234 2235 2286
f 2234 2286 2285
f 2235 2236 2287
f 2235 2287 2286
f 2236 2237 2288
f 2236 2288 2287
f 2237 2238 2289
f 2237 2289 2288
f 2238 2239 2290
f 2238 2290 2289
f 2239 2240 2291
f 2239 2291 2290
f 2240 2241 2292
f 2240 2292 2291
f 2241 2242 2293
f 2241 2293 2292
f 2242 2243 2294
f 2242 2294 2293
f 2243 2244 2295
f 2243 2295 2294
f 2244 2245 2296
f 2244 2296 2295
f 2245 2246 2297
f 2245 2297 2296
f 2246 2196 2247
f 2246 2247 2297
f 2247 2248 2299
f 2247 2299 2298
f 2248 2249 2300
f 2248 2300 2299
f 2249 2250 2301
f 2249 2301 2300
f 2250 2251 2302
f 2250 2302 2301
f 2251 2252 2303
f 2251 2303 2302
f 2252 2253 2304
f 2252 2304 2303
f 2253 2254 2305
f 2253 2305 2304
f 2254 2255 2306
f 2254 2306 2305
f 2255 2256 2307
f 2255 2307 2306
f 2256 2257 2308
f 2256 2308 2307
f 2257 2258 2309
f 2257 2309 2308
f 2258 2259 2310
f 2258 2310 2309
f 2259 2260 2311
f 2259 2311 2310
f 2260 2261 2312
f 2260 2312 2311
f 2261 2262 2313
f 2261 2313 2312
f 2262 2263 2314
f 2262 2314 2313
f 2263 2264 2315
f 2263 2315 2314
f 2264 2265 2316
f 2264 2316 2315
f 2265 2266 2317
f 2265 2317 2316
f 2266 2267 2318
f 2266 2318 2317
f 2267 2268 2319
f 2267 2319 2318
f 2268 2269 2320
f 2268 2320 2319
f 2269 2270 2321
f 2269 2321 2320
f 2270 2271 2322
f 2270 2322 2321
f 2271 2272 2323
f 2271 2323 2322
f 2272 2273 2324
f 2272 2324 2323
f 2273 2274 2325
f 2273 2325 2324
f 2274 2275 2326
f 2274 2326 2325
f 2275 2276 2327
f 2275 2327 2326
f 2276 2277 2328
f 2276 2328 2327
f 2277 2278 2329
f 2277 2329 2328
f 2278 2279 2330
f 2278 2330 2329
f 2279 2280 2331
f 2279 2331 2330
f 2280 2281 2332
f 2280 2332 2331
f 2281 2282 2333
f 2281 2333 2332
f 2282 2283 2334
f 2282 2334 2333
f 2283 2284 2335
f 2283 2335 2334
f 2284 2285 2336
f 2284 2336 2335
f 2285 2286 2337
f 2285 2337 2336
f 2286 2287 2338
f 2286 2338 2337
f 2287 2288 2339
f 2287 2339 2338
f 2288 2289 2340
f 2288 2340 2339
f 2289 2290 2341
f 2289 2341 2340
f 2290 2291 2342
f 2290 2342 2341
f 2291 2292 2343
f 2291 2343 2342
f 2292 2293 2344
f 2292 2344 2343
f 2293 2294 2345
f 2293 2345 2344
f 2294 2295 2346
f 2294 2346 2345
f 2295 2296 2347
f 2295 2347 2346
f 2296 2297 2348
f 2296 2348 2347
f 2297 2247 2298
f 2297 2298 2348
f 2298 2299 2350
f 2298 2350 2349
f 2299 2300 2351
f 2299 2351 2350
f 2300 2301 2352
f 2300 2352 2351
f 2301 2302 2353
f 2301 2353 2352
f 2302 2303 2354
f 2302 2354 2353
f 2303 2304 2355
f 2303 2355 2354
f 2304 2305 2356
f 2304 2356 2355
f 2305 2306 2357
f 2305 2357 2356
f 2306 2307 2358
f 2306 2358 2357
f 2307 2308 2359
f 2307 2359 2358
f 2308 2309 2360
f 2308 2360 2359
f 2309 2310 2361
f 2309 2361 2360
f 2310 2311 2362
f 2310 2362 2361
f 2311 2312 2363
f 2311 2363 2362
f 2312 2313 2364
f 2312 2364 2363
f 2313 2314 2365
f 2313 2365 2364
f 2314 2315 2366
f 2314 2366 2365
f 2315 2316 2367
f 2315 2367 2366
f 2316 2317 2368
f 2316 2368 2367
f 2317 2318 2369
f 2317 2369 2368
f 2318 2319 2370
f 2318 2370 2369
f 2319 2320 2371
f 2319 2371 2370
f 2320 2321 2372
f 2320 2372 2371
f 2321 2322 2373
f 2321 2373 2372
f 2322 2323 2374
f 2322 2374 2373
f 2323 2324 2375
f 2323 2375 2374
f 2324 2325 2376
f 2324 2376 2375
f 2325 2326 2377
f 2325 2377 2376
f 2326 2327 2378
f 2326 2378 2377
f 2327 2328 2379
f 2327 2379 2378
f 2328 2329 2380
f 2328 2380 2379
f 2329 2330 2381
f 2329 2381 2380
f 2330 2331 2382
f 2330 2382 2381
f 2331 2332 2383
f 2331 2383 2382
f 2332 2333 2384
f 2332 2384 2383
f 2333 2334 2385
f 2333 2385 2384
f 2334 2335 2386
f 2334 2386 2385
f 2335 2336 2387
f 2335 2387 2386
f 2336 2337 2388
f 2336 2388 2387
f 2337 2338 2389
f 2337 2389 2388
f 2338 2339 2390
f 2338 2390 2389
f 2339 2340 2391
f 2339 2391 2390
f 2340 2341 2392
f 2340 2392 2391
f 2341 2342 2393
f 2341 2393 2392
f 2342 2343 2394
f 2342 2394 2393
f 2343 2344 2395
f 2343 2395 2394
f 2344 2345 2396
f 2344 2396 2395
f 2345 2346 2397
f 2345 2397 2396
f 2346 2347 2398
f 2346 2398 2397
f 2347 2348 2399
f 2347 2399 2398
f 2348 2298 2349
f 2348 2349 2399
f 2349 2350 2401
f 2349 2401 2400
f 2350 2351 2402
f 2350 2402 2401
f 2351 2352 2403
f 2351 2403 2402
f 2352 2353 2404
f 2352 2404 2403
f 2353 2354 2405
f 2353 2405 2404
f 2354 2355 2406
f 2354 2406 2405
f 2355 2356 2407
f 2355 2407 2406
f 2356 2357 2408
f 2356 2408 2407
f 2357 2358 2409
f 2357 2409 2408
f 2358 2359 2410
f 2358 2410 2409
f 2359 2360 2411
f 2359 2411 2410
f 2360 2361 2412
f 2360 2412 2411
f 2361 2362 2413
f 2361 2413 2412
f 2362 2363 2414
f 2362 2414 2413
f 2363 2364 2415
f 2363 2415 2414
f 2364 2365 2416
f 2364 2416 2415
f 2365 2366 2417
f 2365 2417 2416
f 2366 2367 2418
f 2366 2418 2417
f 2367 2368 2419
f 2367 2419 2418
f 2368 2369 2420
f 2368 2420 2419
f 2369 2370 2421
f 2369 2421 2420
f 2370 2371 2422
f 2370 2422 2421
f 2371 2372 2423
f 2371 2423 2422
f 2372 2373 2424
f 2372 2424 2423
f 2373 2374 2425
f 2373 2425 2424
f 2374 2375 2426
f 2374 2426 2425
f 2375 2376 2427
f 2375 2427 2426
f 2376 2377 2428
f 2376 2428 2427
f 2377 2378 2429
f 2377 2429 2428
f 2378 2379 2430
f 2378 2430 2429
f 2379 2380 2431
f 2379 2431 2430
f 2380 2381 2432
f 2380 2432 2431
f 2381 2382 2433
f 2381 2433 2432
f 2382 2383 2434
f 2382 2434 2433
f 2383 2384 2435
f 2383 2435 2434
f 2384 2385 2436
f 2384 2436 2435
f 2385 2386 2437
f 2385 2437 2436
f 2386 2387 2438
f 2386 2438 2437
f 2387 2388 2439
f 2387 2439 2438
f 2388 2389 2440
f 2388 2440 2439
f 2389 2390 2441
f 2389 2441 2440
f 2390 2391 2442
f 2390 2442 2441
f 2391 2392 2443
f 2391 2443 2442
f 2392 2393 2444
f 2392 2444 2443
f 2393 2394 2445
f 2393 2445 2444
f 2394 2395 2446
f 2394 2446 2445
f 2395 2396 2447
f 2395 2447 2446
f 2396 2397 2448
f 2396 2448 2447
f 2397 2398 2449
f 2397 2449 2448
f 2398 2399 2450
f 2398 2450 2449
f 2399 2349 2400
f 2399 2400 2450
f 2400 2401 2452
f 2400 2452 2451
f 2401 2402 2453
f 2401 2453 2452
f 2402 2403 2454
f 2402 2454 2453
f 2403 2404 2455
f 2403 2455 2454
f 2404 2405 2456
f 2404 2456 2455
f 2405 2406 2457
f 2405 2457 2456
f 2406 2407 2458
f 2406 2458 2457
f 2407 2408 2459
f 2407 2459 2458
f 2408 2409 2460
f 2408 2460 2459
f 2409 2410 2461
f 2409 2461 2460
f 2410 2411 2462
f 2410 2462 2461
f 2411 2412 2463
f 2411 2463 2462
f 2412 2413 2464
f 2412 2464 2463
f 2413 2414 2465
f 2413 2465 2464
f 2414 2415 2466
f 2414 2466 2465
f 2415 2416 2467
f 2415 2467 2466
f 2416 2417 2468
f 2416 2468 2467
f 2417 2418 2469
f 2417 2469 2468
f 2418 2419 2470
f 2418 2470 2469
f 2419 2420 2471
f 2419 2471 2470
f 2420 2421 2472
f 2420 2472 2471
f 2421 2422 2473
f 2421 2473 2472
f 2422 2423 2474
f 2422 2474 2473
f 2423 2424 2475
f 2423 2475 2474
f 2424 2425 2476
f 2424 2476 2475
f 2425 2426 2477
f 2425 2477 2476
f 2426 2427 2478
f 2426 2478 2477
f 2427 2428 2479
f 2427 2479 2478
f 2428 2429 2480
f 2428 2480 2479
f 2429 2430 2481
f 2429 2481 2480
f 2430 2431 2482
f 2430 2482 2481
f 2431 2432 2483
f 2431 2483 2482
f 2432 2433 2484
f 2432 2484 2483
f 2433 2434 2485
f 2433 2485 2484
f 2434 2435 2486
f 2434 2486 2485
f 2435 2436 2487
f 2435 2487 2486
f 2436 2437 2488
f 2436 2488 2487
f 2437 2438 2489
f 2437 2489 2488
f 2438 2439 2490
f 2438 2490 2489
f 2439 2440 2491
f 2439 2491 2490
f 2440 2441 2492
f 2440 2492 2491
f 2441 2442 2493
f 2441 2493 2492
f 2442 2443 2494
f 2442 2494 2493
f 2443 2444 2495
f 2443 2495 2494
f 2444 2445 2496
f 2444 2496 2495
f 2445 2446 2497
f 2445 2497 2496
f 2446 2447 2498
f 2446 2498 2497
f 2447 2448 2499
f 2447 2499 2498
f 2448 2449 2500
f 2448 2500 2499
f 2449 2450 2501
f 2449 2501 2500
f 2450 2400 2451
f 2450 2451 2501
f 2451 2452 2503
f 2451 2503 2502
f 2452 2453 2504
f 2452 2504 2503
f 2453 2454 2505
f 2453 2505 2504
f 2454 2455 2506
f 2454 2506 2505
f 2455 2456 2507
f 2455 2507 2506
f 2456 2457 2508
f 2456 2508 2507
f 2457 2458 2509
f 2457 2509 2508
f 2458 2459 2510
f 2458 2510 2509
f 2459 2460 2511
f 2459 2511 2510
f 2460 2461 2512
f 2460 2512 2511
f 2461 2462 2513
f 2461 2513 2512
f 2462 2463 2514
f 2462 2514 2513
f 2463 2464 2515
f 2463 2515 2514
f 2464 2465 2516
f 2464 2516 2515
f 2465 2466 2517
f 2465 2517 2516
f 2466 2467 2518
f 2466 2518 2517
f 2467 2468 2519
f 2467 2519 2518
f 2468 2469 2520
f 2468 2520 2519
f 2469 2470 2521
f 2469 2521 2520
f 2470 2471 2522
f 2470 2522 2521
f 2471 2472 2523
f 2471 2523 2522
f 2472 2473 2524
f 2472 2524 2523
f 2473 2474 2525
f 2473 2525 2524
f 2474 2475 2526
f 2474 2526 2525
f 2475 2476 2527
f 2475 2527 2526
f 2476 2477 2528
f 2476 2528 2527
f 2477 2478 2529
f 2477 2529 2528
f 2478 2479 2530
f 2478 2530 2529
f 2479 2480 2531
f 2479 2531 2530
f 2480 2481 2532
f 2480 2532 2531
f 2481 2482 2533
f 2481 2533 2532
f 2482 2483 2534
f 2482 2534 2533
f 2483 2484 2535
f 2483 2535 2534
f 2484 2485 2536
f 2484 2536 2535
f 2485 2486 2537
f 2485 2537 2536
f 2486 2487 2538
f 2486 2538 2537
f 2487 2488 2539
f 2487 2539 2538
f 2488 2489 2540
f 2488 2540 2539
f 2489 2490 2541
f 2489 2541 2540
f 2490 2491 2542
f 2490 2542 2541
f 2491 2492 2543
f 2491 2543 2542
f 2492 2493 2544
f 2492 2544 2543
f 2493 2494 2545
f 2493 2545 2544
f 2494 2495 2546
f 2494 2546 2545
f 2495 2496 2547
f 2495 2547 2546
f 2496 2497 2548
f 2496 2548 2547
f 2497 2498 2549
f 2497 2549 2548
f 2498 2499 2550
f 2498 2550 2549
f 2499 2500 2551
f 2499 2551 2550
f 2500 2501 2552
f 2500 2552 2551
f 2501 2451 2502
f 2501 2502 2552
f 2502 2503 2554
f 2502 2554 2553
f 2503 2504 2555
f 2503 2555 2554
f 2504 2505 2556
f 2504 2556 2555
f 2505 2506 2557
f 2505 2557 2556
f 2506 2507 2558
f 2506 2558 2557
f 2507 2508 2559
f 2507 2559 2558
f 2508 2509 2560
f 2508 2560 2559
f 2509 2510 2561
f 2509 2561 2560
f 2510 2511 2562
f 2510 2562 2561
f 2511 2512 2563
f 2511 2563 2562
f 2512 2513 2564
f 2512 2564 2563
f 2513 2514 2565
f 2513 2565 2564
f 2514 2515 2566
f 2514 2566 2565
f 2515 2516 2567
f 2515 2567 2566
f 2516 2517 2568
f 2516 2568 2567
f 2517 2518 2569
f 2517 2569 2568
f 2518 2519 2570
f 2518 2570 2569
f 2519 2520 2571
f 2519 2571 2570
f 2520 2521 2572
f 2520 2572 2571
f 2521 2522 2573
f 2521 2573 2572
f 2522 2523 2574
f 2522 2574 2573
f 2523 2524 2575
f 2523 2575 2574
f 2524 2525 2576
f 2524 2576 2575
f 2525 2526 2577
f 2525 2577 2576
f 2526 2527 2578
f 2526 2578 2577
f 2527 2528 2579
f 2527 2579 2578
f 2528 2529 2580
f 2528 2580 2579
f 2529 2530 2581
f 2529 2581 2580
f 2530 2531 2582
f 2530 2582 2581
f 2531 2532 2583
f 2531 2583 2582
f 2532 2533 2584
f 2532 2584 2583
f 2533 2534 2585
f 2533 2585 2584
f 2534 2535 2586
f 2534 2586 2585
f 2535 2536 2587
f 2535 2587 2586
f 2536 2537 2588
f 2536 2588 2587
f 2537 2538 2589
f 2537 2589 2588
f 2538 2539 2590
f 2538 2590 2589
f 2539 2540 2591
f 2539 2591 2590
f 2540 2541 2592
f 2540 2592 2591
f 2541 2542 2593
f 2541 2593 2592
f 2542 2543 2594
f 2542 2594 2593
f 2543 2544 2595
f 2543 2595 2594
f 2544 2545 2596
f 2544 2596 2595
f 2545 2546 2597
f 2545 2597 2596
f 2546 2547 2598
f 2546 2598 2597
f 2547 2548 2599
f 2547 2599 2598
f 2548 2549 2600
f 2548 2600 2599
f 2549 2550 2601
f 2549 2601 2600
f 2550 2551 2602
f 2550 2602 2601
f 2551 2552 2603
f 2551 2603 2602
f 2552 2502 2553
f 2552 2553 2603
f 2553 2554 2605
f 2553 2605 2604
f 2554 2555 2606
f 2554 2606 2605
f 2555 2556 2607
f 2555 2607 2606
f 2556 2557 2608
f 2556 2608 2607
f 2557 2558 2609
f 2557 2609 2608
f 2558 2559 2610
f 2558 2610 2609
f 2559 2560 2611
f 2559 2611 2610
f 2560 2561 2612
f 2560 2612 2611
f 2561 2562 2613
f 2561 2613 2612
f 2562 2563 2614
f 2562 2614 2613
f 2563 2564 2615
f 2563 2615 2614
f 2564 2565 2616
f 2564 2616 2615
f 2565 2566 2617
f 2565 2617 2616
f 2566 2567 2618
f 2566 2618 2617
f 2567 2568 2619
f 2567 2619 2618
f 2568 2569 2620
f 2568 2620 2619
f 2569 2570 2621
f 2569 2621 2620
f 2570 2571 2622
f 2570 2622 2621
f 2571 2572 2623
f 2571 2623 2622
f 2572 2573 2624
f 2572 2624 2623
f 2573 2574 2625
f 2573 2625 2624
f 2574 2575 2626
f 2574 2626 2625
f 2575 2576 2627
f 2575 2627 2626
f 2576 2577 2628
f 2576 2628 2627
f 2577 2578 2629
f 2577 2629 2628
f 2578 2579 2630
f 2578 2630 2629
f 2579 2580 2631
f 2579 2631 2630
f 2580 2581 2632
f 2580 2632 2631
f 2581 2582 2633
f 2581 2633 2632
f 2582 2583 2634
f 2582 2634 2633
f 2583 2584 2635
f 2583 2635 2634
f 2584 2585 2636
f 2584 2636 2635
f 2585 2586 2637
f 2585 2637 2636
f 2586 2587 2638
f 2586 2638 2637
f 2587 2588 2639
f 2587 2639 2638
f 2588 2589 2640
f 2588 2640 2639
f 2589 2590 2641
f 2589 2641 2640
f 2590 2591 2642
f 2590 2642 2641
f 2591 2592 2643
f 2591 2643 2642
f 2592 2593 2644
f 2592 2644 2643
f 2593 2594 2645
f 2593 2645 2644
f 2594 2595 2646
f 2594 2646 2645
f 2595 2596 2647
f 2595 2647 2646
f 2596 2597 2648
f 2596 2648 2647
f 2597 2598 2649
f 2597 2649 2648
f 2598 2599 2650
f 2598 2650 2649
f 2599 2600 2651
f 2599 2651 2650
f 2600 2601 2652
f 2600 2652 2651
f 2601 2602 2653
f 2601 2653 2652
f 2602 2603 2654
f 2602 2654 2653
f 2603 2553 2604
f 2603 2604 2654
f 2604 2605 2656
f 2604 2656 2655
f 2605 2606 2657
f 2605 2657 2656
f 2606 2607 2658
f 2606 2658 2657
f 2607 2608 2659
f 2607 2659 2658
f 2608 2609 2660
f 2608 2660 2659
f 2609 2610 2661
f 2609 2661 2660
f 2610 2611 2662
f 2610 2662 2661
f 2611 2612 2663
f 2611 2663 2662
f 2612 2613 2664
f 2612 2664 2663
f 2613 2614 2665
f 2613 2665 2664
f 2614 2615 2666
f 2614 2666 2665
f 2615 2616 2667
f 2615 2667 2666
f 2616 2617 2668
f 2616 2668 2667
f 2617 2618 2669
f 2617 2669 2668
f 2618 2619 2670
f 2618 2670 2669
f 2619 2620 2671
f 2619 2671 2670
f 2620 2621 2672
f 2620 2672 2671
f 2621 2622 2673
f 2621 2673 2672
f 2622 2623 2674
f 2622 2674 2673
f 2623 2624 2675
f 2623 2675 2674
f 2624 2625 2676
f 2624 2676 2675
f 2625 2626 2677
f 2625 2677 2676
f 2626 2627 2678
f 2626 2678 2677
f 2627 2628 2679
f 2627 2679 2678
f 2628 2629 2680
f 2628 2680 2679
f 2629 2630 2681
f 2629 2681 2680
f 2630 2631 2682
f 2630 2682 2681
f 2631 2632 2683
f 2631 2683 2682
f 2632 2633 2684
f 2632 2684 2683
f 2633 2634 2685
f 2633 2685 2684
f 2634 2635 2686
f 2634 2686 2685
f 2635 2636 2687
f 2635 2687 2686
f 2636 2637 2688
f 2636 2688 2687
f 2637 2638 2689
f 2637 2689 2688
f 2638 2639 2690
f 2638 2690 2689
f 2639 2640 2691
f 2639 2691 2690
f 2640 2641 2692
f 2640 2692 2691
f 2641 2642 2693
f 2641 2693 2692
f 2642 2643 2694
f 2642 2694 2693
f 2643 2644 2695
f 2643 2695 2694
f 2644 2645 2696
f 2644 2696 2695
f 2645 2646 2697
f 2645 2697 2696
f 2646 2647 2698
f 2646 2698 2697
f 2647 2648 2699
f 2647 2699 2698
f 2648 2649 2700
f 2648 2700 2699
f 2649 2650 2701
f 2649 2701 2700
f 2650 2651 2702
f 2650 2702 2701
f 2651 2652 2703
f 2651 2703 2702
f 2652 2653 2704
f 2652 2704 2703
f 2653 2654 2705
f 2653 2705 2704
f 2654 2604 2655
f 2654 2655 2705
f 2655 2656 2707
f 2655 2707 2706
f 2656 2657 2708
f 2656 2708 2707
f 2657 2658 2709
f 2657 2709 2708
f 2658 2659 2710
f 2658 2710 2709
f 2659 2660 2711
f 2659 2711 2710
f 2660 2661 2712
f 2660 2712 2711
f 2661 2662 2713
f 2661 2713 2712
f 2662 2663 2714
f 2662 2714 2713
f 2663 2664 2715
f 2663 2715 2714
f 2664 2665 2716
f 2664 2716 2715
f 2665 2666 2717
f 2665 2717 2716
f 2666 2667 2718
f 2666 2718 2717
f 2667 2668 2719
f 2667 2719 2718
f 2668 2669 2720
f 2668 2720 2719
f 2669 2670 2721
f 2669 2721 2720
f 2670 2671 2722
f 2670 2722 2721
f 2671 2672 2723
f 2671 2723 2722
f 2672 2673 2724
f 2672 2724 2723
f 2673 2674 2725
f 2673 2725 2724
f 2674 2675 2726
f 2674 2726 2725
f 2675 2676 2727
f 2675 2727 2726
f 2676 2677 2728
f 2676 2728 2727
f 2677 2678 2729
f 2677 2729 2728
f 2678 2679 2730
f 2678 2730 2729
f 2679 2680 2731
f 2679 2731 2730
f 2680 2681 2732
f 2680 2732 2731
f 2681 2682 2733
f 2681 2733 2732
f 2682 2683 2734
f 2682 2734 2733
f 2683 2684 2735
f 2683 2735 2734
f 2684 2685 2736
f 2684 2736 2735
f 2685 2686 2737
f 2685 2737 2736
f 2686 2687 2738
f 2686 2738 2737
f 2687 2688 2739
f 2687 2739 2738
f 2688 2689 2740
f 2688 2740 2739
f 2689 2690 2741
f 2689 2741 2740
f 2690 2691 2742
f 2690 2742 2741
f 2691 2692 2743
f 2691 2743 2742
f 2692 2693 2744
f 2692 2744 2743
f 2693 2694 2745
f 2693 2745 2744
f 2694 2695 2746
f 2694 2746 2745
f 2695 2696 2747
f 2695 2747 2746
f 2696 2697 2748
f 2696 2748 2747
f 2697 2698 2749
f 2697 2749 2748
f 2698 2699 2750
f 2698 2750 2749
f 2699 2700 2751
f 2699 2751 2750
f 2700 2701 2752
f 2700 2752 2751
f 2701 2702 2753
f 2701 2753 2752
f 2702 2703 2754
f 2702 2754 2753
f 2703 2704 2755
f 2703 2755 2754
f 2704 2705 2756
f 2704 2756 2755
f 2705 2655 2706
f 2705 2706 2756
f 2706 2707 2758
f 2706 2758 2757
f 2707 2708 2759
f 2707 2759 2758
f 2708 2709 2760
f 2708 2760 2759
f 2709 2710 2761
f 2709 2761 2760
f 2710 2711 2762
f 2710 2762 2761
f 2711 2712 2763
f 2711 2763 2762
f 2712 2713 2764
f 2712 2764 2763
f 2713 2714 2765
f 2713 2765 2764
f 2714 2715 2766
f 2714 2766 2765
f 2715 2716 2767
f 2715 2767 2766
f 2716 2717 2768
f 2716 2768 2767
f 2717 2718 2769
f 2717 2769 2768
f 2718 2719 2770
f 2718 2770 2769
f 2719 2720 2771
f 2719 2771 2770
f 2720 2721 2772
f 2720 2772 2771
f 2721 2722 2773
f 2721 2773 2772
f 2722 2723 2774
f 2722 2774 2773
f 2723 2724 2775
f 2723 2775 2774
f 2724 2725 2776
f 2724 2776 2775
f 2725 2726 2777
f 2725 2777 2776
f 2726 2727 2778
f 2726 2778 2777
f 2727 2728 2779
f 2727 2779 2778
f 2728 2729 2780
f 2728 2780 2779
f 2729 2730 2781
f 2729 2781 2780
f 2730 2731 2782
f 2730 2782 2781
f 2731 2732 2783
f 2731 2783 2782
f 2732 2733 2784
f 2732 2784 2783
f 2733 2734 2785
f 2733 2785 2784
f 2734 2735 2786
f 2734 2786 2785
f 2735 2736 2787
f 2735 2787 2786
f 2736 2737 2788
f 2736 2788 2787
f 2737 2738 2789
f 2737 2789 2788
f 2738 2739 2790
f 2738 2790 2789
f 2739 2740 2791
f 2739 2791 2790
f 2740 2741 2792
f 2740 2792 2791
f 2741 2742 2793
f 2741 2793 2792
f 2742 2743 2794
f 2742 2794 2793
f 2743 2744 2795
f 2743 2795 2794
f 2744 2745 2796
f 2744 2796 2795
f 2745 2746 2797
f 2745 2797 2796
f 2746 2747 2798
f 2746 2798 2797
f 2747 2748 2799
f 2747 2799 2798
f 2748 2749 2800
f 2748 2800 2799
f 2749 2750 2801
f 2749 2801 2800
f 2750 2751 2802
f 2750 2802 2801
f 2751 2752 2803
f 2751 2803 2802
f 2752 2753 2804
f 2752 2804 2803
f 2753 2754 2805
f 2753 2805 2804
f 2754 2755 2806
f 2754 2806 2805
f 2755 2756 2807
f 2755 2807 2806
f 2756 2706 2757
f 2756 2757 2807
f 2757 2758 2809
f 2757 2809 2808
f 2758 2759 2810
f 2758 2810 2809
f 2759 2760 2811
f 2759 2811 2810
f 2760 2761 2812
f 2760 2812 2811
f 2761 2762 2813
f 2761 2813 2812
f 2762 2763 2814
f 2762 2814 2813
f 2763 2764 2815
f 2763 2815 2814
f 2764 2765 2816
f 2764 2816 2815
f 2765 2766 2817
f 2765 2817 2816
f 2766 2767 2818
f 2766 2818 2817
f 2767 2768 2819
f 2767 2819 2818
f 2768 2769 2820
f 2768 2820 2819
f 2769 2770 2821
f 2769 2821 2820
f 2770 2771 2822
f 2770 2822 2821
f 2771 2772 2823
f 2771 2823 2822
f 2772 2773 2824
f 2772 2824 2823
f 2773 2774 2825
f 2773 2825 2824
f 2774 2775 2826
f 2774 2826 2825
f 2775 2776 2827
f 2775 2827 2826
f 2776 2777 2828
f 2776 2828 2827
f 2777 2778 2829
f 2777 2829 2828
f 2778 2779 2830
f 2778 2830 2829
f 2779 2780 2831
f 2779 2831 2830
f 2780 2781 2832
f 2780 2832 2831
f 2781 2782 2833
f 2781 2833 2832
f 2782 2783 2834
f 2782 2834 2833
f 2783 2784 2835
f 2783 2835 2834
f 2784 2785 2836
f 2784 2836 2835
f 2785 2786 2837
f 2785 2837 2836
f 2786 2787 2838
f 2786 2838 2837
f 2787 2788 2839
f 2787 2839 2838
f 2788 2789 2840
f 2788 2840 2839
f 2789 2790 2841
f 2789 2841 2840
f 2790 2791 2842
f 2790 2842 2841
f 2791 2792 2843
f 2791 2843 2842
f 2792 2793 2844
f 2792 2844 2843
f 2793 2794 2845
f 2793 2845 2844
f 2794 2795 2846
f 2794 2846 2845
f 2795 2796 2847
f 2795 2847 2846
f 2796 2797 2848
f 2796 2848 2847
f 2797 2798 2849
f 2797 2849 2848
f 2798 2799 2850
f 2798 2850 2849
f 2799 2800 2851
f 2799 2851 2850
f 2800 2801 2852
f 2800 2852 2851
f 2801 2802 2853
f 2801 2853 2852
f 2802 2803 2854
f 2802 2854 2853
f 2803 2804 2855
f 2803 2855 2854
f 2804 2805 2856
f 2804 2856 2855
f 2805 2806 2857
f 2805 2857 2856
f 2806 2807 2858
f 2806 2858 2857
f 2807 2757 2808
f 2807 2808 2858
f 2808 2809 2860
f 2808 2860 2859
f 2809 2810 2861
f 2809 2861 2860
f 2810 2811 2862
f 2810 2862 2861
f 2811 2812 2863
f 2811 2863 2862
f 2812 2813 2864
f 2812 2864 2863
f 2813 2814 2865
f 2813 2865 2864
f 2814 2815 2866
f 2814 2866 2865
f 2815 2816 2867
f 2815 2867 2866
f 2816 2817 2868
f 2816 2868 2867
f 2817 2818 2869
f 2817 2869 2868
f 2818 2819 2870
f 2818 2870 2869
f 2819 2820 2871
f 2819 2871 2870
f 2820 2821 2872
f 2820 2872 2871
f 2821 2822 2873
f 2821 2873 2872
f 2822 2823 2874
f 2822 2874 2873
f 2823 2824 2875
f 2823 2875 2874
f 2824 2825 2876
f 2824 2876 2875
f 2825 2826 2877
f 2825 2877 2876
f 2826 2827 2878
f 2826 2878 2877
f 2827 2828 2879
f 2827 2879 2878
f 2828 2829 2880
f 2828 2880 2879
f 2829 2830 2881
f 2829 2881 2880
f 2830 2831 2882
f 2830 2882 2881
f 2831 2832 2883
f 2831 2883 2882
f 2832 2833 2884
f 2832 2884 2883
f 2833 2834 2885
f 2833 2885 2884
f 2834 2835 2886
f 2834 2886 2885
f 2835 2836 2887
f 2835 2887 2886
f 2836 2837 2888
f 2836 2888 2887
f 2837 2838 2889
f 2837 2889 2888
f 2838 2839 2890
f 2838 2890 2889
f 2839 2840 2891
f 2839 2891 2890
f 2840 2841 2892
f 2840 2892 2891
f 2841 2842 2893
f 2841 2893 2892
f 2842 2843 2894
f 2842 2894 2893
f 2843 2844 2895
f 2843 2895 2894
f 2844 2845 2896
f 2844 2896 2895
f 2845 2846 2897
f 2845 2897 2896
f 2846 2847 2898
f 2846 2898 2897
f 2847 2848 2899
f 2847 2899 2898
f 2848 2849 2900
f 2848 2900 2899
f 2849 2850 2901
f 2849 2901 2900
f 2850 2851 2902
f 2850 2902 2901
f 2851 2852 2903
f 2851 2903 2902
f 2852 2853 2904
f 2852 2904 2903
f 2853 2854 2905
f 2853 2905 2904
f 2854 2855 2906
f 2854 2906 2905
f 2855 2856 2907
f 2855 2907 2906
f 2856 2857 2908
f 2856 2908 2907
f 2857 2858 2909
f 2857 2909 2908
f 2858 2808 2859
f 2858 2859 2909
f 2859 2860 2911
f 2859 2911 2910
f 2860 2861 2912
f 2860 2912 2911
f 2861 2862 2913
f 2861 2913 2912
f 2862 2863 2914
f 2862 2914 2913
f 2863 2864 2915
f 2863 2915 2914
f 2864 2865 2916
f 2864 2916 2915
f 2865 2866 2917
f 2865 2917 2916
f 2866 2867 2918
f 2866 2918 2917
f 2867 2868 2919
f 2867 2919 2918
f 2868 2869 2920
f 2868 2920 2919
f 2869 2870 2921
f 2869 2921 2920
f 2870 2871 2922
f 2870 2922 2921
f 2871 2872 2923
f 2871 2923 2922
f 2872 2873 2924
f 2872 2924 2923
f 2873 2874 2925
f 2873 2925 2924
f 2874 2875 2926
f 2874 2926 2925
f 2875 2876 2927
f 2875 2927 2926
f 2876 2877 2928
f 2876 2928 2927
f 2877 2878 2929
f 2877 2929 2928
f 2878 2879 2930
f 2878 2930 2929
f 2879 2880 2931
f 2879 2931 2930
f 2880 2881 2932
f 2880 2932 2931
f 2881 2882 2933
f 2881 2933 2932
f 2882 2883 2934
f 2882 2934 2933
f 2883 2884 2935
f 2883 2935 2934
f 2884 2885 2936
f 2884 2936 2935
f 2885 2886 2937
f 2885 2937 2936
f 2886 2887 2938
f 2886 2938 2937
f 2887 2888 2939
f 2887 2939 2938
f 2888 2889 2940
f 2888 2940 2939
f 2889 2890 2941
f 2889 2941 2940
f 2890 2891 2942
f 2890 2942 2941
f 2891 2892 2943
f 2891 2943 2942
f 2892 2893 2944
f 2892 2944 2943
f 2893 2894 2945
f 2893 2945 2944
f 2894 2895 2946
f 2894 2946 2945
f 2895 2896 2947
f 2895 2947 2946
f 2896 2897 2948
f 2896 2948 2947
f 2897 2898 2949
f 2897 2949 2948
f 2898 2899 2950
f 2898 2950 2949
f 2899 2900 2951
f 2899 2951 2950
f 2900 2901 2952
f 2900 2952 2951
f 2901 2902 2953
f 2901 2953 2952
f 2902 2903 2954
f 2902 2954 2953
f 2903 2904 2955
f 2903 2955 2954
f 2904 2905 2956
f 2904 2956 2955
f 2905 2906 2957
f 2905 2957 2956
f 2906 2907 2958
f 2906 2958 2957
f 2907 2908 2959
f 2907 2959 2958
f 2908 2909 2960
f 2908 2960 2959
f 2909 2859 2910
f 2909 2910 2960
f 2910 2911 2962
f 2910 2962 2961
f 2911 2912 2963
f 2911 2963 2962
f 2912 2913 2964
f 2912 2964 2963
f 2913 2914 2965
f 2913 2965 2964
f 2914 2915 2966
f 2914 2966 2965
f 2915 2916 2967
f 2915 2967 2966
f 2916 2917 2968
f 2916 2968 2967
f 2917 2918 2969
f 2917 2969 2968
f 2918 2919 2970
f 2918 2970 2969
f 2919 2920 2971
f 2919 2971 2970
f 2920 2921 2972
f 2920 2972 2971
f 2921 2922 2973
f 2921 2973 2972
f 2922 2923 2974
f 2922 2974 2973
f 2923 2924 2975
f 2923 2975 2974
f 2924 2925 2976
f 2924 2976 2975
f 2925 2926 2977
f 2925 2977 2976
f 2926 2927 2978
f 2926 2978 2977
f 2927 2928 2979
f 2927 2979 2978
f 2928 2929 2980
f 2928 2980 2979
f 2929 2930 2981
f 2929 2981 2980
f 2930 2931 2982
f 2930 2982 2981
f 2931 2932 2983
f 2931 2983 2982
f 2932 2933 2984
f 2932 2984 2983
f 2933 2934 2985
f 2933 2985 2984
f 2934 2935 2986
f 2934 2986 2985
f 2935 2936 2987
f 2935 2987 2986
f 2936 2937 2988
f 2936 2988 2987
f 2937 2938 2989
f 2937 2989 2988
f 2938 2939 2990
f 2938 2990 2989
f 2939 2940 2991
f 2939 2991 2990
f 2940 2941 2992
f 2940 2992 2991
f 2941 2942 2993
f 2941 2993 2992
f 2942 2943 2994
f 2942 2994 2993
f 2943 2944 2995
f 2943 2995 2994
f 2944 2945 2996
f 2944 2996 2995
f 2945 2946 2997
f 2945 2997 2996
f 2946 2947 2998
f 2946 2998 2997
f 2947 2948 2999
f 2947 2999 2998
f 2948 2949 3000
f 2948 3000 2999
f 2949 2950 3001
f 2949 3001 3000
f 2950 2951 3002
f 2950 3002 3001
f 2951 2952 3003
f 2951 3003 3002
f 2952 2953 3004
f 2952 3004 3003
f 2953 2954 3005
f 2953 3005 3004
f 2954 2955 3006
f 2954 3006 3005
f 2955 2956 3007
f 2955 3007 3006
f 2956 2957 3008
f 2956 3008 3007
f 2957 2958 3009
f 2957 3009 3008
f 2958 2959 3010
f 2958 3010 3009
f 2959 2960 3011
f 2959 3011 3010
f 2960 2910 2961
f 2960 2961 3011
f 2961 2962 3013
f 2961 3013 3012
f 2962 2963 3014
f 2962 3014 3013
f 2963 2964 3015
f 2963 3015 3014
f 2964 2965 3016
f 2964 3016 3015
f 2965 2966 3017
f 2965 3017 3016
f 2966 2967 3018
f 2966 3018 3017
f 2967 2968 3019
f 2967 3019 3018
f 2968 2969 3020
f 2968 3020 3019
f 2969 2970 3021
f 2969 3021 3020
f 2970 2971 3022
f 2970 3022 3021
f 2971 2972 3023
f 2971 3023 3022
f 2972 2973 3024
f 2972 3024 3023
f 2973 2974 3025
f 2973 3025 3024
f 2974 2975 3026
f 2974 3026 3025
f 2975 2976 3027
f 2975 3027 3026
f 2976 2977 3028
f 2976 3028 3027
f 2977 2978 3029
f 2977 3029 3028
f 2978 2979 3030
f 2978 3030 3029
f 2979 2980 3031
f 2979 3031 3030
f 2980 2981 3032
f 2980 3032 3031
f 2981 2982 3033
f 2981 3033 3032
f 2982 2983 3034
f 2982 3034 3033
f 2983 2984 3035
f 2983 3035 3034
f 2984 2985 3036
f 2984 3036 3035
f 2985 2986 3037
f 2985 3037 3036
f 2986 2987 3038
f 2986 3038 3037
f 2987 2988 3039
f 2987 3039 3038
f 2988 2989 3040
f 2988 3040 3039
f 2989 2990 3041
f 2989 3041 3040
f 2990 2991 3042
f 2990 3042 3041
f 2991 2992 3043
f 2991 3043 3042
f 2992 2993 3044
f 2992 3044 3043
f 2993 2994 3045
f 2993 3045 3044
f 2994 2995 3046
f 2994 3046 3045
f 2995 2996 3047
f 2995 3047 3046
f 2996 2997 3048
f 2996 3048 3047
f 2997 2998 3049
f 2997 3049 3048
f 2998 2999 3050
f 2998 3050 3049
f 2999 3000 3051
f 2999 3051 3050
f 3000 3001 3052
f 3000 3052 3051
f 3001 3002 3053
f 3001 3053 3052
f 3002 3003 3054
f 3002 3054 3053
f 3003 3004 3055
f 3003 3055 3054
f 3004 3005 3056
f 3004 3056 3055
f 3005 3006 3057
f 3005 3057 3056
f 3006 3007 3058
f 3006 3058 3057
f 3007 3008 3059
f 3007 3059 3058
f 3008 3009 3060
f 3008 3060 3059
f 3009 3010 3061
f 3009 3061 3060
f 3010 3011 3062
f 3010 3062 3061
f 3011 2961 3012
f 3011 3012 3062
f 3012 3013 3064
f 3012 3064 3063
f 3013 3014 3065
f 3013 3065 3064
f 3014 3015 3066
f 3014 3066 3065
f 3015 3016 3067
f 3015 3067 3066
f 3016 3017 3068
f 3016 3068 3067
f 3017 3018 3069
f 3017 3069 3068
f 3018 3019 3070
f 3018 3070 3069
f 3019 3020 3071
f 3019 3071 3070
f 3020 3021 3072
f 3020 3072 3071
f 3021 3022 3073
f 3021 3073 3072
f 3022 3023 3074
f 3022 3074 3073
f 3023 3024 3075
f 3023 3075 3074
f 3024 3025 3076
f 3024 3076 3075
f 3025 3026 3077
f 3025 3077 3076
f 3026 3027 3078
f 3026 3078 3077
f 3027 3028 3079
f 3027 3079 3078
f 3028 3029 3080
f 3028 3080 3079
f 3029 3030 3081
f 3029 3081 3080
f 3030 3031 3082
f 3030 3082 3081
f 3031 3032 3083
f 3031 3083 3082
f 3032 3033 3084
f 3032 3084 3083
f 3033 3034 3085
f 3033 3085 3084
f 3034 3035 3086
f 3034 3086 3085
f 3035 3036 3087
f 3035 3087 3086
f 3036 3037 3088
f 3036 3088 3087
f 3037 3038 3089
f 3037 3089 3088
f 3038 3039 3090
f 3038 3090 3089
f 3039 3040 3091
f 3039 3091 3090
f 3040 3041 3092
f 3040 3092 3091
f 3041 3042 3093
f 3041 3093 3092
f 3042 3043 3094
f 3042 3094 3093
f 3043 3044 3095
f 3043 3095 3094
f 3044 3045 3096
f 3044 3096 3095
f 3045 3046 3097
f 3045 3097 3096
f 3046 3047 3098
f 3046 3098 3097
f 3047 3048 3099
f 3047 3099 3098
f 3048 3049 3100
f 3048 3100 3099
f 3049 3050 3101
f 3049 3101 3100
f 3050 3051 3102
f 3050 3102 3101
f 3051 3052 3103
f 3051 3103 3102
f 3052 3053 3104
f 3052 3104 3103
f 3053 3054 3105
f 3053 3105 3104
f 3054 3055 3106
f 3054 3106 3105
f 3055 3056 3107
f 3055 3107 3106
f 3056 3057 3108
f 3056 3108 3107
f 3057 3058 3109
f 3057 3109 3108
f 3058 3059 3110
f 3058 3110 3109
f 3059 3060 3111
f 3059 3111 3110
f 3060 3061 3112
f 3060 3112 3111
f 3061 3062 3113
f 3061 3113 3112
f 3062 3012 3063
f 3062 3063 3113
f 3063 3064 3115
f 3063 3115 3114
f 3064 3065 3116
f 3064 3116 3115
f 3065 3066 3117
f 3065 3117 3116
f 3066 3067 3118
f 3066 3118 3117
f 3067 3068 3119
f 3067 3119 3118
f 3068 3069 3120
f 3068 3120 3119
f 3069 3070 3121
f 3069 3121 3120
f 3070 3071 3122
f 3070 3122 3121
f 3071 3072 3123
f 3071 3123 3122
f 3072 3073 3124
f 3072 3124 3123
f 3073 3074 3125
f 3073 3125 3124
f 3074 3075 3126
f 3074 3126 3125
f 3075 3076 3127
f 3075 3127 3126
f 3076 3077 3128
f 3076 3128 3127
f 3077 3078 3129
f 3077 3129 3128
f 3078 3079 3130
f 3078 3130 3129
f 3079 3080 3131
f 3079 3131 3130
f 3080 3081 3132
f 3080 3132 3131
f 3081 3082 3133
f 3081 3133 3132
f 3082 3083 3134
f 3082 3134 3133
f 3083 3084 3135
f 3083 3135 3134
f 3084 3085 3136
f 3084 3136 3135
f 3085 3086 3137
f 3085 3137 3136
f 3086 3087 3138
f 3086 3138 3137
f 3087 3088 3139
f 3087 3139 3138
f 3088 3089 3140
f 3088 3140 3139
f 3089 3090 3141
f 3089 3141 3140
f 3090 3091 3142
f 3090 3142 3141
f 3091 3092 3143
f 3091 3143 3142
f 3092 3093 3144
f 3092 3144 3143
f 3093 3094 3145
f 3093 3145 3144
f 3094 3095 3146
f 3094 3146 3145
f 3095 3096 3147
f 3095 3147 3146
f 3096 3097 3148
f 3096 3148 3147
f 3097 3098 3149
f 3097 3149 3148
f 3098 3099 3150
f 3098 3150 3149
f 3099 3100 3151
f 3099 3151 3150
f 3100 3101 3152
f 3100 3152 3151
f 3101 3102 3153
f 3101 3153 3152
f 3102 3103 3154
f 3102 3154 3153
f 3103 3104 3155
f 3103 3155 3154
f 3104 3105 3156
f 3104 3156 3155
f 3105 3106 3157
f 3105 3157 3156
f 3106 3107 3158
f 3106 3158 3157
f 3107 3108 3159
f 3107 3159 3158
f 3108 3109 3160
f 3108 3160 3159
f 3109 3110 3161
f 3109 3161 3160
f 3110 3111 3162
f 3110 3162 3161
f 3111 3112 3163
f 3111 3163 3162
f 3112 3113 3164
f 3112 3164 3163
f 3113 3063 3114
f 3113 3114 3164
f 3114 3115 3166
f 3114 3166 3165
f 3115 3116 3167
f 3115 3167 3166
f 3116 3117 3168
f 3116 3168 3167
f 3117 3118 3169
f 3117 3169 3168
f 3118 3119 3170
f 3118 3170 3169
f 3119 3120 3171
f 3119 3171 3170
f 3120 3121 3172
f 3120 3172 3171
f 3121 3122 3173
f 3121 3173 3172
f 3122 3123 3174
f 3122 3174 3173
f 3123 3124 3175
f 3123 3175 3174
f 3124 3125 3176
f 3124 3176 3175
f 3125 3126 3177
f 3125 3177 3176
f 3126 3127 3178
f 3126 3178 3177
f 3127 3128 3179
f 3127 3179 3178
f 3128 3129 3180
f 3128 3180 3179
f 3129 3130 3181
f 3129 3181 3180
f 3130 3131 3182
f 3130 3182 3181
f 3131 3132 3183
f 3131 3183 3182
f 3132 3133 3184
f 3132 3184 3183
f 3133 3134 3185
f 3133 3185 3184
f 3134 3135 3186
f 3134 3186 3185
f 3135 3136 3187
f 3135 3187 3186
f 3136 3137 3188
f 3136 3188 3187
f 3137 3138 3189
f 3137 3189 3188
f 3138 3139 3190
f 3138 3190 3189
f 3139 3140 3191
f 3139 3191 3190
f 3140 3141 3192
f 3140 3192 3191
f 3141 3142 3193
f 3141 3193 3192
f 3142 3143 3194
f 3142 3194 3193
f 3143 3144 3195
f 3143 3195 3194
f 3144 3145 3196
f 3144 3196 3195
f 3145 3146 3197
f 3145 3197 3196
f 3146 3147 3198
f 3146 3198 3197
f 3147 3148 3199
f 3147 3199 3198
f 3148 3149 3200
f 3148 3200 3199
f 3149 3150 3201
f 3149 3201 3200
f 3150 3151 3202
f 3150 3202 3201
f 3151 3152 3203
f 3151 3203 3202
f 3152 3153 3204
f 3152 3204 3203
f 3153 3154 3205
f 3153 3205 3204
f 3154 3155 3206
f 3154 3206 3205
f 3155 3156 3207
f 3155 3207 3206
f 3156 3157 3208
f 3156 3208 3207
f 3157 3158 3209
f 3157 3209 3208
f 3158 3159 3210
f 3158 3210 3209
f 3159 3160 3211
f 3159 3211 3210
f 3160 3161 3212
f 3160 3212 3211
f 3161 3162 3213
f 3161 3213 3212
f 3162 3163 3214
f 3162 3214 3213
f 3163 3164 3215
f 3163 3215 3214
f 3164 3114 3165
f 3164 3165 3215
f 3165 3166 3217
f 3165 3217 3216
f 3166 3167 3218
f 3166 3218 3217
f 3167 3168 3219
f 3167 3219 3218
f 3168 3169 3220
f 3168 3220 3219
f 3169 3170 3221
f 3169 3221 3220
f 3170 3171 3222
f 3170 3222 3221
f 3171 3172 3223
f 3171 3223 3222
f 3172 3173 3224
f 3172 3224 3223
f 3173 3174 3225
f 3173 3225 3224
f 3174 3175 3226
f 3174 3226 3225
f 3175 3176 3227
f 3175 3227 3226
f 3176 3177 3228
f 3176 3228 3227
f 3177 3178 3229
f 3177 3229 3228
f 3178 3179 3230
f 3178 3230 3229
f 3179 3180 3231
f 3179 3231 3230
f 3180 3181 3232
f 3180 3232 3231
f 3181 3182 3233
f 3181 3233 3232
f 3182 3183 3234
f 3182 3234 3233
f 3183 3184 3235
f 3183 3235 3234
f 3184 3185 3236
f 3184 3236 3235
f 3185 3186 3237
f 3185 3237 3236
f 3186 3187 3238
f 3186 3238 3237
f 3187 3188 3239
f 3187 3239 3238
f 3188 3189 3240
f 3188 3240 3239
f 3189 3190 3241
f 3189 3241 3240
f 3190 3191 3242
f 3190 3242 3241
f 3191 3192 3243
f 3191 3243 3242
f 3192 3193 3244
f 3192 3244 3243
f 3193 3194 3245
f 3193 3245 3244
f 3194 3195 3246
f 3194 3246 3245
f 3195 3196 3247
f 3195 3247 3246
f 3196 3197 3248
f 3196 3248 3247
f 3197 3198 3249
f 3197 3249 3248
f 3198 3199 3250
f 3198 3250 3249
f 3199 3200 3251
f 3199 3251 3250
f 3200 3201 3252
f 3200 3252 3251
f 3201 3202 3253
f 3201 3253 3252
f 3202 3203 3254
f 3202 3254 3253
f 3203 3204 3255
f 3203 3255 3254
f 3204 3205 3256
f 3204 3256 3255
f 3205 3206 3257
f 3205 3257 3256
f 3206 3207 3258
f 3206 3258 3257
f 3207 3208 3259
f 3207 3259 3258
f 3208 3209 3260
f 3208 3260 3259
f 3209 3210 3261
f 3209 3261 3260
f 3210 3211 3262
f 3210 3262 3261
f 3211 3212 3263
f 3211 3263 3262
f 3212 3213 3264
f 3212 3264 3263
f 3213 3214 3265
f 3213 3265 3264
f 3214 3215 3266
f 3214 3266 3265
f 3215 3165 3216
f 3215 3216 3266
f 3216 3217 3268
f 3216 3268 3267
f 3217 3218 3269
f 3217 3269 3268
f 3218 3219 3270
f 3218 3270 3269
f 3219 3220 3271
f 3219 3271 3270
f 3220 3221 3272
f 3220 3272 3271
f 3221 3222 3273
f 3221 3273 3272
f 3222 3223 3274
f 3222 3274 3273
f 3223 3224 3275
f 3223 3275 3274
f 3224 3225 3276
f 3224 3276 3275
f 3225 3226 3277
f 3225 3277 3276
f 3226 3227 3278
f 3226 3278 3277
f 3227 3228 3279
f 3227 3279 3278
f 3228 3229 3280
f 3228 3280 3279
f 3229 3230 3281
f 3229 3281 3280
f 3230 3231 3282
f 3230 3282 3281
f 3231 3232 3283
f 3231 3283 3282
f 3232 3233 3284
f 3232 3284 3283
f 3233 3234 3285
f 3233 3285 3284
f 3234 3235 3286
f 3234 3286 3285
f 3235 3236 3287
f 3235 3287 3286
f 3236 3237 3288
f 3236 3288 3287
f 3237 3238 3289
f 3237 3289 3288
f 3238 3239 3290
f 3238 3290 3289
f 3239 3240 3291
f 3239 3291 3290
f 3240 3241 3292
f 3240 3292 3291
f 3241 3242 3293
f 3241 3293 3292
f 3242 3243 3294
f 3242 3294 3293
f 3243 3244 3295
f 3243 3295 3294
f 3244 3245 3296
f 3244 3296 3295
f 3245 3246 3297
f 3245 3297 3296
f 3246 3247 3298
f 3246 3298 3297
f 3247 3248 3299
f 3247 3299 3298
f 3248 3249 3300
f 3248 3300 3299
f 3249 3250 3301
f 3249 3301 3300
f 3250 3251 3302
f 3250 3302 3301
f 3251 3252 3303
f 3251 3303 3302
f 3252 3253 3304
f 3252 3304 3303
f 3253 3254 3305
f 3253 3305 3304
f 3254 3255 3306
f 3254 3306 3305
f 3255 3256 3307
f 3255 3307 3306
f 3256 3257 3308
f 3256 3308 3307
f 3257 3258 3309
f 3257 3309 3308
f 3258 3259 3310
f 3258 3310 3309
f 3259 3260 3311
f 3259 3311 3310
f 3260 3261 3312
f 3260 3312 3311
f 3261 3262 3313
f 3261 3313 3312
f 3262 3263 3314
f 3262 3314 3313
f 3263 3264 3315
f 3263 3315 3314
f 3264 3265 3316
f 3264 3316 3315
f 3265 3266 3317
f 3265 3317 3316
f 3266 3216 3267
f 3266 3267 3317
f 3267 3268 3319
f 3267 3319 3318
f 3268 3269 3320
f 3268 3320 3319
f 3269 3270 3321
f 3269 3321 3320
f 3270 3271 3322
f 3270 3322 3321
f 3271 3272 3323
f 3271 3323 3322
f 3272 3273 3324
f 3272 3324 3323
f 3273 3274 3325
f 3273 3325 3324
f 3274 3275 3326
f 3274 3326 3325
f 3275 3276 3327
f 3275 3327 3326
f 3276 3277 3328
f 3276 3328 3327
f 3277 3278 3329
f 3277 3329 3328
f 3278 3279 3330
f 3278 3330 3329
f 3279 3280 3331
f 3279 3331 3330
f 3280 3281 3332
f 3280 3332 3331
f 3281 3282 3333
f 3281 3333 3332
f 3282 3283 3334
f 3282 3334 3333
f 3283 3284 3335
f 3283 3335 3334
f 3284 3285 3336
f 3284 3336 3335
f 3285 3286 3337
f 3285 3337 3336
f 3286 3287 3338
f 3286 3338 3337
f 3287 3288 3339
f 3287 3339 3338
f 3288 3289 3340
f 3288 3340 3339
f 3289 3290 3341
f 3289 3341 3340
f 3290 3291 3342
f 3290 3342 3341
f 3291 3292 3343
f 3291 3343 3342
f 3292 3293 3344
f 3292 3344 3343
f 3293 3294 3345
f 3293 3345 3344
f 3294 3295 3346
f 3294 3346 3345
f 3295 3296 3347
f 3295 3347 3346
f 3296 3297 3348
f 3296 3348 3347
f 3297 3298 3349
f 3297 3349 3348
f 3298 3299 3350
f 3298 3350 3349
f 3299 3300 3351
f 3299 3351 3350
f 3300 3301 3352
f 3300 3352 3351
f 3301 3302 3353
f 3301 3353 3352
f 3302 3303 3354
f 3302 3354 3353
f 3303 3304 3355
f 3303 3355 3354
f 3304 3305 3356
f 3304 3356 3355
f 3305 3306 3357
f 3305 3357 3356
f 3306 3307 3358
f 3306 3358 3357
f 3307 3308 3359
f 3307 3359 3358
f 3308 3309 3360
f 3308 3360 3359
f 3309 3310 3361
f 3309 3361 3360
f 3310 3311 3362
f 3310 3362 3361
f 3311 3312 3363
f 3311 3363 3362
f 3312 3313 3364
f 3312 3364 3363
f 3313 3314 3365
f 3313 3365 3364
f 3314 3315 3366
f 3314 3366 3365
f 3315 3316 3367
f 3315 3367 3366
f 3316 3317 3368
f 3316 3368 3367
f 3317 3267 3318
f 3317 3318 3368
f 3369 1687 1686
f 3369 1688 1687
f 3369 1689 1688
f 3369 1690 1689
f 3369 1691 1690
f 3369 1692 1691
f 3369 1693 1692
f 3369 1694 1693
f 3369 1695 1694
f 3369 1696 1695
f 3369 1697 1696
f 3369 1698 1697
f 3369 1699 1698
f 3369 1700 1699
f 3369 1701 1700
f 3369 1702 1701
f 3369 1703 1702
f 3369 1704 1703
f 3369 1705 1704
f 3369 1706 1705
f 3369 1707 1706
f 3369 1708 1707
f 3369 1709 1708
f 3369 1710 1709
f 3369 1711 1710
f 3369 1712 1711
f 3369 1713 1712
f 3369 1714 1713
f 3369 1715 1714
f 3369 1716 1715
f 3369 1717 1716
f 3369 1718 1717
f 3369 1719 1718
f 3369 1720 1719
f 3369 1721 1720
f 3369 1722 1721
f 3369 1723 1722
f 3369 1724 1723
f 3369 1725 1724
f 3369 1726 1725
f 3369 1727 1726
f 3369 1728 1727
f 3369 1729 1728
f 3369 1730 1729
f 3369 1731 1730
f 3369 1732 1731
f 3369 1733 1732
f 3369 1734 1733
f 3369 1735 1734
f 3369 1736 1735
f 3369 1686 1736
f 3370 3318 3319
f 3370 3319 3320
f 3370 3320 3321
f 3370 3321 3322
f 3370 3322 3323
f 3370 3323 3324
f 3370 3324 3325
f 3370 3325 3326
f 3370 3326 3327
f 3370 3327 3328
f 3370 3328 3329
f 3370 3329 3330
f 3370 3330 3331
f 3370 3331 3332
f 3370 3332 3333
f 3370 3333 3334
f 3370 3334 3335
f 3370 3335 3336
f 3370 3336 3337
f 3370 3337 3338
f 3370 3338 3339
f 3370 3339 3340
f 3370 3340 3341
f 3370 3341 3342
f 3370 3342 3343
f 3370 3343 3344
f 3370 3344 3345
f 3370 3345 3346
f 3370 3346 3347
f 3370 3347 3348
f 3370 3348 3349
f 3370 3349 3350
f 3370 3350 3351
f 3370 3351 3352
f 3370 3352 3353
f 3370 3353 3354
f 3370 3354 3355
f 3370 3355 3356
f 3370 3356 3357
f 3370 3357 3358
f 3370 3358 3359
f 3370 3359 3360
f 3370 3360 3361
f 3370 3361 3362
f 3370 3362 3363
f 3370 3363 3364
f 3370 3364 3365
f 3370 3365 3366
f 3370 3366 3367
f 3370 3367 3368
f 3370 3368 3318
f 3371 3372 3423
f 3371 3423 3422
f 3372 3373 3424
f 3372 3424 3423
f 3373 3374 3425
f 3373 3425 3424
f 3374 3375 3426
f 3374 3426 3425
f 3375 3376 3427
f 3375 3427 3426
f 3376 3377 3428
f 3376 3428 3427
f 3377 3378 3429
f 3377 3429 3428
f 3378 3379 3430
f 3378 3430 3429
f 3379 3380 3431
f 3379 3431 3430
f 3380 3381 3432
f 3380 3432 3431
f 3381 3382 3433
f 3381 3433 3432
f 3382 3383 3434
f 3382 3434 3433
f 3383 3384 3435
f 3383 3435 3434
f 3384 3385 3436
f 3384 3436 3435
f 3385 3386 3437
f 3385 3437 3436
f 3386 3387 3438
f 3386 3438 3437
f 3387 3388 3439
f 3387 3439 3438
f 3388 3389 3440
f 3388 3440 3439
f 3389 3390 3441
f 3389 3441 3440
f 3390 3391 3442
f 3390 3442 3441
f 3391 3392 3443
f 3391 3443 3442
f 3392 3393 3444
f 3392 3444 3443
f 3393 3394 3445
f 3393 3445 3444
f 3394 3395 3446
f 3394 3446 3445
f 3395 3396 3447
f 3395 3447 3446
f 3396 3397 3448
f 3396 3448 3447
f 3397 3398 3449
f 3397 3449 3448
f 3398 3399 3450
f 3398 3450 3449
f 3399 3400 3451
f 3399 3451 3450
f 3400 3401 3452
f 3400 3452 3451
f 3401 3402 3453
f 3401 3453 3452
f 3402 3403 3454
f 3402 3454 3453
f 3403 3404 3455
f 3403 3455 3454
f 3404 3405 3456
f 3404 3456 3455
f 3405 3406 3457
f 3405 3457 3456
f 3406 3407 3458
f 3406 3458 3457
f 3407 3408 3459
f 3407 3459 3458
f 3408 3409 3460
f 3408 3460 3459
f 3409 3410 3461
f 3409 3461 3460
f 3410 3411 3462
f 3410 3462 3461
f 3411 3412 3463
f 3411 3463 3462
f 3412 3413 3464
f 3412 3464 3463
f 3413 3414 3465
f 3413 3465 3464
f 3414 3415 3466
f 3414 3466 3465
f 3415 3416 3467
f 3415 3467 3466
f 3416 3417 3468
f 3416 3468 3467
f 3417 3418 3469
f 3417 3469 3468
f 3418 3419 3470
f 3418 3470 3469
f 3419 3420 3471
f 3419 3471 3470
f 3420 3421 3472
f 3420 3472 3471
f 3421 3371 3422
f 3421 3422 3472
f 3422 3423 3474
f 3422 3474 3473
f 3423 3424 3475
f 3423 3475 3474
f 3424 3425 3476
f 3424 3476 3475
f 3425 3426 3477
f 3425 3477 3476
f 3426 3427 3478
f 3426 3478 3477
f 3427 3428 3479
f 3427 3479 3478
f 3428 3429 3480
f 3428 3480 3479
f 3429 3430 3481
f 3429 3481 3480
f 3430 3431 3482
f 3430 3482 3481
f 3431 3432 3483
f 3431 3483 3482
f 3432 3433 3484
f 3432 3484 3483
f 3433 3434 3485
f 3433 3485 3484
f 3434 3435 3486
f 3434 3486 3485
f 3435 3436 3487
f 3435 3487 3486
f 3436 3437 3488
f 3436 3488 3487
f 3437 3438 3489
f 3437 3489 3488
f 3438 3439 3490
f 3438 3490 3489
f 3439 3440 3491
f 3439 3491 3490
f 3440 3441 3492
f 3440 3492 3491
f 3441 3442 3493
f 3441 3493 3492
f 3442 3443 3494
f 3442 3494 3493
f 3443 3444 3495
f 3443 3495 3494
f 3444 3445 3496
f 3444 3496 3495
f 3445 3446 3497
f 3445 3497 3496
f 3446 3447 3498
f 3446 3498 3497
f 3447 3448 3499
f 3447 3499 3498
f 3448 3449 3500
f 3448 3500 3499
f 3449 3450 3501
f 3449 3501 3500
f 3450 3451 3502
f 3450 3502 3501
f 3451 3452 3503
f 3451 3503 3502
f 3452 3453 3504
f 3452 3504 3503
f 3453 3454 3505
f 3453 3505 3504
f 3454 3455 3506
f 3454 3506 3505
f 3455 3456 3507
f 3455 3507 3506
f 3456 3457 3508
f 3456 3508 3507
f 3457 3458 3509
f 3457 3509 3508
f 3458 3459 3510
f 3458 3510 3509
f 3459 3460 3511
f 3459 3511 3510
f 3460 3461 3512
f 3460 3512 3511
f 3461 3462 3513
f 3461 3513 3512
f 3462 3463 3514
f 3462 3514 3513
f 3463 3464 3515
f 3463 3515 3514
f 3464 3465 3516
f 3464 3516 3515
f 3465 3466 3517
f 3465 3517 3516
f 3466 3467 3518
f 3466 3518 3517
f 3467 3468 3519
f 3467 3519 3518
f 3468 3469 3520
f 3468 3520 3519
f 3469 3470 3521
f 3469 3521 3520
f 3470 3471 3522
f 3470 3522 3521
f 3471 3472 3523
f 3471 3523 3522
f 3472 3422 3473
f 3472 3473 3523
f 3473 3474 3525
f 3473 3525 3524
f 3474 3475 3526
f 3474 3526 3525
f 3475 3476 3527
f 3475 3527 3526
f 3476 3477 3528
f 3476 3528 3527
f 3477 3478 3529
f 3477 3529 3528
f 3478 3479 3530
f 3478 3530 3529
f 3479 3480 3531
f 3479 3531 3530
f 3480 3481 3532
f 3480 3532 3531
f 3481 3482 3533
f 3481 3533 3532
f 3482 3483 3534
f 3482 3534 3533
f 3483 3484 3535
f 3483 3535 3534
f 3484 3485 3536
f 3484 3536 3535
f 3485 3486 3537
f 3485 3537 3536
f 3486 3487 3538
f 3486 3538 3537
f 3487 3488 3539
f 3487 3539 3538
f 3488 3489 3540
f 3488 3540 3539
f 3489 3490 3541
f 3489 3541 3540
f 3490 3491 3542
f 3490 3542 3541
f 3491 3492 3543
f 3491 3543 3542
f 3492 3493 3544
f 3492 3544 3543
f 3493 3494 3545
f 3493 3545 3544
f 3494 3495 3546
f 3494 3546 3545
f 3495 3496 3547
f 3495 3547 3546
f 3496 3497 3548
f 3496 3548 3547
f 3497 3498 3549
f 3497 3549 3548
f 3498 3499 3550
f 3498 3550 3549
f 3499 3500 3551
f 3499 3551 3550
f 3500 3501 3552
f 3500 3552 3551
f 3501 3502 3553
f 3501 3553 3552
f 3502 3503 3554
f 3502 3554 3553
f 3503 3504 3555
f 3503 3555 3554
f 3504 3505 3556
f 3504 3556 3555
f 3505 3506 3557
f 3505 3557 3556
f 3506 3507 3558
f 3506 3558 3557
f 3507 3508 3559
f 3507 3559 3558
f 3508 3509 3560
f 3508 3560 3559
f 3509 3510 3561
f 3509 3561 3560
f 3510 3511 3562
f 3510 3562 3561
f 3511 3512 3563
f 3511 3563 3562
f 3512 3513 3564
f 3512 3564 3563
f 3513 3514 3565
f 3513 3565 3564
f 3514 3515 3566
f 3514 3566 3565
f 3515 3516 3567
f 3515 3567 3566
f 3516 3517 3568
f 3516 3568 3567
f 3517 3518 3569
f 3517 3569 3568
f 3518 3519 3570
f 3518 3570 3569
f 3519 3520 3571
f 3519 3571 3570
f 3520 3521 3572
f 3520 3572 3571
f 3521 3522 3573
f 3521 3573 3572
f 3522 3523 3574
f 3522 3574 3573
f 3523 3473 3524
f 3523 3524 3574
f 3524 3525 3576
f 3524 3576 3575
f 3525 3526 3577
f 3525 3577 3576
f 3526 3527 3578
f 3526 3578 3577
f 3527 3528 3579
f 3527 3579 3578
f 3528 3529 3580
f 3528 3580 3579
f 3529 3530 3581
f 3529 3581 3580
f 3530 3531 3582
f 3530 3582 3581
f 3531 3532 3583
f 3531 3583 3582
f 3532 3533 3584
f 3532 3584 3583
f 3533 3534 3585
f 3533 3585 3584
f 3534 3535 3586
f 3534 3586 3585
f 3535 3536 3587
f 3535 3587 3586
f 3536 3537 3588
f 3536 3588 3587
f 3537 3538 3589
f 3537 3589 3588
f 3538 3539 3590
f 3538 3590 3589
f 3539 3540 3591
f 3539 3591 3590
f 3540 3541 3592
f 3540 3592 3591
f 3541 3542 3593
f 3541 3593 3592
f 3542 3543 3594
f 3542 3594 3593
f 3543 3544 3595
f 3543 3595 3594
f 3544 3545 3596
f 3544 3596 3595
f 3545 3546 3597
f 3545 3597 3596
f 3546 3547 3598
f 3546 3598 3597
f 3547 3548 3599
f 3547 3599 3598
f 3548 3549 3600
f 3548 3600 3599
f 3549 3550 3601
f 3549 3601 3600
f 3550 3551 3602
f 3550 3602 3601
f 3551 3552 3603
f 3551 3603 3602
f 3552 3553 3604
f 3552 3604 3603
f 3553 3554 3605
f 3553 3605 3604
f 3554 3555 3606
f 3554 3606 3605
f 3555 3556 3607
f 3555 3607 3606
f 3556 3557 3608
f 3556 3608 3607
f 3557 3558 3609
f 3557 3609 3608
f 3558 3559 3610
f 3558 3610 3609
f 3559 3560 3611
f 3559 3611 3610
f 3560 3561 3612
f 3560 3612 3611
f 3561 3562 3613
f 3561 3613 3612
f 3562 3563 3614
f 3562 3614 3613
f 3563 3564 3615
f 3563 3615 3614
f 3564 3565 3616
f 3564 3616 3615
f 3565 3566 3617
f 3565 3617 3616
f 3566 3567 3618
f 3566 3618 3617
f 3567 3568 3619
f 3567 3619 3618
f 3568 3569 3620
f 3568 3620 3619
f 3569 3570 3621
f 3569 3621 3620
f 3570 3571 3622
f 3570 3622 3621
f 3571 3572 3623
f 3571 3623 3622
f 3572 3573 3624
f 3572 3624 3623
f 3573 3574 3625
f 3573 3625 3624
f 3574 3524 3575
f 3574 3575 3625
f 3575 3576 3627
f 3575 3627 3626
f 3576 3577 3628
f 3576 3628 3627
f 3577 3578 3629
f 3577 3629 3628
f 3578 3579 3630
f 3578 3630 3629
f 3579 3580 3631
f 3579 3631 3630
f 3580 3581 3632
f 3580 3632 3631
f 3581 3582 3633
f 3581 3633 3632
f 3582 3583 3634
f 3582 3634 3633
f 3583 3584 3635
f 3583 3635 3634
f 3584 3585 3636
f 3584 3636 3635
f 3585 3586 3637
f 3585 3637 3636
f 3586 3587 3638
f 3586 3638 3637
f 3587 3588 3639
f 3587 3639 3638
f 3588 3589 3640
f 3588 3640 3639
f 3589 3590 3641
f 3589 3641 3640
f 3590 3591 3642
f 3590 3642 3641
f 3591 3592 3643
f 3591 3643 3642
f 3592 3593 3644
f 3592 3644 3643
f 3593 3594 3645
f 3593 3645 3644
f 3594 3595 3646
f 3594 3646 3645
f 3595 3596 3647
f 3595 3647 3646
f 3596 3597 3648
f 3596 3648 3647
f 3597 3598 3649
f 3597 3649 3648
f 3598 3599 3650
f 3598 3650 3649
f 3599 3600 3651
f 3599 3651 3650
f 3600 3601 3652
f 3600 3652 3651
f 3601 3602 3653
f 3601 3653 3652
f 3602 3603 3654
f 3602 3654 3653
f 3603 3604 3655
f 3603 3655 3654
f 3604 3605 3656
f 3604 3656 3655
f 3605 3606 3657
f 3605 3657 3656
f 3606 3607 3658
f 3606 3658 3657
f 3607 3608 3659
f 3607 3659 3658
f 3608 3609 3660
f 3608 3660 3659
f 3609 3610 3661
f 3609 3661 3660
f 3610 3611 3662
f 3610 3662 3661
f 3611 3612 3663
f 3611 3663 3662
f 3612 3613 3664
f 3612 3664 3663
f 3613 3614 3665
f 3613 3665 3664
f 3614 3615 3666
f 3614 3666 3665
f 3615 3616 3667
f 3615 3667 3666
f 3616 3617 3668
f 3616 3668 3667
f 3617 3618 3669
f 3617 3669 3668
f 3618 3619 3670
f 3618 3670 3669
f 3619 3620 3671
f 3619 3671 3670
f 3620 3621 3672
f 3620 3672 3671
f 3621 3622 3673
f 3621 3673 3672
f 3622 3623 3674
f 3622 3674 3673
f 3623 3624 3675
f 3623 3675 3674
f 3624 3625 3676
f 3624 3676 3675
f 3625 3575 3626
f 3625 3626 3676
f 3626 3627 3678
f 3626 3678 3677
f 3627 3628 3679
f 3627 3679 3678
f 3628 3629 3680
f 3628 3680 3679
f 3629 3630 3681
f 3629 3681 3680
f 3630 3631 3682
f 3630 3682 3681
f 3631 3632 3683
f 3631 3683 3682
f 3632 3633 3684
f 3632 3684 3683
f 3633 3634 3685
f 3633 3685 3684
f 3634 3635 3686
f 3634 3686 3685
f 3635 3636 3687
f 3635 3687 3686
f 3636 3637 3688
f 3636 3688 3687
f 3637 3638 3689
f 3637 3689 3688
f 3638 3639 3690
f 3638 3690 3689
f 3639 3640 3691
f 3639 3691 3690
f 3640 3641 3692
f 3640 3692 3691
f 3641 3642 3693
f 3641 3693 3692
f 3642 3643 3694
f 3642 3694 3693
f 3643 3644 3695
f 3643 3695 3694
f 3644 3645 3696
f 3644 3696 3695
f 3645 3646 3697
f 3645 3697 3696
f 3646 3647 3698
f 3646 3698 3697
f 3647 3648 3699
f 3647 3699 3698
f 3648 3649 3700
f 3648 3700 3699
f 3649 3650 3701
f 3649 3701 3700
f 3650 3651 3702
f 3650 3702 3701
f 3651 3652 3703
f 3651 3703 3702
f 3652 3653 3704
f 3652 3704 3703
f 3653 3654 3705
f 3653 3705 3704
f 3654 3655 3706
f 3654 3706 3705
f 3655 3656 3707
f 3655 3707 3706
f 3656 3657 3708
f 3656 3708 3707
f 3657 3658 3709
f 3657 3709 3708
f 3658 3659 3710
f 3658 3710 3709
f 3659 3660 3711
f 3659 3711 3710
f 3660 3661 3712
f 3660 3712 3711
f 3661 3662 3713
f 3661 3713 3712
f 3662 3663 3714
f 3662 3714 3713
f 3663 3664 3715
f 3663 3715 3714
f 3664 3665 3716
f 3664 3716 3715
f 3665 3666 3717
f 3665 3717 3716
f 3666 3667 3718
f 3666 3718 3717
f 3667 3668 3719
f 3667 3719 3718
f 3668 3669 3720
f 3668 3720 3719
f 3669 3670 3721
f 3669 3721 3720
f 3670 3671 3722
f 3670 3722 3721
f 3671 3672 3723
f 3671 3723 3722
f 3672 3673 3724
f 3672 3724 3723
f 3673 3674 3725
f 3673 3725 3724
f 3674 3675 3726
f 3674 3726 3725
f 3675 3676 3727
f 3675 3727 3726
f 3676 3626 3677
f 3676 3677 3727
f 3677 3678 3729
f 3677 3729 3728
f 3678 3679 3730
f 3678 3730 3729
f 3679 3680 3731
f 3679 3731 3730
f 3680 3681 3732
f 3680 3732 3731
f 3681 3682 3733
f 3681 3733 3732
f 3682 3683 3734
f 3682 3734 3733
f 3683 3684 3735
f 3683 3735 3734
f 3684 3685 3736
f 3684 3736 3735
f 3685 3686 3737
f 3685 3737 3736
f 3686 3687 3738
f 3686 3738 3737
f 3687 3688 3739
f 3687 3739 3738
f 3688 3689 3740
f 3688 3740 3739
f 3689 3690 3741
f 3689 3741 3740
f 3690 3691 3742
f 3690 3742 3741
f 3691 3692 3743
f 3691 3743 3742
f 3692 3693 3744
f 3692 3744 3743
f 3693 3694 3745
f 3693 3745 3744
f 3694 3695 3746
f 3694 3746 3745
f 3695 3696 3747
f 3695 3747 3746
f 3696 3697 3748
f 3696 3748 3747
f 3697 3698 3749
f 3697 3749 3748
f 3698 3699 3750
f 3698 3750 3749
f 3699 3700 3751
f 3699 3751 3750
f 3700 3701 3752
f 3700 3752 3751
f 3701 3702 3753
f 3701 3753 3752
f 3702 3703 3754
f 3702 3754 3753
f 3703 3704 3755
f 3703 3755 3754
f 3704 3705 3756
f 3704 3756 3755
f 3705 3706 3757
f 3705 3757 3756
f 3706 3707 3758
f 3706 3758 3757
f 3707 3708 3759
f 3707 3759 3758
f 3708 3709 3760
f 3708 3760 3759
f 3709 3710 3761
f 3709 3761 3760
f 3710 3711 3762
f 3710 3762 3761
f 3711 3712 3763
f 3711 3763 3762
f 3712 3713 3764
f 3712 3764 3763
f 3713 3714 3765
f 3713 3765 3764
f 3714 3715 3766
f 3714 3766 3765
f 3715 3716 3767
f 3715 3767 3766
f 3716 3717 3768
f 3716 3768 3767
f 3717 3718 3769
f 3717 3769 3768
f 3718 3719 3770
f 3718 3770 3769
f 3719 3720 3771
f 3719 3771 3770
f 3720 3721 3772
f 3720 3772 3771
f 3721 3722 3773
f 3721 3773 3772
f 3722 3723 3774
f 3722 3774 3773
f 3723 3724 3775
f 3723 3775 3774
f 3724 3725 3776
f 3724 3776 3775
f 3725 3726 3777
f 3725 3777 3776
f 3726 3727 3778
f 3726 3778 3777
f 3727 3677 3728
f 3727 3728 3778
f 3728 3729 3780
f 3728 3780 3779
f 3729 3730 3781
f 3729 3781 3780
f 3730 3731 3782
f 3730 3782 3781
f 3731 3732 3783
f 3731 3783 3782
f 3732 3733 3784
f 3732 3784 3783
f 3733 3734 3785
f 3733 3785 3784
f 3734 3735 3786
f 3734 3786 3785
f 3735 3736 3787
f 3735 3787 3786
f 3736 3737 3788
f 3736 3788 3787
f 3737 3738 3789
f 3737 3789 3788
f 3738 3739 3790
f 3738 3790 3789
f 3739 3740 3791
f 3739 3791 3790
f 3740 3741 3792
f 3740 3792 3791
f 3741 3742 3793
f 3741 3793 3792
f 3742 3743 3794
f 3742 3794 3793
f 3743 3744 3795
f 3743 3795 3794
f 3744 3745 3796
f 3744 3796 3795
f 3745 3746 3797
f 3745 3797 3796
f 3746 3747 3798
f 3746 3798 3797
f 3747 3748 3799
f 3747 3799 3798
f 3748 3749 3800
f 3748 3800 3799
f 3749 3750 3801
f 3749 3801 3800
f 3750 3751 3802
f 3750 3802 3801
f 3751 3752 3803
f 3751 3803 3802
f 3752 3753 3804
f 3752 3804 3803
f 3753 3754 3805
f 3753 3805 3804
f 3754 3755 3806
f 3754 3806 3805
f 3755 3756 3807
f 3755 3807 3806
f 3756 3757 3808
f 3756 3808 3807
f 3757 3758 3809
f 3757 3809 3808
f 3758 3759 3810
f 3758 3810 3809
f 3759 3760 3811
f 3759 3811 3810
f 3760 3761 3812
f 3760 3812 3811
f 3761 3762 3813
f 3761 3813 3812
f 3762 3763 3814
f 3762 3814 3813
f 3763 3764 3815
f 3763 3815 3814
f 3764 3765 3816
f 3764 3816 3815
f 3765 3766 3817
f 3765 3817 3816
f 3766 3767 3818
f 3766 3818 3817
f 3767 3768 3819
f 3767 3819 3818
f 3768 3769 3820
f 3768 3820 3819
f 3769 3770 3821
f 3769 3821 3820
f 3770 3771 3822
f 3770 3822 3821
f 3771 3772 3823
f 3771 3823 3822
f 3772 3773 3824
f 3772 3824 3823
f 3773 3774 3825
f 3773 3825 3824
f 3774 3775 3826
f 3774 3826 3825
f 3775 3776 3827
f 3775 3827 3826
f 3776 3777 3828
f 3776 3828 3827
f 3777 3778 3829
f 3777 3829 3828
f 3778 3728 3779
f 3778 3779 3829
f 3779 3780 3831
f 3779 3831 3830
f 3780 3781 3832
f 3780 3832 3831
f 3781 3782 3833
f 3781 3833 3832
f 3782 3783 3834
f 3782 3834 3833
f 3783 3784 3835
f 3783 3835 3834
f 3784 3785 3836
f 3784 3836 3835
f 3785 3786 3837
f 3785 3837 3836
f 3786 3787 3838
f 3786 3838 3837
f 3787 3788 3839
f 3787 3839 3838
f 3788 3789 3840
f 3788 3840 3839
f 3789 3790 3841
f 3789 3841 3840
f 3790 3791 3842
f 3790 3842 3841
f 3791 3792 3843
f 3791 3843 3842
f 3792 3793 3844
f 3792 3844 3843
f 3793 3794 3845
f 3793 3845 3844
f 3794 3795 3846
f 3794 3846 3845
f 3795 3796 3847
f 3795 3847 3846
f 3796 3797 3848
f 3796 3848 3847
f 3797 3798 3849
f 3797 3849 3848
f 3798 3799 3850
f 3798 3850 3849
f 3799 3800 3851
f 3799 3851 3850
f 3800 3801 3852
f 3800 3852 3851
f 3801 3802 3853
f 3801 3853 3852
f 3802 3803 3854
f 3802 3854 3853
f 3803 3804 3855
f 3803 3855 3854
f 3804 3805 3856
f 3804 3856 3855
f 3805 3806 3857
f 3805 3857 3856
f 3806 3807 3858
f 3806 3858 3857
f 3807 3808 3859
f 3807 3859 3858
f 3808 3809 3860
f 3808 3860 3859
f 3809 3810 3861
f 3809 3861 3860
f 3810 3811 3862
f 3810 3862 3861
f 3811 3812 3863
f 3811 3863 3862
f 3812 3813 3864
f 3812 3864 3863
f 3813 3814 3865
f 3813 3865 3864
f 3814 3815 3866
f 3814 3866 3865
f 3815 3816 3867
f 3815 3867 3866
f 3816 3817 3868
f 3816 3868 3867
f 3817 3818 3869
f 3817 3869 3868
f 3818 3819 3870
f 3818 3870 3869
f 3819 3820 3871
f 3819 3871 3870
f 3820 3821 3872
f 3820 3872 3871
f 3821 3822 3873
f 3821 3873 3872
f 3822 3823 3874
f 3822 3874 3873
f 3823 3824 3875
f 3823 3875 3874
f 3824 3825 3876
f 3824 3876 3875
f 3825 3826 3877
f 3825 3877 3876
f 3826 3827 3878
f 3826 3878 3877
f 3827 3828 3879
f 3827 3879 3878
f 3828 3829 3880
f 3828 3880 3879
f 3829 3779 3830
f 3829 3830 3880
f 3830 3831 3882
f 3830 3882 3881
f 3831 3832 3883
f 3831 3883 3882
f 3832 3833 3884
f 3832 3884 3883
f 3833 3834 3885
f 3833 3885 3884
f 3834 3835 3886
f 3834 3886 3885
f 3835 3836 3887
f 3835 3887 3886
f 3836 3837 3888
f 3836 3888 3887
f 3837 3838 3889
f 3837 3889 3888
f 3838 3839 3890
f 3838 3890 3889
f 3839 3840 3891
f 3839 3891 3890
f 3840 3841 3892
f 3840 3892 3891
f 3841 3842 3893
f 3841 3893 3892
f 3842 3843 3894
f 3842 3894 3893
f 3843 3844 3895
f 3843 3895 3894
f 3844 3845 3896
f 3844 3896 3895
f 3845 3846 3897
f 3845 3897 3896
f 3846 3847 3898
f 3846 3898 3897
f 3847 3848 3899
f 3847 3899 3898
f 3848 3849 3900
f 3848 3900 3899
f 3849 3850 3901
f 3849 3901 3900
f 3850 3851 3902
f 3850 3902 3901
f 3851 3852 3903
f 3851 3903 3902
f 3852 3853 3904
f 3852 3904 3903
f 3853 3854 3905
f 3853 3905 3904
f 3854 3855 3906
f 3854 3906 3905
f 3855 3856 3907
f 3855 3907 3906
f 3856 3857 3908
f 3856 3908 3907
f 3857 3858 3909
f 3857 3909 3908
f 3858 3859 3910
f 3858 3910 3909
f 3859 3860 3911
f 3859 3911 3910
f 3860 3861 3912
f 3860 3912 3911
f 3861 3862 3913
f 3861 3913 3912
f 3862 3863 3914
f 3862 3914 3913
f 3863 3864 3915
f 3863 3915 3914
f 3864 3865 3916
f 3864 3916 3915
f 3865 3866 3917
f 3865 3917 3916
f 3866 3867 3918
f 3866 3918 3917
f 3867 3868 3919
f 3867 3919 3918
f 3868 3869 3920
f 3868 3920 3919
f 3869 3870 3921
f 3869 3921 3920
f 3870 3871 3922
f 3870 3922 3921
f 3871 3872 3923
f 3871 3923 3922
f 3872 3873 3924
f 3872 3924 3923
f 3873 3874 3925
f 3873 3925 3924
f 3874 3875 3926
f 3874 3926 3925
f 3875 3876 3927
f 3875 3927 3926
f 3876 3877 3928
f 3876 3928 3927
f 3877 3878 3929
f 3877 3929 3928
f 3878 3879 3930
f 3878 3930 3929
f 3879 3880 3931
f 3879 3931 3930
f 3880 3830 3881
f 3880 3881 3931
f 3881 3882 3933
f 3881 3933 3932
f 3882 3883 3934
f 3882 3934 3933
f 3883 3884 3935
f 3883 3935 3934
f 3884 3885 3936
f 3884 3936 3935
f 3885 3886 3937
f 3885 3937 3936
f 3886 3887 3938
f 3886 3938 3937
f 3887 3888 3939
f 3887 3939 3938
f 3888 3889 3940
f 3888 3940 3939
f 3889 3890 3941
f 3889 3941 3940
f 3890 3891 3942
f 3890 3942 3941
f 3891 3892 3943
f 3891 3943 3942
f 3892 3893 3944
f 3892 3944 3943
f 3893 3894 3945
f 3893 3945 3944
f 3894 3895 3946
f 3894 3946 3945
f 3895 3896 3947
f 3895 3947 3946
f 3896 3897 3948
f 3896 3948 3947
f 3897 3898 3949
f 3897 3949 3948
f 3898 3899 3950
f 3898 3950 3949
f 3899 3900 3951
f 3899 3951 3950
f 3900 3901 3952
f 3900 3952 3951
f 3901 3902 3953
f 3901 3953 3952
f 3902 3903 3954
f 3902 3954 3953
f 3903 3904 3955
f 3903 3955 3954
f 3904 3905 3956
f 3904 3956 3955
f 3905 3906 3957
f 3905 3957 3956
f 3906 3907 3958
f 3906 3958 3957
f 3907 3908 3959
f 3907 3959 3958
f 3908 3909 3960
f 3908 3960 3959
f 3909 3910 3961
f 3909 3961 3960
f 3910 3911 3962
f 3910 3962 3961
f 3911 3912 3963
f 3911 3963 3962
f 3912 3913 3964
f 3912 3964 3963
f 3913 3914 3965
f 3913 3965 3964
f 3914 3915 3966
f 3914 3966 3965
f 3915 3916 3967
f 3915 3967 3966
f 3916 3917 3968
f 3916 3968 3967
f 3917 3918 3969
f 3917 3969 3968
f 3918 3919 3970
f 3918 3970 3969
f 3919 3920 3971
f 3919 3971 3970
f 3920 3921 3972
f 3920 3972 3971
f 3921 3922 3973
f 3921 3973 3972
f 3922 3923 3974
f 3922 3974 3973
f 3923 3924 3975
f 3923 3975 3974
f 3924 3925 3976
f 3924 3976 3975
f 3925 3926 3977
f 3925 3977 3976
f 3926 3927 3978
f 3926 3978 3977
f 3927 3928 3979
f 3927 3979 3978
f 3928 3929 3980
f 3928 3980 3979
f 3929 3930 3981
f 3929 3981 3980
f 3930 3931 3982
f 3930 3982 3981
f 3931 3881 3932
f 3931 3932 3982
f 3932 3933 3984
f 3932 3984 3983
f 3933 3934 3985
f 3933 3985 3984
f 3934 3935 3986
f 3934 3986 3985
f 3935 3936 3987
f 3935 3987 3986
f 3936 3937 3988
f 3936 3988 3987
f 3937 3938 3989
f 3937 3989 3988
f 3938 3939 3990
f 3938 3990 3989
f 3939 3940 3991
f 3939 3991 3990
f 3940 3941 3992
f 3940 3992 3991
f 3941 3942 3993
f 3941 3993 3992
f 3942 3943 3994
f 3942 3994 3993
f 3943 3944 3995
f 3943 3995 3994
f 3944 3945 3996
f 3944 3996 3995
f 3945 3946 3997
f 3945 3997 3996
f 3946 3947 3998
f 3946 3998 3997
f 3947 3948 3999
f 3947 3999 3998
f 3948 3949 4000
f 3948 4000 3999
f 3949 3950 4001
f 3949 4001 4000
f 3950 3951 4002
f 3950 4002 4001
f 3951 3952 4003
f 3951 4003 4002
f 3952 3953 4004
f 3952 4004 4003
f 3953 3954 4005
f 3953 4005 4004
f 3954 3955 4006
f 3954 4006 4005
f 3955 3956 4007
f 3955 4007 4006
f 3956 3957 4008
f 3956 4008 4007
f 3957 3958 4009
f 3957 4009 4008
f 3958 3959 4010
f 3958 4010 4009
f 3959 3960 4011
f 3959 4011 4010
f 3960 3961 4012
f 3960 4012 4011
f 3961 3962 4013
f 3961 4013 4012
f 3962 3963 4014
f 3962 4014 4013
f 3963 3964 4015
f 3963 4015 4014
f 3964 3965 4016
f 3964 4016 4015
f 3965 3966 4017
f 3965 4017 4016
f 3966 3967 4018
f 3966 4018 4017
f 3967 3968 4019
f 3967 4019 4018
f 3968 3969 4020
f 3968 4020 4019
f 3969 3970 4021
f 3969 4021 4020
f 3970 3971 4022
f 3970 4022 4021
f 3971 3972 4023
f 3971 4023 4022
f 3972 3973 4024
f 3972 4024 4023
f 3973 3974 4025
f 3973 4025 4024
f 3974 3975 4026
f 3974 4026 4025
f 3975 3976 4027
f 3975 4027 4026
f 3976 3977 4028
f 3976 4028 4027
f 3977 3978 4029
f 3977 4029 4028
f 3978 3979 4030
f 3978 4030 4029
f 3979 3980 4031
f 3979 4031 4030
f 3980 3981 4032
f 3980 4032 4031
f 3981 3982 4033
f 3981 4033 4032
f 3982 3932 3983
f 3982 3983 4033
f 3983 3984 4035
f 3983 4035 4034
f 3984 3985 4036
f 3984 4036 4035
f 3985 3986 4037
f 3985 4037 4036
f 3986 3987 4038
f 3986 4038 4037
f 3987 3988 4039
f 3987 4039 4038
f 3988 3989 4040
f 3988 4040 4039
f 3989 3990 4041
f 3989 4041 4040
f 3990 3991 4042
f 3990 4042 4041
f 3991 3992 4043
f 3991 4043 4042
f 3992 3993 4044
f 3992 4044 4043
f 3993 3994 4045
f 3993 4045 4044
f 3994 3995 4046
f 3994 4046 4045
f 3995 3996 4047
f 3995 4047 4046
f 3996 3997 4048
f 3996 4048 4047
f 3997 3998 4049
f 3997 4049 4048
f 3998 3999 4050
f 3998 4050 4049
f 3999 4000 4051
f 3999 4051 4050
f 4000 4001 4052
f 4000 4052 4051
f 4001 4002 4053
f 4001 4053 4052
f 4002 4003 4054
f 4002 4054 4053
f 4003 4004 4055
f 4003 4055 4054
f 4004 4005 4056
f 4004 4056 4055
f 4005 4006 4057
f 4005 4057 4056
f 4006 4007 4058
f 4006 4058 4057
f 4007 4008 4059
f 4007 4059 4058
f 4008 4009 4060
f 4008 4060 4059
f 4009 4010 4061
f 4009 4061 4060
f 4010 4011 4062
f 4010 4062 4061
f 4011 4012 4063
f 4011 4063 4062
f 4012 4013 4064
f 4012 4064 4063
f 4013 4014 4065
f 4013 4065 4064
f 4014 4015 4066
f 4014 4066 4065
f 4015 4016 4067
f 4015 4067 4066
f 4016 4017 4068
f 4016 4068 4067
f 4017 4018 4069
f 4017 4069 4068
f 4018 4019 4070
f 4018 4070 4069
f 4019 4020 4071
f 4019 4071 4070
f 4020 4021 4072
f 4020 4072 4071
f 4021 4022 4073
f 4021 4073 4072
f 4022 4023 4074
f 4022 4074 4073
f 4023 4024 4075
f 4023 4075 4074
f 4024 4025 4076
f 4024 4076 4075
f 4025 4026 4077
f 4025 4077 4076
f 4026 4027 4078
f 4026 4078 4077
f 4027 4028 4079
f 4027 4079 4078
f 4028 4029 4080
f 4028 4080 4079
f 4029 4030 4081
f 4029 4081 4080
f 4030 4031 4082
f 4030 4082 4081
f 4031 4032 4083
f 4031 4083 4082
f 4032 4033 4084
f 4032 4084 4083
f 4033 3983 4034
f 4033 4034 4084
f 4034 4035 4086
f 4034 4086 4085
f 4035 4036 4087
f 4035 4087 4086
f 4036 4037 4088
f 4036 4088 4087
f 4037 4038 4089
f 4037 4089 4088
f 4038 4039 4090
f 4038 4090 4089
f 4039 4040 4091
f 4039 4091 4090
f 4040 4041 4092
f 4040 4092 4091
f 4041 4042 4093
f 4041 4093 4092
f 4042 4043 4094
f 4042 4094 4093
f 4043 4044 4095
f 4043 4095 4094
f 4044 4045 4096
f 4044 4096 4095
f 4045 4046 4097
f 4045 4097 4096
f 4046 4047 4098
f 4046 4098 4097
f 4047 4048 4099
f 4047 4099 4098
f 4048 4049 4100
f 4048 4100 4099
f 4049 4050 4101
f 4049 4101 4100
f 4050 4051 4102
f 4050 4102 4101
f 4051 4052 4103
f 4051 4103 4102
f 4052 4053 4104
f 4052 4104 4103
f 4053 4054 4105
f 4053 4105 4104
f 4054 4055 4106
f 4054 4106 4105
f 4055 4056 4107
f 4055 4107 4106
f 4056 4057 4108
f 4056 4108 4107
f 4057 4058 4109
f 4057 4109 4108
f 4058 4059 4110
f 4058 4110 4109
f 4059 4060 4111
f 4059 4111 4110
f 4060 4061 4112
f 4060 4112 4111
f 4061 4062 4113
f 4061 4113 4112
f 4062 4063 4114
f 4062 4114 4113
f 4063 4064 4115
f 4063 4115 4114
f 4064 4065 4116
f 4064 4116 4115
f 4065 4066 4117
f 4065 4117 4116
f 4066 4067 4118
f 4066 4118 4117
f 4067 4068 4119
f 4067 4119 4118
f 4068 4069 4120
f 4068 4120 4119
f 4069 4070 4121
f 4069 4121 4120
f 4070 4071 4122
f 4070 4122 4121
f 4071 4072 4123
f 4071 4123 4122
f 4072 4073 4124
f 4072 4124 4123
f 4073 4074 4125
f 4073 4125 4124
f 4074 4075 4126
f 4074 4126 4125
f 4075 4076 4127
f 4075 4127 4126
f 4076 4077 4128
f 4076 4128 4127
f 4077 4078 4129
f 4077 4129 4128
f 4078 4079 4130
f 4078 4130 4129
f 4079 4080 4131
f 4079 4131 4130
f 4080 4081 4132
f 4080 4132 4131
f 4081 4082 4133
f 4081 4133 4132
f 4082 4083 4134
f 4082 4134 4133
f 4083 4084 4135
f 4083 4135 4134
f 4084 4034 4085
f 4084 4085 4135
f 4085 4086 4137
f 4085 4137 4136
f 4086 4087 4138
f 4086 4138 4137
f 4087 4088 4139
f 4087 4139 4138
f 4088 4089 4140
f 4088 4140 4139
f 4089 4090 4141
f 4089 4141 4140
f 4090 4091 4142
f 4090 4142 4141
f 4091 4092 4143
f 4091 4143 4142
f 4092 4093 4144
f 4092 4144 4143
f 4093 4094 4145
f 4093 4145 4144
f 4094 4095 4146
f 4094 4146 4145
f 4095 4096 4147
f 4095 4147 4146
f 4096 4097 4148
f 4096 4148 4147
f 4097 4098 4149
f 4097 4149 4148
f 4098 4099 4150
f 4098 4150 4149
f 4099 4100 4151
f 4099 4151 4150
f 4100 4101 4152
f 4100 4152 4151
f 4101 4102 4153
f 4101 4153 4152
f 4102 4103 4154
f 4102 4154 4153
f 4103 4104 4155
f 4103 4155 4154
f 4104 4105 4156
f 4104 4156 4155
f 4105 4106 4157
f 4105 4157 4156
f 4106 4107 4158
f 4106 4158 4157
f 4107 4108 4159
f 4107 4159 4158
f 4108 4109 4160
f 4108 4160 4159
f 4109 4110 4161
f 4109 4161 4160
f 4110 4111 4162
f 4110 4162 4161
f 4111 4112 4163
f 4111 4163 4162
f 4112 4113 4164
f 4112 4164 4163
f 4113 4114 4165
f 4113 4165 4164
f 4114 4115 4166
f 4114 4166 4165
f 4115 4116 4167
f 4115 4167 4166
f 4116 4117 4168
f 4116 4168 4167
f 4117 4118 4169
f 4117 4169 4168
f 4118 4119 4170
f 4118 4170 4169
f 4119 4120 4171
f 4119 4171 4170
f 4120 4121 4172
f 4120 4172 4171
f 4121 4122 4173
f 4121 4173 4172
f 4122 4123 4174
f 4122 4174 4173
f 4123 4124 4175
f 4123 4175 4174
f 4124 4125 4176
f 4124 4176 4175
f 4125 4126 4177
f 4125 4177 4176
f 4126 4127 4178
f 4126 4178 4177
f 4127 4128 4179
f 4127 4179 4178
f 4128 4129 4180
f 4128 4180 4179
f 4129 4130 4181
f 4129 4181 4180
f 4130 4131 4182
f 4130 4182 4181
f 4131 4132 4183
f 4131 4183 4182
f 4132 4133 4184
f 4132 4184 4183
f 4133 4134 4185
f 4133 4185 4184
f 4134 4135 4186
f 4134 4186 4185
f 4135 4085 4136
f 4135 4136 4186
f 4136 4137 4188
f 4136 4188 4187
f 4137 4138 4189
f 4137 4189 4188
f 4138 4139 4190
f 4138 4190 4189
f 4139 4140 4191
f 4139 4191 4190
f 4140 4141 4192
f 4140 4192 4191
f 4141 4142 4193
f 4141 4193 4192
f 4142 4143 4194
f 4142 4194 4193
f 4143 4144 4195
f 4143 4195 4194
f 4144 4145 4196
f 4144 4196 4195
f 4145 4146 4197
f 4145 4197 4196
f 4146 4147 4198
f 4146 4198 4197
f 4147 4148 4199
f 4147 4199 4198
f 4148 4149 4200
f 4148 4200 4199
f 4149 4150 4201
f 4149 4201 4200
f 4150 4151 4202
f 4150 4202 4201
f 4151 4152 4203
f 4151 4203 4202
f 4152 4153 4204
f 4152 4204 4203
f 4153 4154 4205
f 4153 4205 4204
f 4154 4155 4206
f 4154 4206 4205
f 4155 4156 4207
f 4155 4207 4206
f 4156 4157 4208
f 4156 4208 4207
f 4157 4158 4209
f 4157 4209 4208
f 4158 4159 4210
f 4158 4210 4209
f 4159 4160 4211
f 4159 4211 4210
f 4160 4161 4212
f 4160 4212 4211
f 4161 4162 4213
f 4161 4213 4212
f 4162 4163 4214
f 4162 4214 4213
f 4163 4164 4215
f 4163 4215 4214
f 4164 4165 4216
f 4164 4216 4215
f 4165 4166 4217
f 4165 4217 4216
f 4166 4167 4218
f 4166 4218 4217
f 4167 4168 4219
f 4167 4219 4218
f 4168 4169 4220
f 4168 4220 4219
f 4169 4170 4221
f 4169 4221 4220
f 4170 4171 4222
f 4170 4222 4221
f 4171 4172 4223
f 4171 4223 4222
f 4172 4173 4224
f 4172 4224 4223
f 4173 4174 4225
f 4173 4225 4224
f 4174 4175 4226
f 4174 4226 4225
f 4175 4176 4227
f 4175 4227 4226
f 4176 4177 4228
f 4176 4228 4227
f 4177 4178 4229
f 4177 4229 4228
f 4178 4179 4230
f 4178 4230 4229
f 4179 4180 4231
f 4179 4231 4230
f 4180 4181 4232
f 4180 4232 4231
f 4181 4182 4233
f 4181 4233 4232
f 4182 4183 4234
f 4182 4234 4233
f 4183 4184 4235
f 4183 4235 4234
f 4184 4185 4236
f 4184 4236 4235
f 4185 4186 4237
f 4185 4237 4236
f 4186 4136 4187
f 4186 4187 4237
f 4187 4188 4239
f 4187 4239 4238
f 4188 4189 4240
f 4188 4240 4239
f 4189 4190 4241
f 4189 4241 4240
f 4190 4191 4242
f 4190 4242 4241
f 4191 4192 4243
f 4191 4243 4242
f 4192 4193 4244
f 4192 4244 4243
f 4193 4194 4245
f 4193 4245 4244
f 4194 4195 4246
f 4194 4246 4245
f 4195 4196 4247
f 4195 4247 4246
f 4196 4197 4248
f 4196 4248 4247
f 4197 4198 4249
f 4197 4249 4248
f 4198 4199 4250
f 4198 4250 4249
f 4199 4200 4251
f 4199 4251 4250
f 4200 4201 4252
f 4200 4252 4251
f 4201 4202 4253
f 4201 4253 4252
f 4202 4203 4254
f 4202 4254 4253
f 4203 4204 4255
f 4203 4255 4254
f 4204 4205 4256
f 4204 4256 4255
f 4205 4206 4257
f 4205 4257 4256
f 4206 4207 4258
f 4206 4258 4257
f 4207 4208 4259
f 4207 4259 4258
f 4208 4209 4260
f 4208 4260 4259
f 4209 4210 4261
f 4209 4261 4260
f 4210 4211 4262
f 4210 4262 4261
f 4211 4212 4263
f 4211 4263 4262
f 4212 4213 4264
f 4212 4264 4263
f 4213 4214 4265
f 4213 4265 4264
f 4214 4215 4266
f 4214 4266 4265
f 4215 4216 4267
f 4215 4267 4266
f 4216 4217 4268
f 4216 4268 4267
f 4217 4218 4269
f 4217 4269 4268
f 4218 4219 4270
f 4218 4270 4269
f 4219 4220 4271
f 4219 4271 4270
f 4220 4221 4272
f 4220 4272 4271
f 4221 4222 4273
f 4221 4273 4272
f 4222 4223 4274
f 4222 4274 4273
f 4223 4224 4275
f 4223 4275 4274
f 4224 4225 4276
f 4224 4276 4275
f 4225 4226 4277
f 4225 4277 4276
f 4226 4227 4278
f 4226 4278 4277
f 4227 4228 4279
f 4227 4279 4278
f 4228 4229 4280
f 4228 4280 4279
f 4229 4230 4281
f 4229 4281 4280
f 4230 4231 4282
f 4230 4282 4281
f 4231 4232 4283
f 4231 4283 4282
f 4232 4233 4284
f 4232 4284 4283
f 4233 4234 4285
f 4233 4285 4284
f 4234 4235 4286
f 4234 4286 4285
f 4235 4236 4287
f 4235 4287 4286
f 4236 4237 4288
f 4236 4288 4287
f 4237 4187 4238
f 4237 4238 4288
f 4238 4239 4290
f 4238 4290 4289
f 4239 4240 4291
f 4239 4291 4290
f 4240 4241 4292
f 4240 4292 4291
f 4241 4242 4293
f 4241 4293 4292
f 4242 4243 4294
f 4242 4294 4293
f 4243 4244 4295
f 4243 4295 4294
f 4244 4245 4296
f 4244 4296 4295
f 4245 4246 4297
f 4245 4297 4296
f 4246 4247 4298
f 4246 4298 4297
f 4247 4248 4299
f 4247 4299 4298
f 4248 4249 4300
f 4248 4300 4299
f 4249 4250 4301
f 4249 4301 4300
f 4250 4251 4302
f 4250 4302 4301
f 4251 4252 4303
f 4251 4303 4302
f 4252 4253 4304
f 4252 4304 4303
f 4253 4254 4305
f 4253 4305 4304
f 4254 4255 4306
f 4254 4306 4305
f 4255 4256 4307
f 4255 4307 4306
f 4256 4257 4308
f 4256 4308 4307
f 4257 4258 4309
f 4257 4309 4308
f 4258 4259 4310
f 4258 4310 4309
f 4259 4260 4311
f 4259 4311 4310
f 4260 4261 4312
f 4260 4312 4311
f 4261 4262 4313
f 4261 4313 4312
f 4262 4263 4314
f 4262 4314 4313
f 4263 4264 4315
f 4263 4315 4314
f 4264 4265 4316
f 4264 4316 4315
f 4265 4266 4317
f 4265 4317 4316
f 4266 4267 4318
f 4266 4318 4317
f 4267 4268 4319
f 4267 4319 4318
f 4268 4269 4320
f 4268 4320 4319
f 4269 4270 4321
f 4269 4321 4320
f 4270 4271 4322
f 4270 4322 4321
f 4271 4272 4323
f 4271 4323 4322
f 4272 4273 4324
f 4272 4324 4323
f 4273 4274 4325
f 4273 4325 4324
f 4274 4275 4326
f 4274 4326 4325
f 4275 4276 4327
f 4275 4327 4326
f 4276 4277 4328
f 4276 4328 4327
f 4277 4278 4329
f 4277 4329 4328
f 4278 4279 4330
f 4278 4330 4329
f 4279 4280 4331
f 4279 4331 4330
f 4280 4281 4332
f 4280 4332 4331
f 4281 4282 4333
f 4281 4333 4332
f 4282 4283 4334
f 4282 4334 4333
f 4283 4284 4335
f 4283 4335 4334
f 4284 4285 4336
f 4284 4336 4335
f 4285 4286 4337
f 4285 4337 4336
f 4286 4287 4338
f 4286 4338 4337
f 4287 4288 4339
f 4287 4339 4338
f 4288 4238 4289
f 4288 4289 4339
f 4289 4290 4341
f 4289 4341 4340
f 4290 4291 4342
f 4290 4342 4341
f 4291 4292 4343
f 4291 4343 4342
f 4292 4293 4344
f 4292 4344 4343
f 4293 4294 4345
f 4293 4345 4344
f 4294 4295 4346
f 4294 4346 4345
f 4295 4296 4347
f 4295 4347 4346
f 4296 4297 4348
f 4296 4348 4347
f 4297 4298 4349
f 4297 4349 4348
f 4298 4299 4350
f 4298 4350 4349
f 4299 4300 4351
f 4299 4351 4350
f 4300 4301 4352
f 4300 4352 4351
f 4301 4302 4353
f 4301 4353 4352
f 4302 4303 4354
f 4302 4354 4353
f 4303 4304 4355
f 4303 4355 4354
f 4304 4305 4356
f 4304 4356 4355
f 4305 4306 4357
f 4305 4357 4356
f 4306 4307 4358
f 4306 4358 4357
f 4307 4308 4359
f 4307 4359 4358
f 4308 4309 4360
f 4308 4360 4359
f 4309 4310 4361
f 4309 4361 4360
f 4310 4311 4362
f 4310 4362 4361
f 4311 4312 4363
f 4311 4363 4362
f 4312 4313 4364
f 4312 4364 4363
f 4313 4314 4365
f 4313 4365 4364
f 4314 4315 4366
f 4314 4366 4365
f 4315 4316 4367
f 4315 4367 4366
f 4316 4317 4368
f 4316 4368 4367
f 4317 4318 4369
f 4317 4369 4368
f 4318 4319 4370
f 4318 4370 4369
f 4319 4320 4371
f 4319 4371 4370
f 4320 4321 4372
f 4320 4372 4371
f 4321 4322 4373
f 4321 4373 4372
f 4322 4323 4374
f 4322 4374 4373
f 4323 4324 4375
f 4323 4375 4374
f 4324 4325 4376
f 4324 4376 4375
f 4325 4326 4377
f 4325 4377 4376
f 4326 4327 4378
f 4326 4378 4377
f 4327 4328 4379
f 4327 4379 4378
f 4328 4329 4380
f 4328 4380 4379
f 4329 4330 4381
f 4329 4381 4380
f 4330 4331 4382
f 4330 4382 4381
f 4331 4332 4383
f 4331 4383 4382
f 4332 4333 4384
f 4332 4384 4383
f 4333 4334 4385
f 4333 4385 4384
f 4334 4335 4386
f 4334 4386 4385
f 4335 4336 4387
f 4335 4387 4386
f 4336 4337 4388
f 4336 4388 4387
f 4337 4338 4389
f 4337 4389 4388
f 4338 4339 4390
f 4338 4390 4389
f 4339 4289 4340
f 4339 4340 4390
f 4340 4341 4392
f 4340 4392 4391
f 4341 4342 4393
f 4341 4393 4392
f 4342 4343 4394
f 4342 4394 4393
f 4343 4344 4395
f 4343 4395 4394
f 4344 4345 4396
f 4344 4396 4395
f 4345 4346 4397
f 4345 4397 4396
f 4346 4347 4398
f 4346 4398 4397
f 4347 4348 4399
f 4347 4399 4398
f 4348 4349 4400
f 4348 4400 4399
f 4349 4350 4401
f 4349 4401 4400
f 4350 4351 4402
f 4350 4402 4401
f 4351 4352 4403
f 4351 4403 4402
f 4352 4353 4404
f 4352 4404 4403
f 4353 4354 4405
f 4353 4405 4404
f 4354 4355 4406
f 4354 4406 4405
f 4355 4356 4407
f 4355 4407 4406
f 4356 4357 4408
f 4356 4408 4407
f 4357 4358 4409
f 4357 4409 4408
f 4358 4359 4410
f 4358 4410 4409
f 4359 4360 4411
f 4359 4411 4410
f 4360 4361 4412
f 4360 4412 4411
f 4361 4362 4413
f 4361 4413 4412
f 4362 4363 4414
f 4362 4414 4413
f 4363 4364 4415
f 4363 4415 4414
f 4364 4365 4416
f 4364 4416 4415
f 4365 4366 4417
f 4365 4417 4416
f 4366 4367 4418
f 4366 4418 4417
f 4367 4368 4419
f 4367 4419 4418
f 4368 4369 4420
f 4368 4420 4419
f 4369 4370 4421
f 4369 4421 4420
f 4370 4371 4422
f 4370 4422 4421
f 4371 4372 4423
f 4371 4423 4422
f 4372 4373 4424
f 4372 4424 4423
f 4373 4374 4425
f 4373 4425 4424
f 4374 4375 4426
f 4374 4426 4425
f 4375 4376 4427
f 4375 4427 4426
f 4376 4377 4428
f 4376 4428 4427
f 4377 4378 4429
f 4377 4429 4428
f 4378 4379 4430
f 4378 4430 4429
f 4379 4380 4431
f 4379 4431 4430
f 4380 4381 4432
f 4380 4432 4431
f 4381 4382 4433
f 4381 4433 4432
f 4382 4383 4434
f 4382 4434 4433
f 4383 4384 4435
f 4383 4435 4434
f 4384 4385 4436
f 4384 4436 4435
f 4385 4386 4437
f 4385 4437 4436
f 4386 4387 4438
f 4386 4438 4437
f 4387 4388 4439
f 4387 4439 4438
f 4388 4389 4440
f 4388 4440 4439
f 4389 4390 4441
f 4389 4441 4440
f 4390 4340 4391
f 4390 4391 4441
f 4391 4392 4443
f 4391 4443 4442
f 4392 4393 4444
f 4392 4444 4443
f 4393 4394 4445
f 4393 4445 4444
f 4394 4395 4446
f 4394 4446 4445
f 4395 4396 4447
f 4395 4447 4446
f 4396 4397 4448
f 4396 4448 4447
f 4397 4398 4449
f 4397 4449 4448
f 4398 4399 4450
f 4398 4450 4449
f 4399 4400 4451
f 4399 4451 4450
f 4400 4401 4452
f 4400 4452 4451
f 4401 4402 4453
f 4401 4453 4452
f 4402 4403 4454
f 4402 4454 4453
f 4403 4404 4455
f 4403 4455 4454
f 4404 4405 4456
f 4404 4456 4455
f 4405 4406 4457
f 4405 4457 4456
f 4406 4407 4458
f 4406 4458 4457
f 4407 4408 4459
f 4407 4459 4458
f 4408 4409 4460
f 4408 4460 4459
f 4409 4410 4461
f 4409 4461 4460
f 4410 4411 4462
f 4410 4462 4461
f 4411 4412 4463
f 4411 4463 4462
f 4412 4413 4464
f 4412 4464 4463
f 4413 4414 4465
f 4413 4465 4464
f 4414 4415 4466
f 4414 4466 4465
f 4415 4416 4467
f 4415 4467 4466
f 4416 4417 4468
f 4416 4468 4467
f 4417 4418 4469
f 4417 4469 4468
f 4418 4419 4470
f 4418 4470 4469
f 4419 4420 4471
f 4419 4471 4470
f 4420 4421 4472
f 4420 4472 4471
f 4421 4422 4473
f 4421 4473 4472
f 4422 4423 4474
f 4422 4474 4473
f 4423 4424 4475
f 4423 4475 4474
f 4424 4425 4476
f 4424 4476 4475
f 4425 4426 4477
f 4425 4477 4476
f 4426 4427 4478
f 4426 4478 4477
f 4427 4428 4479
f 4427 4479 4478
f 4428 4429 4480
f 4428 4480 4479
f 4429 4430 4481
f 4429 4481 4480
f 4430 4431 4482
f 4430 4482 4481
f 4431 4432 4483
f 4431 4483 4482
f 4432 4433 4484
f 4432 4484 4483
f 4433 4434 4485
f 4433 4485 4484
f 4434 4435 4486
f 4434 4486 4485
f 4435 4436 4487
f 4435 4487 4486
f 4436 4437 4488
f 4436 4488 4487
f 4437 4438 4489
f 4437 4489 4488
f 4438 4439 4490
f 4438 4490 4489
f 4439 4440 4491
f 4439 4491 4490
f 4440 4441 4492
f 4440 4492 4491
f 4441 4391 4442
f 4441 4442 4492
f 4442 4443 4494
f 4442 4494 4493
f 4443 4444 4495
f 4443 4495 4494
f 4444 4445 4496
f 4444 4496 4495
f 4445 4446 4497
f 4445 4497 4496
f 4446 4447 4498
f 4446 4498 4497
f 4447 4448 4499
f 4447 4499 4498
f 4448 4449 4500
f 4448 4500 4499
f 4449 4450 4501
f 4449 4501 4500
f 4450 4451 4502
f 4450 4502 4501
f 4451 4452 4503
f 4451 4503 4502
f 4452 4453 4504
f 4452 4504 4503
f 4453 4454 4505
f 4453 4505 4504
f 4454 4455 4506
f 4454 4506 4505
f 4455 4456 4507
f 4455 4507 4506
f 4456 4457 4508
f 4456 4508 4507
f 4457 4458 4509
f 4457 4509 4508
f 4458 4459 4510
f 4458 4510 4509
f 4459 4460 4511
f 4459 4511 4510
f 4460 4461 4512
f 4460 4512 4511
f 4461 4462 4513
f 4461 4513 4512
f 4462 4463 4514
f 4462 4514 4513
f 4463 4464 4515
f 4463 4515 4514
f 4464 4465 4516
f 4464 4516 4515
f 4465 4466 4517
f 4465 4517 4516
f 4466 4467 4518
f 4466 4518 4517
f 4467 4468 4519
f 4467 4519 4518
f 4468 4469 4520
f 4468 4520 4519
f 4469 4470 4521
f 4469 4521 4520
f 4470 4471 4522
f 4470 4522 4521
f 4471 4472 4523
f 4471 4523 4522
f 4472 4473 4524
f 4472 4524 4523
f 4473 4474 4525
f 4473 4525 4524
f 4474 4475 4526
f 4474 4526 4525
f 4475 4476 4527
f 4475 4527 4526
f 4476 4477 4528
f 4476 4528 4527
f 4477 4478 4529
f 4477 4529 4528
f 4478 4479 4530
f 4478 4530 4529
f 4479 4480 4531
f 4479 4531 4530
f 4480 4481 4532
f 4480 4532 4531
f 4481 4482 4533
f 4481 4533 4532
f 4482 4483 4534
f 4482 4534 4533
f 4483 4484 4535
f 4483 4535 4534
f 4484 4485 4536
f 4484 4536 4535
f 4485 4486 4537
f 4485 4537 4536
f 4486 4487 4538
f 4486 4538 4537
f 4487 4488 4539
f 4487 4539 4538
f 4488 4489 4540
f 4488 4540 4539
f 4489 4490 4541
f 4489 4541 4540
f 4490 4491 4542
f 4490 4542 4541
f 4491 4492 4543
f 4491 4543 4542
f 4492 4442 4493
f 4492 4493 4543
f 4493 4494 4545
f 4493 4545 4544
f 4494 4495 4546
f 4494 4546 4545
f 4495 4496 4547
f 4495 4547 4546
f 4496 4497 4548
f 4496 4548 4547
f 4497 4498 4549
f 4497 4549 4548
f 4498 4499 4550
f 4498 4550 4549
f 4499 4500 4551
f 4499 4551 4550
f 4500 4501 4552
f 4500 4552 4551
f 4501 4502 4553
f 4501 4553 4552
f 4502 4503 4554
f 4502 4554 4553
f 4503 4504 4555
f 4503 4555 4554
f 4504 4505 4556
f 4504 4556 4555
f 4505 4506 4557
f 4505 4557 4556
f 4506 4507 4558
f 4506 4558 4557
f 4507 4508 4559
f 4507 4559 4558
f 4508 4509 4560
f 4508 4560 4559
f 4509 4510 4561
f 4509 4561 4560
f 4510 4511 4562
f 4510 4562 4561
f 4511 4512 4563
f 4511 4563 4562
f 4512 4513 4564
f 4512 4564 4563
f 4513 4514 4565
f 4513 4565 4564
f 4514 4515 4566
f 4514 4566 4565
f 4515 4516 4567
f 4515 4567 4566
f 4516 4517 4568
f 4516 4568 4567
f 4517 4518 4569
f 4517 4569 4568
f 4518 4519 4570
f 4518 4570 4569
f 4519 4520 4571
f 4519 4571 4570
f 4520 4521 4572
f 4520 4572 4571
f 4521 4522 4573
f 4521 4573 4572
f 4522 4523 4574
f 4522 4574 4573
f 4523 4524 4575
f 4523 4575 4574
f 4524 4525 4576
f 4524 4576 4575
f 4525 4526 4577
f 4525 4577 4576
f 4526 4527 4578
f 4526 4578 4577
f 4527 4528 4579
f 4527 4579 4578
f 4528 4529 4580
f 4528 4580 4579
f 4529 4530 4581
f 4529 4581 4580
f 4530 4531 4582
f 4530 4582 4581
f 4531 4532 4583
f 4531 4583 4582
f 4532 4533 4584
f 4532 4584 4583
f 4533 4534 4585
f 4533 4585 4584
f 4534 4535 4586
f 4534 4586 4585
f 4535 4536 4587
f 4535 4587 4586
f 4536 4537 4588
f 4536 4588 4587
f 4537 4538 4589
f 4537 4589 4588
f 4538 4539 4590
f 4538 4590 4589
f 4539 4540 4591
f 4539 4591 4590
f 4540 4541 4592
f 4540 4592 4591
f 4541 4542 4593
f 4541 4593 4592
f 4542 4543 4594
f 4542 4594 4593
f 4543 4493 4544
f 4543 4544 4594
f 4544 4545 4596
f 4544 4596 4595
f 4545 4546 4597
f 4545 4597 4596
f 4546 4547 4598
f 4546 4598 4597
f 4547 4548 4599
f 4547 4599 4598
f 4548 4549 4600
f 4548 4600 4599
f 4549 4550 4601
f 4549 4601 4600
f 4550 4551 4602
f 4550 4602 4601
f 4551 4552 4603
f 4551 4603 4602
f 4552 4553 4604
f 4552 4604 4603
f 4553 4554 4605
f 4553 4605 4604
f 4554 4555 4606
f 4554 4606 4605
f 4555 4556 4607
f 4555 4607 4606
f 4556 4557 4608
f 4556 4608 4607
f 4557 4558 4609
f 4557 4609 4608
f 4558 4559 4610
f 4558 4610 4609
f 4559 4560 4611
f 4559 4611 4610
f 4560 4561 4612
f 4560 4612 4611
f 4561 4562 4613
f 4561 4613 4612
f 4562 4563 4614
f 4562 4614 4613
f 4563 4564 4615
f 4563 4615 4614
f 4564 4565 4616
f 4564 4616 4615
f 4565 4566 4617
f 4565 4617 4616
f 4566 4567 4618
f 4566 4618 4617
f 4567 4568 4619
f 4567 4619 4618
f 4568 4569 4620
f 4568 4620 4619
f 4569 4570 4621
f 4569 4621 4620
f 4570 4571 4622
f 4570 4622 4621
f 4571 4572 4623
f 4571 4623 4622
f 4572 4573 4624
f 4572 4624 4623
f 4573 4574 4625
f 4573 4625 4624
f 4574 4575 4626
f 4574 4626 4625
f 4575 4576 4627
f 4575 4627 4626
f 4576 4577 4628
f 4576 4628 4627
f 4577 4578 4629
f 4577 4629 4628
f 4578 4579 4630
f 4578 4630 4629
f 4579 4580 4631
f 4579 4631 4630
f 4580 4581 4632
f 4580 4632 4631
f 4581 4582 4633
f 4581 4633 4632
f 4582 4583 4634
f 4582 4634 4633
f 4583 4584 4635
f 4583 4635 4634
f 4584 4585 4636
f 4584 4636 4635
f 4585 4586 4637
f 4585 4637 4636
f 4586 4587 4638
f 4586 4638 4637
f 4587 4588 4639
f 4587 4639 4638
f 4588 4589 4640
f 4588 4640 4639
f 4589 4590 4641
f 4589 4641 4640
f 4590 4591 4642
f 4590 4642 4641
f 4591 4592 4643
f 4591 4643 4642
f 4592 4593 4644
f 4592 4644 4643
f 4593 4594 4645
f 4593 4645 4644
f 4594 4544 4595
f 4594 4595 4645
f 4595 4596 4647
f 4595 4647 4646
f 4596 4597 4648
f 4596 4648 4647
f 4597 4598 4649
f 4597 4649 4648
f 4598 4599 4650
f 4598 4650 4649
f 4599 4600 4651
f 4599 4651 4650
f 4600 4601 4652
f 4600 4652 4651
f 4601 4602 4653
f 4601 4653 4652
f 4602 4603 4654
f 4602 4654 4653
f 4603 4604 4655
f 4603 4655 4654
f 4604 4605 4656
f 4604 4656 4655
f 4605 4606 4657
f 4605 4657 4656
f 4606 4607 4658
f 4606 4658 4657
f 4607 4608 4659
f 4607 4659 4658
f 4608 4609 4660
f 4608 4660 4659
f 4609 4610 4661
f 4609 4661 4660
f 4610 4611 4662
f 4610 4662 4661
f 4611 4612 4663
f 4611 4663 4662
f 4612 4613 4664
f 4612 4664 4663
f 4613 4614 4665
f 4613 4665 4664
f 4614 4615 4666
f 4614 4666 4665
f 4615 4616 4667
f 4615 4667 4666
f 4616 4617 4668
f 4616 4668 4667
f 4617 4618 4669
f 4617 4669 4668
f 4618 4619 4670
f 4618 4670 4669
f 4619 4620 4671
f 4619 4671 4670
f 4620 4621 4672
f 4620 4672 4671
f 4621 4622 4673
f 4621 4673 4672
f 4622 4623 4674
f 4622 4674 4673
f 4623 4624 4675
f 4623 4675 4674
f 4624 4625 4676
f 4624 4676 4675
f 4625 4626 4677
f 4625 4677 4676
f 4626 4627 4678
f 4626 4678 4677
f 4627 4628 4679
f 4627 4679 4678
f 4628 4629 4680
f 4628 4680 4679
f 4629 4630 4681
f 4629 4681 4680
f 4630 4631 4682
f 4630 4682 4681
f 4631 4632 4683
f 4631 4683 4682
f 4632 4633 4684
f 4632 4684 4683
f 4633 4634 4685
f 4633 4685 4684
f 4634 4635 4686
f 4634 4686 4685
f 4635 4636 4687
f 4635 4687 4686
f 4636 4637 4688
f 4636 4688 4687
f 4637 4638 4689
f 4637 4689 4688
f 4638 4639 4690
f 4638 4690 4689
f 4639 4640 4691
f 4639 4691 4690
f 4640 4641 4692
f 4640 4692 4691
f 4641 4642 4693
f 4641 4693 4692
f 4642 4643 4694
f 4642 4694 4693
f 4643 4644 4695
f 4643 4695 4694
f 4644 4645 4696
f 4644 4696 4695
f 4645 4595 4646
f 4645 4646 4696
f 4646 4647 4698
f 4646 4698 4697
f 4647 4648 4699
f 4647 4699 4698
f 4648 4649 4700
f 4648 4700 4699
f 4649 4650 4701
f 4649 4701 4700
f 4650 4651 4702
f 4650 4702 4701
f 4651 4652 4703
f 4651 4703 4702
f 4652 4653 4704
f 4652 4704 4703
f 4653 4654 4705
f 4653 4705 4704
f 4654 4655 4706
f 4654 4706 4705
f 4655 4656 4707
f 4655 4707 4706
f 4656 4657 4708
f 4656 4708 4707
f 4657 4658 4709
f 4657 4709 4708
f 4658 4659 4710
f 4658 4710 4709
f 4659 4660 4711
f 4659 4711 4710
f 4660 4661 4712
f 4660 4712 4711
f 4661 4662 4713
f 4661 4713 4712
f 4662 4663 4714
f 4662 4714 4713
f 4663 4664 4715
f 4663 4715 4714
f 4664 4665 4716
f 4664 4716 4715
f 4665 4666 4717
f 4665 4717 4716
f 4666 4667 4718
f 4666 4718 4717
f 4667 4668 4719
f 4667 4719 4718
f 4668 4669 4720
f 4668 4720 4719
f 4669 4670 4721
f 4669 4721 4720
f 4670 4671 4722
f 4670 4722 4721
f 4671 4672 4723
f 4671 4723 4722
f 4672 4673 4724
f 4672 4724 4723
f 4673 4674 4725
f 4673 4725 4724
f 4674 4675 4726
f 4674 4726 4725
f 4675 4676 4727
f 4675 4727 4726
f 4676 4677 4728
f 4676 4728 4727
f 4677 4678 4729
f 4677 4729 4728
f 4678 4679 4730
f 4678 4730 4729
f 4679 4680 4731
f 4679 4731 4730
f 4680 4681 4732
f 4680 4732 4731
f 4681 4682 4733
f 4681 4733 4732
f 4682 4683 4734
f 4682 4734 4733
f 4683 4684 4735
f 4683 4735 4734
f 4684 4685 4736
f 4684 4736 4735
f 4685 4686 4737
f 4685 4737 4736
f 4686 4687 4738
f 4686 4738 4737
f 4687 4688 4739
f 4687 4739 4738
f 4688 4689 4740
f 4688 4740 4739
f 4689 4690 4741
f 4689 4741 4740
f 4690 4691 4742
f 4690 4742 4741
f 4691 4692 4743
f 4691 4743 4742
f 4692 4693 4744
f 4692 4744 4743
f 4693 4694 4745
f 4693 4745 4744
f 4694 4695 4746
f 4694 4746 4745
f 4695 4696 4747
f 4695 4747 4746
f 4696 4646 4697
f 4696 4697 4747
f 4697 4698 4749
f 4697 4749 4748
f 4698 4699 4750
f 4698 4750 4749
f 4699 4700 4751
f 4699 4751 4750
f 4700 4701 4752
f 4700 4752 4751
f 4701 4702 4753
f 4701 4753 4752
f 4702 4703 4754
f 4702 4754 4753
f 4703 4704 4755
f 4703 4755 4754
f 4704 4705 4756
f 4704 4756 4755
f 4705 4706 4757
f 4705 4757 4756
f 4706 4707 4758
f 4706 4758 4757
f 4707 4708 4759
f 4707 4759 4758
f 4708 4709 4760
f 4708 4760 4759
f 4709 4710 4761
f 4709 4761 4760
f 4710 4711 4762
f 4710 4762 4761
f 4711 4712 4763
f 4711 4763 4762
f 4712 4713 4764
f 4712 4764 4763
f 4713 4714 4765
f 4713 4765 4764
f 4714 4715 4766
f 4714 4766 4765
f 4715 4716 4767
f 4715 4767 4766
f 4716 4717 4768
f 4716 4768 4767
f 4717 4718 4769
f 4717 4769 4768
f 4718 4719 4770
f 4718 4770 4769
f 4719 4720 4771
f 4719 4771 4770
f 4720 4721 4772
f 4720 4772 4771
f 4721 4722 4773
f 4721 4773 4772
f 4722 4723 4774
f 4722 4774 4773
f 4723 4724 4775
f 4723 4775 4774
f 4724 4725 4776
f 4724 4776 4775
f 4725 4726 4777
f 4725 4777 4776
f 4726 4727 4778
f 4726 4778 4777
f 4727 4728 4779
f 4727 4779 4778
f 4728 4729 4780
f 4728 4780 4779
f 4729 4730 4781
f 4729 4781 4780
f 4730 4731 4782
f 4730 4782 4781
f 4731 4732 4783
f 4731 4783 4782
f 4732 4733 4784
f 4732 4784 4783
f 4733 4734 4785
f 4733 4785 4784
f 4734 4735 4786
f 4734 4786 4785
f 4735 4736 4787
f 4735 4787 4786
f 4736 4737 4788
f 4736 4788 4787
f 4737 4738 4789
f 4737 4789 4788
f 4738 4739 4790
f 4738 4790 4789
f 4739 4740 4791
f 4739 4791 4790
f 4740 4741 4792
f 4740 4792 4791
f 4741 4742 4793
f 4741 4793 4792
f 4742 4743 4794
f 4742 4794 4793
f 4743 4744 4795
f 4743 4795 4794
f 4744 4745 4796
f 4744 4796 4795
f 4745 4746 4797
f 4745 4797 4796
f 4746 4747 4798
f 4746 4798 4797
f 4747 4697 4748
f 4747 4748 4798
f 4748 4749 4800
f 4748 4800 4799
f 4749 4750 4801
f 4749 4801 4800
f 4750 4751 4802
f 4750 4802 4801
f 4751 4752 4803
f 4751 4803 4802
f 4752 4753 4804
f 4752 4804 4803
f 4753 4754 4805
f 4753 4805 4804
f 4754 4755 4806
f 4754 4806 4805
f 4755 4756 4807
f 4755 4807 4806
f 4756 4757 4808
f 4756 4808 4807
f 4757 4758 4809
f 4757 4809 4808
f 4758 4759 4810
f 4758 4810 4809
f 4759 4760 4811
f 4759 4811 4810
f 4760 4761 4812
f 4760 4812 4811
f 4761 4762 4813
f 4761 4813 4812
f 4762 4763 4814
f 4762 4814 4813
f 4763 4764 4815
f 4763 4815 4814
f 4764 4765 4816
f 4764 4816 4815
f 4765 4766 4817
f 4765 4817 4816
f 4766 4767 4818
f 4766 4818 4817
f 4767 4768 4819
f 4767 4819 4818
f 4768 4769 4820
f 4768 4820 4819
f 4769 4770 4821
f 4769 4821 4820
f 4770 4771 4822
f 4770 4822 4821
f 4771 4772 4823
f 4771 4823 4822
f 4772 4773 4824
f 4772 4824 4823
f 4773 4774 4825
f 4773 4825 4824
f 4774 4775 4826
f 4774 4826 4825
f 4775 4776 4827
f 4775 4827 4826
f 4776 4777 4828
f 4776 4828 4827
f 4777 4778 4829
f 4777 4829 4828
f 4778 4779 4830
f 4778 4830 4829
f 4779 4780 4831
f 4779 4831 4830
f 4780 4781 4832
f 4780 4832 4831
f 4781 4782 4833
f 4781 4833 4832
f 4782 4783 4834
f 4782 4834 4833
f 4783 4784 4835
f 4783 4835 4834
f 4784 4785 4836
f 4784 4836 4835
f 4785 4786 4837
f 4785 4837 4836
f 4786 4787 4838
f 4786 4838 4837
f 4787 4788 4839
f 4787 4839 4838
f 4788 4789 4840
f 4788 4840 4839
f 4789 4790 4841
f 4789 4841 4840
f 4790 4791 4842
f 4790 4842 4841
f 4791 4792 4843
f 4791 4843 4842
f 4792 4793 4844
f 4792 4844 4843
f 4793 4794 4845
f 4793 4845 4844
f 4794 4795 4846
f 4794 4846 4845
f 4795 4796 4847
f 4795 4847 4846
f 4796 4797 4848
f 4796 4848 4847
f 4797 4798 4849
f 4797 4849 4848
f 4798 4748 4799
f 4798 4799 4849
f 4799 4800 4851
f 4799 4851 4850
f 4800 4801 4852
f 4800 4852 4851
f 4801 4802 4853
f 4801 4853 4852
f 4802 4803 4854
f 4802 4854 4853
f 4803 4804 4855
f 4803 4855 4854
f 4804 4805 4856
f 4804 4856 4855
f 4805 4806 4857
f 4805 4857 4856
f 4806 4807 4858
f 4806 4858 4857
f 4807 4808 4859
f 4807 4859 4858
f 4808 4809 4860
f 4808 4860 4859
f 4809 4810 4861
f 4809 4861 4860
f 4810 4811 4862
f 4810 4862 4861
f 4811 4812 4863
f 4811 4863 4862
f 4812 4813 4864
f 4812 4864 4863
f 4813 4814 4865
f 4813 4865 4864
f 4814 4815 4866
f 4814 4866 4865
f 4815 4816 4867
f 4815 4867 4866
f 4816 4817 4868
f 4816 4868 4867
f 4817 4818 4869
f 4817 4869 4868
f 4818 4819 4870
f 4818 4870 4869
f 4819 4820 4871
f 4819 4871 4870
f 4820 4821 4872
f 4820 4872 4871
f 4821 4822 4873
f 4821 4873 4872
f 4822 4823 4874
f 4822 4874 4873
f 4823 4824 4875
f 4823 4875 4874
f 4824 4825 4876
f 4824 4876 4875
f 4825 4826 4877
f 4825 4877 4876
f 4826 4827 4878
f 4826 4878 4877
f 4827 4828 4879
f 4827 4879 4878
f 4828 4829 4880
f 4828 4880 4879
f 4829 4830 4881
f 4829 4881 4880
f 4830 4831 4882
f 4830 4882 4881
f 4831 4832 4883
f 4831 4883 4882
f 4832 4833 4884
f 4832 4884 4883
f 4833 4834 4885
f 4833 4885 4884
f 4834 4835 4886
f 4834 4886 4885
f 4835 4836 4887
f 4835 4887 4886
f 4836 4837 4888
f 4836 4888 4887
f 4837 4838 4889
f 4837 4889 4888
f 4838 4839 4890
f 4838 4890 4889
f 4839 4840 4891
f 4839 4891 4890
f 4840 4841 4892
f 4840 4892 4891
f 4841 4842 4893
f 4841 4893 4892
f 4842 4843 4894
f 4842 4894 4893
f 4843 4844 4895
f 4843 4895 4894
f 4844 4845 4896
f 4844 4896 4895
f 4845 4846 4897
f 4845 4897 4896
f 4846 4847 4898
f 4846 4898 4897
f 4847 4848 4899
f 4847 4899 4898
f 4848 4849 4900
f 4848 4900 4899
f 4849 4799 4850
f 4849 4850 4900
f 4850 4851 4902
f 4850 4902 4901
f 4851 4852 4903
f 4851 4903 4902
f 4852 4853 4904
f 4852 4904 4903
f 4853 4854 4905
f 4853 4905 4904
f 4854 4855 4906
f 4854 4906 4905
f 4855 4856 4907
f 4855 4907 4906
f 4856 4857 4908
f 4856 4908 4907
f 4857 4858 4909
f 4857 4909 4908
f 4858 4859 4910
f 4858 4910 4909
f 4859 4860 4911
f 4859 4911 4910
f 4860 4861 4912
f 4860 4912 4911
f 4861 4862 4913
f 4861 4913 4912
f 4862 4863 4914
f 4862 4914 4913
f 4863 4864 4915
f 4863 4915 4914
f 4864 4865 4916
f 4864 4916 4915
f 4865 4866 4917
f 4865 4917 4916
f 4866 4867 4918
f 4866 4918 4917
f 4867 4868 4919
f 4867 4919 4918
f 4868 4869 4920
f 4868 4920 4919
f 4869 4870 4921
f 4869 4921 4920
f 4870 4871 4922
f 4870 4922 4921
f 4871 4872 4923
f 4871 4923 4922
f 4872 4873 4924
f 4872 4924 4923
f 4873 4874 4925
f 4873 4925 4924
f 4874 4875 4926
f 4874 4926 4925
f 4875 4876 4927
f 4875 4927 4926
f 4876 4877 4928
f 4876 4928 4927
f 4877 4878 4929
f 4877 4929 4928
f 4878 4879 4930
f 4878 4930 4929
f 4879 4880 4931
f 4879 4931 4930
f 4880 4881 4932
f 4880 4932 4931
f 4881 4882 4933
f 4881 4933 4932
f 4882 4883 4934
f 4882 4934 4933
f 4883 4884 4935
f 4883 4935 4934
f 4884 4885 4936
f 4884 4936 4935
f 4885 4886 4937
f 4885 4937 4936
f 4886 4887 4938
f 4886 4938 4937
f 4887 4888 4939
f 4887 4939 4938
f 4888 4889 4940
f 4888 4940 4939
f 4889 4890 4941
f 4889 4941 4940
f 4890 4891 4942
f 4890 4942 4941
f 4891 4892 4943
f 4891 4943 4942
f 4892 4893 4944
f 4892 4944 4943
f 4893 4894 4945
f 4893 4945 4944
f 4894 4895 4946
f 4894 4946 4945
f 4895 4896 4947
f 4895 4947 4946
f 4896 4897 4948
f 4896 4948 4947
f 4897 4898 4949
f 4897 4949 4948
f 4898 4899 4950
f 4898 4950 4949
f 4899 4900 4951
f 4899 4951 4950
f 4900 4850 4901
f 4900 4901 4951
f 4901 4902 4953
f 4901 4953 4952
f 4902 4903 4954
f 4902 4954 4953
f 4903 4904 4955
f 4903 4955 4954
f 4904 4905 4956
f 4904 4956 4955
f 4905 4906 4957
f 4905 4957 4956
f 4906 4907 4958
f 4906 4958 4957
f 4907 4908 4959
f 4907 4959 4958
f 4908 4909 4960
f 4908 4960 4959
f 4909 4910 4961
f 4909 4961 4960
f 4910 4911 4962
f 4910 4962 4961
f 4911 4912 4963
f 4911 4963 4962
f 4912 4913 4964
f 4912 4964 4963
f 4913 4914 4965
f 4913 4965 4964
f 4914 4915 4966
f 4914 4966 4965
f 4915 4916 4967
f 4915 4967 4966
f 4916 4917 4968
f 4916 4968 4967
f 4917 4918 4969
f 4917 4969 4968
f 4918 4919 4970
f 4918 4970 4969
f 4919 4920 4971
f 4919 4971 4970
f 4920 4921 4972
f 4920 4972 4971
f 4921 4922 4973
f 4921 4973 4972
f 4922 4923 4974
f 4922 4974 4973
f 4923 4924 4975
f 4923 4975 4974
f 4924 4925 4976
f 4924 4976 4975
f 4925 4926 4977
f 4925 4977 4976
f 4926 4927 4978
f 4926 4978 4977
f 4927 4928 4979
f 4927 4979 4978
f 4928 4929 4980
f 4928 4980 4979
f 4929 4930 4981
f 4929 4981 4980
f 4930 4931 4982
f 4930 4982 4981
f 4931 4932 4983
f 4931 4983 4982
f 4932 4933 4984
f 4932 4984 4983
f 4933 4934 4985
f 4933 4985 4984
f 4934 4935 4986
f 4934 4986 4985
f 4935 4936 4987
f 4935 4987 4986
f 4936 4937 4988
f 4936 4988 4987
f 4937 4938 4989
f 4937 4989 4988
f 4938 4939 4990
f 4938 4990 4989
f 4939 4940 4991
f 4939 4991 4990
f 4940 4941 4992
f 4940 4992 4991
f 4941 4942 4993
f 4941 4993 4992
f 4942 4943 4994
f 4942 4994 4993
f 4943 4944 4995
f 4943 4995 4994
f 4944 4945 4996
f 4944 4996 4995
f 4945 4946 4997
f 4945 4997 4996
f 4946 4947 4998
f 4946 4998 4997
f 4947 4948 4999
f 4947 4999 4998
f 4948 4949 5000
f 4948 5000 4999
f 4949 4950 5001
f 4949 5001 5000
f 4950 4951 5002
f 4950 5002 5001
f 4951 4901 4952
f 4951 4952 5002
f 4952 4953 5004
f 4952 5004 5003
f 4953 4954 5005
f 4953 5005 5004
f 4954 4955 5006
f 4954 5006 5005
f 4955 4956 5007
f 4955 5007 5006
f 4956 4957 5008
f 4956 5008 5007
f 4957 4958 5009
f 4957 5009 5008
f 4958 4959 5010
f 4958 5010 5009
f 4959 4960 5011
f 4959 5011 5010
f 4960 4961 5012
f 4960 5012 5011
f 4961 4962 5013
f 4961 5013 5012
f 4962 4963 5014
f 4962 5014 5013
f 4963 4964 5015
f 4963 5015 5014
f 4964 4965 5016
f 4964 5016 5015
f 4965 4966 5017
f 4965 5017 5016
f 4966 4967 5018
f 4966 5018 5017
f 4967 4968 5019
f 4967 5019 5018
f 4968 4969 5020
f 4968 5020 5019
f 4969 4970 5021
f 4969 5021 5020
f 4970 4971 5022
f 4970 5022 5021
f 4971 4972 5023
f 4971 5023 5022
f 4972 4973 5024
f 4972 5024 5023
f 4973 4974 5025
f 4973 5025 5024
f 4974 4975 5026
f 4974 5026 5025
f 4975 4976 5027
f 4975 5027 5026
f 4976 4977 5028
f 4976 5028 5027
f 4977 4978 5029
f 4977 5029 5028
f 4978 4979 5030
f 4978 5030 5029
f 4979 4980 5031
f 4979 5031 5030
f 4980 4981 5032
f 4980 5032 5031
f 4981 4982 5033
f 4981 5033 5032
f 4982 4983 5034
f 4982 5034 5033
f 4983 4984 5035
f 4983 5035 5034
f 4984 4985 5036
f 4984 5036 5035
f 4985 4986 5037
f 4985 5037 5036
f 4986 4987 5038
f 4986 5038 5037
f 4987 4988 5039
f 4987 5039 5038
f 4988 4989 5040
f 4988 5040 5039
f 4989 4990 5041
f 4989 5041 5040
f 4990 4991 5042
f 4990 5042 5041
f 4991 4992 5043
f 4991 5043 5042
f 4992 4993 5044
f 4992 5044 5043
f 4993 4994 5045
f 4993 5045 5044
f 4994 4995 5046
f 4994 5046 5045
f 4995 4996 5047
f 4995 5047 5046
f 4996 4997 5048
f 4996 5048 5047
f 4997 4998 5049
f 4997 5049 5048
f 4998 4999 5050
f 4998 5050 5049
f 4999 5000 5051
f 4999 5051 5050
f 5000 5001 5052
f 5000 5052 5051
f 5001 5002 5053
f 5001 5053 5052
f 5002 4952 5003
f 5002 5003 5053
f 5054 3372 3371
f 5054 3373 3372
f 5054 3374 3373
f 5054 3375 3374
f 5054 3376 3375
f 5054 3377 3376
f 5054 3378 3377
f 5054 3379 3378
f 5054 3380 3379
f 5054 3381 3380
f 5054 3382 3381
f 5054 3383 3382
f 5054 3384 3383
f 5054 3385 3384
f 5054 3386 3385
f 5054 3387 3386
f 5054 3388 3387
f 5054 3389 3388
f 5054 3390 3389
f 5054 3391 3390
f 5054 3392 3391
f 5054 3393 3392
f 5054 3394 3393
f 5054 3395 3394
f 5054 3396 3395
f 5054 3397 3396
f 5054 3398 3397
f 5054 3399 3398
f 5054 3400 3399
f 5054 3401 3400
f 5054 3402 3401
f 5054 3403 3402
f 5054 3404 3403
f 5054 3405 3404
f 5054 3406 3405
f 5054 3407 3406
f 5054 3408 3407
f 5054 3409 3408
f 5054 3410 3409
f 5054 3411 3410
f 5054 3412 3411
f 5054 3413 3412
f 5054 3414 3413
f 5054 3415 3414
f 5054 3416 3415
f 5054 3417 3416
f 5054 3418 3417
f 5054 3419 3418
f 5054 3420 3419
f 5054 3421 3420
f 5054 3371 3421
f 5055 5003 5004
f 5055 5004 5005
f 5055 5005 5006
f 5055 5006 5007
f 5055 5007 5008
f 5055 5008 5009
f 5055 5009 5010
f 5055 5010 5011
f 5055 5011 5012
f 5055 5012 5013
f 5055 5013 5014
f 5055 5014 5015
f 5055 5015 5016
f 5055 5016 5017
f 5055 5017 5018
f 5055 5018 5019
f 5055 5019 5020
f 5055 5020 5021
f 5055 5021 5022
f 5055 5022 5023
f 5055 5023 5024
f 5055 5024 5025
f 5055 5025 5026
f 5055 5026 5027
f 5055 5027 5028
f 5055 5028 5029
f 5055 5029 5030
f 5055 5030 5031
f 5055 5031 5032
f 5055 5032 5033
f 5055 5033 5034
f 5055 5034 5035
f 5055 5035 5036
f 5055 5036 5037
f 5055 5037 5038
f 5055 5038 5039
f 5055 5039 5040
f 5055 5040 5041
f 5055 5041 5042
f 5055 5042 5043
f 5055 5043 5044
f 5055 5044 5045
f 5055 5045 5046
f 5055 5046 5047
f 5055 5047 5048
f 5055 5048 5049
f 5055 5049 5050
f 5055 5050 5051
f 5055 5051 5052
f 5055 5052 5053
f 5055 5053 5003
f 5056 5057 5108
f 5056 5108 5107
f 5057 5058 5109
f 5057 5109 5108
f 5058 5059 5110
f 5058 5110 5109
f 5059 5060 5111
f 5059 5111 5110
f 5060 5061 5112
f 5060 5112 5111
f 5061 5062 5113
f 5061 5113 5112
f 5062 5063 5114
f 5062 5114 5113
f 5063 5064 5115
f 5063 5115 5114
f 5064 5065 5116
f 5064 5116 5115
f 5065 5066 5117
f 5065 5117 5116
f 5066 5067 5118
f 5066 5118 5117
f 5067 5068 5119
f 5067 5119 5118
f 5068 5069 5120
f 5068 5120 5119
f 5069 5070 5121
f 5069 5121 5120
f 5070 5071 5122
f 5070 5122 5121
f 5071 5072 5123
f 5071 5123 5122
f 5072 5073 5124
f 5072 5124 5123
f 5073 5074 5125
f 5073 5125 5124
f 5074 5075 5126
f 5074 5126 5125
f 5075 5076 5127
f 5075 5127 5126
f 5076 5077 5128
f 5076 5128 5127
f 5077 5078 5129
f 5077 5129 5128
f 5078 5079 5130
f 5078 5130 5129
f 5079 5080 5131
f 5079 5131 5130
f 5080 5081 5132
f 5080 5132 5131
f 5081 5082 5133
f 5081 5133 5132
f 5082 5083 5134
f 5082 5134 5133
f 5083 5084 5135
f 5083 5135 5134
f 5084 5085 5136
f 5084 5136 5135
f 5085 5086 5137
f 5085 5137 5136
f 5086 5087 5138
f 5086 5138 5137
f 5087 5088 5139
f 5087 5139 5138
f 5088 5089 5140
f 5088 5140 5139
f 5089 5090 5141
f 5089 5141 5140
f 5090 5091 5142
f 5090 5142 5141
f 5091 5092 5143
f 5091 5143 5142
f 5092 5093 5144
f 5092 5144 5143
f 5093 5094 5145
f 5093 5145 5144
f 5094 5095 5146
f 5094 5146 5145
f 5095 5096 5147
f 5095 5147 5146
f 5096 5097 5148
f 5096 5148 5147
f 5097 5098 5149
f 5097 5149 5148
f 5098 5099 5150
f 5098 5150 5149
f 5099 5100 5151
f 5099 5151 5150
f 5100 5101 5152
f 5100 5152 5151
f 5101 5102 5153
f 5101 5153 5152
f 5102 5103 5154
f 5102 5154 5153
f 5103 5104 5155
f 5103 5155 5154
f 5104 5105 5156
f 5104 5156 5155
f 5105 5106 5157
f 5105 5157 5156
f 5106 5056 5107
f 5106 5107 5157
f 5107 5108 5159
f 5107 5159 5158
f 5108 5109 5160
f 5108 5160 5159
f 5109 5110 5161
f 5109 5161 5160
f 5110 5111 5162
f 5110 5162 5161
f 5111 5112 5163
f 5111 5163 5162
f 5112 5113 5164
f 5112 5164 5163
f 5113 5114 5165
f 5113 5165 5164
f 5114 5115 5166
f 5114 5166 5165
f 5115 5116 5167
f 5115 5167 5166
f 5116 5117 5168
f 5116 5168 5167
f 5117 5118 5169
f 5117 5169 5168
f 5118 5119 5170
f 5118 5170 5169
f 5119 5120 5171
f 5119 5171 5170
f 5120 5121 5172
f 5120 5172 5171
f 5121 5122 5173
f 5121 5173 5172
f 5122 5123 5174
f 5122 5174 5173
f 5123 5124 5175
f 5123 5175 5174
f 5124 5125 5176
f 5124 5176 5175
f 5125 5126 5177
f 5125 5177 5176
f 5126 5127 5178
f 5126 5178 5177
f 5127 5128 5179
f 5127 5179 5178
f 5128 5129 5180
f 5128 5180 5179
f 5129 5130 5181
f 5129 5181 5180
f 5130 5131 5182
f 5130 5182 5181
f 5131 5132 5183
f 5131 5183 5182
f 5132 5133 5184
f 5132 5184 5183
f 5133 5134 5185
f 5133 5185 5184
f 5134 5135 5186
f 5134 5186 5185
f 5135 5136 5187
f 5135 5187 5186
f 5136 5137 5188
f 5136 5188 5187
f 5137 5138 5189
f 5137 5189 5188
f 5138 5139 5190
f 5138 5190 5189
f 5139 5140 5191
f 5139 5191 5190
f 5140 5141 5192
f 5140 5192 5191
f 5141 5142 5193
f 5141 5193 5192
f 5142 5143 5194
f 5142 5194 5193
f 5143 5144 5195
f 5143 5195 5194
f 5144 5145 5196
f 5144 5196 5195
f 5145 5146 5197
f 5145 5197 5196
f 5146 5147 5198
f 5146 5198 5197
f 5147 5148 5199
f 5147 5199 5198
f 5148 5149 5200
f 5148 5200 5199
f 5149 5150 5201
f 5149 5201 5200
f 5150 5151 5202
f 5150 5202 5201
f 5151 5152 5203
f 5151 5203 5202
f 5152 5153 5204
f 5152 5204 5203
f 5153 5154 5205
f 5153 5205 5204
f 5154 5155 5206
f 5154 5206 5205
f 5155 5156 5207
f 5155 5207 5206
f 5156 5157 5208
f 5156 5208 5207
f 5157 5107 5158
f 5157 5158 5208
f 5158 5159 5210
f 5158 5210 5209
f 5159 5160 5211
f 5159 5211 5210
f 5160 5161 5212
f 5160 5212 5211
f 5161 5162 5213
f 5161 5213 5212
f 5162 5163 5214
f 5162 5214 5213
f 5163 5164 5215
f 5163 5215 5214
f 5164 5165 5216
f 5164 5216 5215
f 5165 5166 5217
f 5165 5217 5216
f 5166 5167 5218
f 5166 5218 5217
f 5167 5168 5219
f 5167 5219 5218
f 5168 5169 5220
f 5168 5220 5219
f 5169 5170 5221
f 5169 5221 5220
f 5170 5171 5222
f 5170 5222 5221
f 5171 5172 5223
f 5171 5223 5222
f 5172 5173 5224
f 5172 5224 5223
f 5173 5174 5225
f 5173 5225 5224
f 5174 5175 5226
f 5174 5226 5225
f 5175 5176 5227
f 5175 5227 5226
f 5176 5177 5228
f 5176 5228 5227
f 5177 5178 5229
f 5177 5229 5228
f 5178 5179 5230
f 5178 5230 5229
f 5179 5180 5231
f 5179 5231 5230
f 5180 5181 5232
f 5180 5232 5231
f 5181 5182 5233
f 5181 5233 5232
f 5182 5183 5234
f 5182 5234 5233
f 5183 5184 5235
f 5183 5235 5234
f 5184 5185 5236
f 5184 5236 5235
f 5185 5186 5237
f 5185 5237 5236
f 5186 5187 5238
f 5186 5238 5237
f 5187 5188 5239
f 5187 5239 5238
f 5188 5189 5240
f 5188 5240 5239
f 5189 5190 5241
f 5189 5241 5240
f 5190 5191 5242
f 5190 5242 5241
f 5191 5192 5243
f 5191 5243 5242
f 5192 5193 5244
f 5192 5244 5243
f 5193 5194 5245
f 5193 5245 5244
f 5194 5195 5246
f 5194 5246 5245
f 5195 5196 5247
f 5195 5247 5246
f 5196 5197 5248
f 5196 5248 5247
f 5197 5198 5249
f 5197 5249 5248
f 5198 5199 5250
f 5198 5250 5249
f 5199 5200 5251
f 5199 5251 5250
f 5200 5201 5252
f 5200 5252 5251
f 5201 5202 5253
f 5201 5253 5252
f 5202 5203 5254
f 5202 5254 5253
f 5203 5204 5255
f 5203 5255 5254
f 5204 5205 5256
f 5204 5256 5255
f 5205 5206 5257
f 5205 5257 5256
f 5206 5207 5258
f 5206 5258 5257
f 5207 5208 5259
f 5207 5259 5258
f 5208 5158 5209
f 5208 5209 5259
f 5209 5210 5261
f 5209 5261 5260
f 5210 5211 5262
f 5210 5262 5261
f 5211 5212 5263
f 5211 5263 5262
f 5212 5213 5264
f 5212 5264 5263
f 5213 5214 5265
f 5213 5265 5264
f 5214 5215 5266
f 5214 5266 5265
f 5215 5216 5267
f 5215 5267 5266
f 5216 5217 5268
f 5216 5268 5267
f 5217 5218 5269
f 5217 5269 5268
f 5218 5219 5270
f 5218 5270 5269
f 5219 5220 5271
f 5219 5271 5270
f 5220 5221 5272
f 5220 5272 5271
f 5221 5222 5273
f 5221 5273 5272
f 5222 5223 5274
f 5222 5274 5273
f 5223 5224 5275
f 5223 5275 5274
f 5224 5225 5276
f 5224 5276 5275
f 5225 5226 5277
f 5225 5277 5276
f 5226 5227 5278
f 5226 5278 5277
f 5227 5228 5279
f 5227 5279 5278
f 5228 5229 5280
f 5228 5280 5279
f 5229 5230 5281
f 5229 5281 5280
f 5230 5231 5282
f 5230 5282 5281
f 5231 5232 5283
f 5231 5283 5282
f 5232 5233 5284
f 5232 5284 5283
f 5233 5234 5285
f 5233 5285 5284
f 5234 5235 5286
f 5234 5286 5285
f 5235 5236 5287
f 5235 5287 5286
f 5236 5237 5288
f 5236 5288 5287
f 5237 5238 5289
f 5237 5289 5288
f 5238 5239 5290
f 5238 5290 5289
f 5239 5240 5291
f 5239 5291 5290
f 5240 5241 5292
f 5240 5292 5291
f 5241 5242 5293
f 5241 5293 5292
f 5242 5243 5294
f 5242 5294 5293
f 5243 5244 5295
f 5243 5295 5294
f 5244 5245 5296
f 5244 5296 5295
f 5245 5246 5297
f 5245 5297 5296
f 5246 5247 5298
f 5246 5298 5297
f 5247 5248 5299
f 5247 5299 5298
f 5248 5249 5300
f 5248 5300 5299
f 5249 5250 5301
f 5249 5301 5300
f 5250 5251 5302
f 5250 5302 5301
f 5251 5252 5303
f 5251 5303 5302
f 5252 5253 5304
f 5252 5304 5303
f 5253 5254 5305
f 5253 5305 5304
f 5254 5255 5306
f 5254 5306 5305
f 5255 5256 5307
f 5255 5307 5306
f 5256 5257 5308
f 5256 5308 5307
f 5257 5258 5309
f 5257 5309 5308
f 5258 5259 5310
f 5258 5310 5309
f 5259 5209 5260
f 5259 5260 5310
f 5260 5261 5312
f 5260 5312 5311
f 5261 5262 5313
f 5261 5313 5312
f 5262 5263 5314
f 5262 5314 5313
f 5263 5264 5315
f 5263 5315 5314
f 5264 5265 5316
f 5264 5316 5315
f 5265 5266 5317
f 5265 5317 5316
f 5266 5267 5318
f 5266 5318 5317
f 5267 5268 5319
f 5267 5319 5318
f 5268 5269 5320
f 5268 5320 5319
f 5269 5270 5321
f 5269 5321 5320
f 5270 5271 5322
f 5270 5322 5321
f 5271 5272 5323
f 5271 5323 5322
f 5272 5273 5324
f 5272 5324 5323
f 5273 5274 5325
f 5273 5325 5324
f 5274 5275 5326
f 5274 5326 5325
f 5275 5276 5327
f 5275 5327 5326
f 5276 5277 5328
f 5276 5328 5327
f 5277 5278 5329
f 5277 5329 5328
f 5278 5279 5330
f 5278 5330 5329
f 5279 5280 5331
f 5279 5331 5330
f 5280 5281 5332
f 5280 5332 5331
f 5281 5282 5333
f 5281 5333 5332
f 5282 5283 5334
f 5282 5334 5333
f 5283 5284 5335
f 5283 5335 5334
f 5284 5285 5336
f 5284 5336 5335
f 5285 5286 5337
f 5285 5337 5336
f 5286 5287 5338
f 5286 5338 5337
f 5287 5288 5339
f 5287 5339 5338
f 5288 5289 5340
f 5288 5340 5339
f 5289 5290 5341
f 5289 5341 5340
f 5290 5291 5342
f 5290 5342 5341
f 5291 5292 5343
f 5291 5343 5342
f 5292 5293 5344
f 5292 5344 5343
f 5293 5294 5345
f 5293 5345 5344
f 5294 5295 5346
f 5294 5346 5345
f 5295 5296 5347
f 5295 5347 5346
f 5296 5297 5348
f 5296 5348 5347
f 5297 5298 5349
f 5297 5349 5348
f 5298 5299 5350
f 5298 5350 5349
f 5299 5300 5351
f 5299 5351 5350
f 5300 5301 5352
f 5300 5352 5351
f 5301 5302 5353
f 5301 5353 5352
f 5302 5303 5354
f 5302 5354 5353
f 5303 5304 5355
f 5303 5355 5354
f 5304 5305 5356
f 5304 5356 5355
f 5305 5306 5357
f 5305 5357 5356
f 5306 5307 5358
f 5306 5358 5357
f 5307 5308 5359
f 5307 5359 5358
f 5308 5309 5360
f 5308 5360 5359
f 5309 5310 5361
f 5309 5361 5360
f 5310 5260 5311
f 5310 5311 5361
f 5311 5312 5363
f 5311 5363 5362
f 5312 5313 5364
f 5312 5364 5363
f 5313 5314 5365
f 5313 5365 5364
f 5314 5315 5366
f 5314 5366 5365
f 5315 5316 5367
f 5315 5367 5366
f 5316 5317 5368
f 5316 5368 5367
f 5317 5318 5369
f 5317 5369 5368
f 5318 5319 5370
f 5318 5370 5369
f 5319 5320 5371
f 5319 5371 5370
f 5320 5321 5372
f 5320 5372 5371
f 5321 5322 5373
f 5321 5373 5372
f 5322 5323 5374
f 5322 5374 5373
f 5323 5324 5375
f 5323 5375 5374
f 5324 5325 5376
f 5324 5376 5375
f 5325 5326 5377
f 5325 5377 5376
f 5326 5327 5378
f 5326 5378 5377
f 5327 5328 5379
f 5327 5379 5378
f 5328 5329 5380
f 5328 5380 5379
f 5329 5330 5381
f 5329 5381 5380
f 5330 5331 5382
f 5330 5382 5381
f 5331 5332 5383
f 5331 5383 5382
f 5332 5333 5384
f 5332 5384 5383
f 5333 5334 5385
f 5333 5385 5384
f 5334 5335 5386
f 5334 5386 5385
f 5335 5336 5387
f 5335 5387 5386
f 5336 5337 5388
f 5336 5388 5387
f 5337 5338 5389
f 5337 5389 5388
f 5338 5339 5390
f 5338 5390 5389
f 5339 5340 5391
f 5339 5391 5390
f 5340 5341 5392
f 5340 5392 5391
f 5341 5342 5393
f 5341 5393 5392
f 5342 5343 5394
f 5342 5394 5393
f 5343 5344 5395
f 5343 5395 5394
f 5344 5345 5396
f 5344 5396 5395
f 5345 5346 5397
f 5345 5397 5396
f 5346 5347 5398
f 5346 5398 5397
f 5347 5348 5399
f 5347 5399 5398
f 5348 5349 5400
f 5348 5400 5399
f 5349 5350 5401
f 5349 5401 5400
f 5350 5351 5402
f 5350 5402 5401
f 5351 5352 5403
f 5351 5403 5402
f 5352 5353 5404
f 5352 5404 5403
f 5353 5354 5405
f 5353 5405 5404
f 5354 5355 5406
f 5354 5406 5405
f 5355 5356 5407
f 5355 5407 5406
f 5356 5357 5408
f 5356 5408 5407
f 5357 5358 5409
f 5357 5409 5408
f 5358 5359 5410
f 5358 5410 5409
f 5359 5360 5411
f 5359 5411 5410
f 5360 5361 5412
f 5360 5412 5411
f 5361 5311 5362
f 5361 5362 5412
f 5362 5363 5414
f 5362 5414 5413
f 5363 5364 5415
f 5363 5415 5414
f 5364 5365 5416
f 5364 5416 5415
f 5365 5366 5417
f 5365 5417 5416
f 5366 5367 5418
f 5366 5418 5417
f 5367 5368 5419
f 5367 5419 5418
f 5368 5369 5420
f 5368 5420 5419
f 5369 5370 5421
f 5369 5421 5420
f 5370 5371 5422
f 5370 5422 5421
f 5371 5372 5423
f 5371 5423 5422
f 5372 5373 5424
f 5372 5424 5423
f 5373 5374 5425
f 5373 5425 5424
f 5374 5375 5426
f 5374 5426 5425
f 5375 5376 5427
f 5375 5427 5426
f 5376 5377 5428
f 5376 5428 5427
f 5377 5378 5429
f 5377 5429 5428
f 5378 5379 5430
f 5378 5430 5429
f 5379 5380 5431
f 5379 5431 5430
f 5380 5381 5432
f 5380 5432 5431
f 5381 5382 5433
f 5381 5433 5432
f 5382 5383 5434
f 5382 5434 5433
f 5383 5384 5435
f 5383 5435 5434
f 5384 5385 5436
f 5384 5436 5435
f 5385 5386 5437
f 5385 5437 5436
f 5386 5387 5438
f 5386 5438 5437
f 5387 5388 5439
f 5387 5439 5438
f 5388 5389 5440
f 5388 5440 5439
f 5389 5390 5441
f 5389 5441 5440
f 5390 5391 5442
f 5390 5442 5441
f 5391 5392 5443
f 5391 5443 5442
f 5392 5393 5444
f 5392 5444 5443
f 5393 5394 5445
f 5393 5445 5444
f 5394 5395 5446
f 5394 5446 5445
f 5395 5396 5447
f 5395 5447 5446
f 5396 5397 5448
f 5396 5448 5447
f 5397 5398 5449
f 5397 5449 5448
f 5398 5399 5450
f 5398 5450 5449
f 5399 5400 5451
f 5399 5451 5450
f 5400 5401 5452
f 5400 5452 5451
f 5401 5402 5453
f 5401 5453 5452
f 5402 5403 5454
f 5402 5454 5453
f 5403 5404 5455
f 5403 5455 5454
f 5404 5405 5456
f 5404 5456 5455
f 5405 5406 5457
f 5405 5457 5456
f 5406 5407 5458
f 5406 5458 5457
f 5407 5408 5459
f 5407 5459 5458
f 5408 5409 5460
f 5408 5460 5459
f 5409 5410 5461
f 5409 5461 5460
f 5410 5411 5462
f 5410 5462 5461
f 5411 5412 5463
f 5411 5463 5462
f 5412 5362 5413
f 5412 5413 5463
f 5413 5414 5465
f 5413 5465 5464
f 5414 5415 5466
f 5414 5466 5465
f 5415 5416 5467
f 5415 5467 5466
f 5416 5417 5468
f 5416 5468 5467
f 5417 5418 5469
f 5417 5469 5468
f 5418 5419 5470
f 5418 5470 5469
f 5419 5420 5471
f 5419 5471 5470
f 5420 5421 5472
f 5420 5472 5471
f 5421 5422 5473
f 5421 5473 5472
f 5422 5423 5474
f 5422 5474 5473
f 5423 5424 5475
f 5423 5475 5474
f 5424 5425 5476
f 5424 5476 5475
f 5425 5426 5477
f 5425 5477 5476
f 5426 5427 5478
f 5426 5478 5477
f 5427 5428 5479
f 5427 5479 5478
f 5428 5429 5480
f 5428 5480 5479
f 5429 5430 5481
f 5429 5481 5480
f 5430 5431 5482
f 5430 5482 5481
f 5431 5432 5483
f 5431 5483 5482
f 5432 5433 5484
f 5432 5484 5483
f 5433 5434 5485
f 5433 5485 5484
f 5434 5435 5486
f 5434 5486 5485
f 5435 5436 5487
f 5435 5487 5486
f 5436 5437 5488
f 5436 5488 5487
f 5437 5438 5489
f 5437 5489 5488
f 5438 5439 5490
f 5438 5490 5489
f 5439 5440 5491
f 5439 5491 5490
f 5440 5441 5492
f 5440 5492 5491
f 5441 5442 5493
f 5441 5493 5492
f 5442 5443 5494
f 5442 5494 5493
f 5443 5444 5495
f 5443 5495 5494
f 5444 5445 5496
f 5444 5496 5495
f 5445 5446 5497
f 5445 5497 5496
f 5446 5447 5498
f 5446 5498 5497
f 5447 5448 5499
f 5447 5499 5498
f 5448 5449 5500
f 5448 5500 5499
f 5449 5450 5501
f 5449 5501 5500
f 5450 5451 5502
f 5450 5502 5501
f 5451 5452 5503
f 5451 5503 5502
f 5452 5453 5504
f 5452 5504 5503
f 5453 5454 5505
f 5453 5505 5504
f 5454 5455 5506
f 5454 5506 5505
f 5455 5456 5507
f 5455 5507 5506
f 5456 5457 5508
f 5456 5508 5507
f 5457 5458 5509
f 5457 5509 5508
f 5458 5459 5510
f 5458 5510 5509
f 5459 5460 5511
f 5459 5511 5510
f 5460 5461 5512
f 5460 5512 5511
f 5461 5462 5513
f 5461 5513 5512
f 5462 5463 5514
f 5462 5514 5513
f 5463 5413 5464
f 5463 5464 5514
f 5464 5465 5516
f 5464 5516 5515
f 5465 5466 5517
f 5465 5517 5516
f 5466 5467 5518
f 5466 5518 5517
f 5467 5468 5519
f 5467 5519 5518
f 5468 5469 5520
f 5468 5520 5519
f 5469 5470 5521
f 5469 5521 5520
f 5470 5471 5522
f 5470 5522 5521
f 5471 5472 5523
f 5471 5523 5522
f 5472 5473 5524
f 5472 5524 5523
f 5473 5474 5525
f 5473 5525 5524
f 5474 5475 5526
f 5474 5526 5525
f 5475 5476 5527
f 5475 5527 5526
f 5476 5477 5528
f 5476 5528 5527
f 5477 5478 5529
f 5477 5529 5528
f 5478 5479 5530
f 5478 5530 5529
f 5479 5480 5531
f 5479 5531 5530
f 5480 5481 5532
f 5480 5532 5531
f 5481 5482 5533
f 5481 5533 5532
f 5482 5483 5534
f 5482 5534 5533
f 5483 5484 5535
f 5483 5535 5534
f 5484 5485 5536
f 5484 5536 5535
f 5485 5486 5537
f 5485 5537 5536
f 5486 5487 5538
f 5486 5538 5537
f 5487 5488 5539
f 5487 5539 5538
f 5488 5489 5540
f 5488 5540 5539
f 5489 5490 5541
f 5489 5541 5540
f 5490 5491 5542
f 5490 5542 5541
f 5491 5492 5543
f 5491 5543 5542
f 5492 5493 5544
f 5492 5544 5543
f 5493 5494 5545
f 5493 5545 5544
f 5494 5495 5546
f 5494 5546 5545
f 5495 5496 5547
f 5495 5547 5546
f 5496 5497 5548
f 5496 5548 5547
f 5497 5498 5549
f 5497 5549 5548
f 5498 5499 5550
f 5498 5550 5549
f 5499 5500 5551
f 5499 5551 5550
f 5500 5501 5552
f 5500 5552 5551
f 5501 5502 5553
f 5501 5553 5552
f 5502 5503 5554
f 5502 5554 5553
f 5503 5504 5555
f 5503 5555 5554
f 5504 5505 5556
f 5504 5556 5555
f 5505 5506 5557
f 5505 5557 5556
f 5506 5507 5558
f 5506 5558 5557
f 5507 5508 5559
f 5507 5559 5558
f 5508 5509 5560
f 5508 5560 5559
f 5509 5510 5561
f 5509 5561 5560
f 5510 5511 5562
f 5510 5562 5561
f 5511 5512 5563
f 5511 5563 5562
f 5512 5513 5564
f 5512 5564 5563
f 5513 5514 5565
f 5513 5565 5564
f 5514 5464 5515
f 5514 5515 5565
f 5515 5516 5567
f 5515 5567 5566
f 5516 5517 5568
f 5516 5568 5567
f 5517 5518 5569
f 5517 5569 5568
f 5518 5519 5570
f 5518 5570 5569
f 5519 5520 5571
f 5519 5571 5570
f 5520 5521 5572
f 5520 5572 5571
f 5521 5522 5573
f 5521 5573 5572
f 5522 5523 5574
f 5522 5574 5573
f 5523 5524 5575
f 5523 5575 5574
f 5524 5525 5576
f 5524 5576 5575
f 5525 5526 5577
f 5525 5577 5576
f 5526 5527 5578
f 5526 5578 5577
f 5527 5528 5579
f 5527 5579 5578
f 5528 5529 5580
f 5528 5580 5579
f 5529 5530 5581
f 5529 5581 5580
f 5530 5531 5582
f 5530 5582 5581
f 5531 5532 5583
f 5531 5583 5582
f 5532 5533 5584
f 5532 5584 5583
f 5533 5534 5585
f 5533 5585 5584
f 5534 5535 5586
f 5534 5586 5585
f 5535 5536 5587
f 5535 5587 5586
f 5536 5537 5588
f 5536 5588 5587
f 5537 5538 5589
f 5537 5589 5588
f 5538 5539 5590
f 5538 5590 5589
f 5539 5540 5591
f 5539 5591 5590
f 5540 5541 5592
f 5540 5592 5591
f 5541 5542 5593
f 5541 5593 5592
f 5542 5543 5594
f 5542 5594 5593
f 5543 5544 5595
f 5543 5595 5594
f 5544 5545 5596
f 5544 5596 5595
f 5545 5546 5597
f 5545 5597 5596
f 5546 5547 5598
f 5546 5598 5597
f 5547 5548 5599
f 5547 5599 5598
f 5548 5549 5600
f 5548 5600 5599
f 5549 5550 5601
f 5549 5601 5600
f 5550 5551 5602
f 5550 5602 5601
f 5551 5552 5603
f 5551 5603 5602
f 5552 5553 5604
f 5552 5604 5603
f 5553 5554 5605
f 5553 5605 5604
f 5554 5555 5606
f 5554 5606 5605
f 5555 5556 5607
f 5555 5607 5606
f 5556 5557 5608
f 5556 5608 5607
f 5557 5558 5609
f 5557 5609 5608
f 5558 5559 5610
f 5558 5610 5609
f 5559 5560 5611
f 5559 5611 5610
f 5560 5561 5612
f 5560 5612 5611
f 5561 5562 5613
f 5561 5613 5612
f 5562 5563 5614
f 5562 5614 5613
f 5563 5564 5615
f 5563 5615 5614
f 5564 5565 5616
f 5564 5616 5615
f 5565 5515 5566
f 5565 5566 5616
f 5566 5567 5618
f 5566 5618 5617
f 5567 5568 5619
f 5567 5619 5618
f 5568 5569 5620
f 5568 5620 5619
f 5569 5570 5621
f 5569 5621 5620
f 5570 5571 5622
f 5570 5622 5621
f 5571 5572 5623
f 5571 5623 5622
f 5572 5573 5624
f 5572 5624 5623
f 5573 5574 5625
f 5573 5625 5624
f 5574 5575 5626
f 5574 5626 5625
f 5575 5576 5627
f 5575 5627 5626
f 5576 5577 5628
f 5576 5628 5627
f 5577 5578 5629
f 5577 5629 5628
f 5578 5579 5630
f 5578 5630 5629
f 5579 5580 5631
f 5579 5631 5630
f 5580 5581 5632
f 5580 5632 5631
f 5581 5582 5633
f 5581 5633 5632
f 5582 5583 5634
f 5582 5634 5633
f 5583 5584 5635
f 5583 5635 5634
f 5584 5585 5636
f 5584 5636 5635
f 5585 5586 5637
f 5585 5637 5636
f 5586 5587 5638
f 5586 5638 5637
f 5587 5588 5639
f 5587 5639 5638
f 5588 5589 5640
f 5588 5640 5639
f 5589 5590 5641
f 5589 5641 5640
f 5590 5591 5642
f 5590 5642 5641
f 5591 5592 5643
f 5591 5643 5642
f 5592 5593 5644
f 5592 5644 5643
f 5593 5594 5645
f 5593 5645 5644
f 5594 5595 5646
f 5594 5646 5645
f 5595 5596 5647
f 5595 5647 5646
f 5596 5597 5648
f 5596 5648 5647
f 5597 5598 5649
f 5597 5649 5648
f 5598 5599 5650
f 5598 5650 5649
f 5599 5600 5651
f 5599 5651 5650
f 5600 5601 5652
f 5600 5652 5651
f 5601 5602 5653
f 5601 5653 5652
f 5602 5603 5654
f 5602 5654 5653
f 5603 5604 5655
f 5603 5655 5654
f 5604 5605 5656
f 5604 5656 5655
f 5605 5606 5657
f 5605 5657 5656
f 5606 5607 5658
f 5606 5658 5657
f 5607 5608 5659
f 5607 5659 5658
f 5608 5609 5660
f 5608 5660 5659
f 5609 5610 5661
f 5609 5661 5660
f 5610 5611 5662
f 5610 5662 5661
f 5611 5612 5663
f 5611 5663 5662
f 5612 5613 5664
f 5612 5664 5663
f 5613 5614 5665
f 5613 5665 5664
f 5614 5615 5666
f 5614 5666 5665
f 5615 5616 5667
f 5615 5667 5666
f 5616 5566 5617
f 5616 5617 5667
f 5617 5618 5669
f 5617 5669 5668
f 5618 5619 5670
f 5618 5670 5669
f 5619 5620 5671
f 5619 5671 5670
f 5620 5621 5672
f 5620 5672 5671
f 5621 5622 5673
f 5621 5673 5672
f 5622 5623 5674
f 5622 5674 5673
f 5623 5624 5675
f 5623 5675 5674
f 5624 5625 5676
f 5624 5676 5675
f 5625 5626 5677
f 5625 5677 5676
f 5626 5627 5678
f 5626 5678 5677
f 5627 5628 5679
f 5627 5679 5678
f 5628 5629 5680
f 5628 5680 5679
f 5629 5630 5681
f 5629 5681 5680
f 5630 5631 5682
f 5630 5682 5681
f 5631 5632 5683
f 5631 5683 5682
f 5632 5633 5684
f 5632 5684 5683
f 5633 5634 5685
f 5633 5685 5684
f 5634 5635 5686
f 5634 5686 5685
f 5635 5636 5687
f 5635 5687 5686
f 5636 5637 5688
f 5636 5688 5687
f 5637 5638 5689
f 5637 5689 5688
f 5638 5639 5690
f 5638 5690 5689
f 5639 5640 5691
f 5639 5691 5690
f 5640 5641 5692
f 5640 5692 5691
f 5641 5642 5693
f 5641 5693 5692
f 5642 5643 5694
f 5642 5694 5693
f 5643 5644 5695
f 5643 5695 5694
f 5644 5645 5696
f 5644 5696 5695
f 5645 5646 5697
f 5645 5697 5696
f 5646 5647 5698
f 5646 5698 5697
f 5647 5648 5699
f 5647 5699 5698
f 5648 5649 5700
f 5648 5700 5699
f 5649 5650 5701
f 5649 5701 5700
f 5650 5651 5702
f 5650 5702 5701
f 5651 5652 5703
f 5651 5703 5702
f 5652 5653 5704
f 5652 5704 5703
f 5653 5654 5705
f 5653 5705 5704
f 5654 5655 5706
f 5654 5706 5705
f 5655 5656 5707
f 5655 5707 5706
f 5656 5657 5708
f 5656 5708 5707
f 5657 5658 5709
f 5657 5709 5708
f 5658 5659 5710
f 5658 5710 5709
f 5659 5660 5711
f 5659 5711 5710
f 5660 5661 5712
f 5660 5712 5711
f 5661 5662 5713
f 5661 5713 5712
f 5662 5663 5714
f 5662 5714 5713
f 5663 5664 5715
f 5663 5715 5714
f 5664 5665 5716
f 5664 5716 5715
f 5665 5666 5717
f 5665 5717 5716
f 5666 5667 5718
f 5666 5718 5717
f 5667 5617 5668
f 5667 5668 5718
f 5668 5669 5720
f 5668 5720 5719
f 5669 5670 5721
f 5669 5721 5720
f 5670 5671 5722
f 5670 5722 5721
f 5671 5672 5723
f 5671 5723 5722
f 5672 5673 5724
f 5672 5724 5723
f 5673 5674 5725
f 5673 5725 5724
f 5674 5675 5726
f 5674 5726 5725
f 5675 5676 5727
f 5675 5727 5726
f 5676 5677 5728
f 5676 5728 5727
f 5677 5678 5729
f 5677 5729 5728
f 5678 5679 5730
f 5678 5730 5729
f 5679 5680 5731
f 5679 5731 5730
f 5680 5681 5732
f 5680 5732 5731
f 5681 5682 5733
f 5681 5733 5732
f 5682 5683 5734
f 5682 5734 5733
f 5683 5684 5735
f 5683 5735 5734
f 5684 5685 5736
f 5684 5736 5735
f 5685 5686 5737
f 5685 5737 5736
f 5686 5687 5738
f 5686 5738 5737
f 5687 5688 5739
f 5687 5739 5738
f 5688 5689 5740
f 5688 5740 5739
f 5689 5690 5741
f 5689 5741 5740
f 5690 5691 5742
f 5690 5742 5741
f 5691 5692 5743
f 5691 5743 5742
f 5692 5693 5744
f 5692 5744 5743
f 5693 5694 5745
f 5693 5745 5744
f 5694 5695 5746
f 5694 5746 5745
f 5695 5696 5747
f 5695 5747 5746
f 5696 5697 5748
f 5696 5748 5747
f 5697 5698 5749
f 5697 5749 5748
f 5698 5699 5750
f 5698 5750 5749
f 5699 5700 5751
f 5699 5751 5750
f 5700 5701 5752
f 5700 5752 5751
f 5701 5702 5753
f 5701 5753 5752
f 5702 5703 5754
f 5702 5754 5753
f 5703 5704 5755
f 5703 5755 5754
f 5704 5705 5756
f 5704 5756 5755
f 5705 5706 5757
f 5705 5757 5756
f 5706 5707 5758
f 5706 5758 5757
f 5707 5708 5759
f 5707 5759 5758
f 5708 5709 5760
f 5708 5760 5759
f 5709 5710 5761
f 5709 5761 5760
f 5710 5711 5762
f 5710 5762 5761
f 5711 5712 5763
f 5711 5763 5762
f 5712 5713 5764
f 5712 5764 5763
f 5713 5714 5765
f 5713 5765 5764
f 5714 5715 5766
f 5714 5766 5765
f 5715 5716 5767
f 5715 5767 5766
f 5716 5717 5768
f 5716 5768 5767
f 5717 5718 5769
f 5717 5769 5768
f 5718 5668 5719
f 5718 5719 5769
f 5719 5720 5771
f 5719 5771 5770
f 5720 5721 5772
f 5720 5772 5771
f 5721 5722 5773
f 5721 5773 5772
f 5722 5723 5774
f 5722 5774 5773
f 5723 5724 5775
f 5723 5775 5774
f 5724 5725 5776
f 5724 5776 5775
f 5725 5726 5777
f 5725 5777 5776
f 5726 5727 5778
f 5726 5778 5777
f 5727 5728 5779
f 5727 5779 5778
f 5728 5729 5780
f 5728 5780 5779
f 5729 5730 5781
f 5729 5781 5780
f 5730 5731 5782
f 5730 5782 5781
f 5731 5732 5783
f 5731 5783 5782
f 5732 5733 5784
f 5732 5784 5783
f 5733 5734 5785
f 5733 5785 5784
f 5734 5735 5786
f 5734 5786 5785
f 5735 5736 5787
f 5735 5787 5786
f 5736 5737 5788
f 5736 5788 5787
f 5737 5738 5789
f 5737 5789 5788
f 5738 5739 5790
f 5738 5790 5789
f 5739 5740 5791
f 5739 5791 5790
f 5740 5741 5792
f 5740 5792 5791
f 5741 5742 5793
f 5741 5793 5792
f 5742 5743 5794
f 5742 5794 5793
f 5743 5744 5795
f 5743 5795 5794
f 5744 5745 5796
f 5744 5796 5795
f 5745 5746 5797
f 5745 5797 5796
f 5746 5747 5798
f 5746 5798 5797
f 5747 5748 5799
f 5747 5799 5798
f 5748 5749 5800
f 5748 5800 5799
f 5749 5750 5801
f 5749 5801 5800
f 5750 5751 5802
f 5750 5802 5801
f 5751 5752 5803
f 5751 5803 5802
f 5752 5753 5804
f 5752 5804 5803
f 5753 5754 5805
f 5753 5805 5804
f 5754 5755 5806
f 5754 5806 5805
f 5755 5756 5807
f 5755 5807 5806
f 5756 5757 5808
f 5756 5808 5807
f 5757 5758 5809
f 5757 5809 5808
f 5758 5759 5810
f 5758 5810 5809
f 5759 5760 5811
f 5759 5811 5810
f 5760 5761 5812
f 5760 5812 5811
f 5761 5762 5813
f 5761 5813 5812
f 5762 5763 5814
f 5762 5814 5813
f 5763 5764 5815
f 5763 5815 5814
f 5764 5765 5816
f 5764 5816 5815
f 5765 5766 5817
f 5765 5817 5816
f 5766 5767 5818
f 5766 5818 5817
f 5767 5768 5819
f 5767 5819 5818
f 5768 5769 5820
f 5768 5820 5819
f 5769 5719 5770
f 5769 5770 5820
f 5770 5771 5822
f 5770 5822 5821
f 5771 5772 5823
f 5771 5823 5822
f 5772 5773 5824
f 5772 5824 5823
f 5773 5774 5825
f 5773 5825 5824
f 5774 5775 5826
f 5774 5826 5825
f 5775 5776 5827
f 5775 5827 5826
f 5776 5777 5828
f 5776 5828 5827
f 5777 5778 5829
f 5777 5829 5828
f 5778 5779 5830
f 5778 5830 5829
f 5779 5780 5831
f 5779 5831 5830
f 5780 5781 5832
f 5780 5832 5831
f 5781 5782 5833
f 5781 5833 5832
f 5782 5783 5834
f 5782 5834 5833
f 5783 5784 5835
f 5783 5835 5834
f 5784 5785 5836
f 5784 5836 5835
f 5785 5786 5837
f 5785 5837 5836
f 5786 5787 5838
f 5786 5838 5837
f 5787 5788 5839
f 5787 5839 5838
f 5788 5789 5840
f 5788 5840 5839
f 5789 5790 5841
f 5789 5841 5840
f 5790 5791 5842
f 5790 5842 5841
f 5791 5792 5843
f 5791 5843 5842
f 5792 5793 5844
f 5792 5844 5843
f 5793 5794 5845
f 5793 5845 5844
f 5794 5795 5846
f 5794 5846 5845
f 5795 5796 5847
f 5795 5847 5846
f 5796 5797 5848
f 5796 5848 5847
f 5797 5798 5849
f 5797 5849 5848
f 5798 5799 5850
f 5798 5850 5849
f 5799 5800 5851
f 5799 5851 5850
f 5800 5801 5852
f 5800 5852 5851
f 5801 5802 5853
f 5801 5853 5852
f 5802 5803 5854
f 5802 5854 5853
f 5803 5804 5855
f 5803 5855 5854
f 5804 5805 5856
f 5804 5856 5855
f 5805 5806 5857
f 5805 5857 5856
f 5806 5807 5858
f 5806 5858 5857
f 5807 5808 5859
f 5807 5859 5858
f 5808 5809 5860
f 5808 5860 5859
f 5809 5810 5861
f 5809 5861 5860
f 5810 5811 5862
f 5810 5862 5861
f 5811 5812 5863
f 5811 5863 5862
f 5812 5813 5864
f 5812 5864 5863
f 5813 5814 5865
f 5813 5865 5864
f 5814 5815 5866
f 5814 5866 5865
f 5815 5816 5867
f 5815 5867 5866
f 5816 5817 5868
f 5816 5868 5867
f 5817 5818 5869
f 5817 5869 5868
f 5818 5819 5870
f 5818 5870 5869
f 5819 5820 5871
f 5819 5871 5870
f 5820 5770 5821
f 5820 5821 5871
f 5821 5822 5873
f 5821 5873 5872
f 5822 5823 5874
f 5822 5874 5873
f 5823 5824 5875
f 5823 5875 5874
f 5824 5825 5876
f 5824 5876 5875
f 5825 5826 5877
f 5825 5877 5876
f 5826 5827 5878
f 5826 5878 5877
f 5827 5828 5879
f 5827 5879 5878
f 5828 5829 5880
f 5828 5880 5879
f 5829 5830 5881
f 5829 5881 5880
f 5830 5831 5882
f 5830 5882 5881
f 5831 5832 5883
f 5831 5883 5882
f 5832 5833 5884
f 5832 5884 5883
f 5833 5834 5885
f 5833 5885 5884
f 5834 5835 5886
f 5834 5886 5885
f 5835 5836 5887
f 5835 5887 5886
f 5836 5837 5888
f 5836 5888 5887
f 5837 5838 5889
f 5837 5889 5888
f 5838 5839 5890
f 5838 5890 5889
f 5839 5840 5891
f 5839 5891 5890
f 5840 5841 5892
f 5840 5892 5891
f 5841 5842 5893
f 5841 5893 5892
f 5842 5843 5894
f 5842 5894 5893
f 5843 5844 5895
f 5843 5895 5894
f 5844 5845 5896
f 5844 5896 5895
f 5845 5846 5897
f 5845 5897 5896
f 5846 5847 5898
f 5846 5898 5897
f 5847 5848 5899
f 5847 5899 5898
f 5848 5849 5900
f 5848 5900 5899
f 5849 5850 5901
f 5849 5901 5900
f 5850 5851 5902
f 5850 5902 5901
f 5851 5852 5903
f 5851 5903 5902
f 5852 5853 5904
f 5852 5904 5903
f 5853 5854 5905
f 5853 5905 5904
f 5854 5855 5906
f 5854 5906 5905
f 5855 5856 5907
f 5855 5907 5906
f 5856 5857 5908
f 5856 5908 5907
f 5857 5858 5909
f 5857 5909 5908
f 5858 5859 5910
f 5858 5910 5909
f 5859 5860 5911
f 5859 5911 5910
f 5860 5861 5912
f 5860 5912 5911
f 5861 5862 5913
f 5861 5913 5912
f 5862 5863 5914
f 5862 5914 5913
f 5863 5864 5915
f 5863 5915 5914
f 5864 5865 5916
f 5864 5916 5915
f 5865 5866 5917
f 5865 5917 5916
f 5866 5867 5918
f 5866 5918 5917
f 5867 5868 5919
f 5867 5919 5918
f 5868 5869 5920
f 5868 5920 5919
f 5869 5870 5921
f 5869 5921 5920
f 5870 5871 5922
f 5870 5922 5921
f 5871 5821 5872
f 5871 5872 5922
f 5872 5873 5924
f 5872 5924 5923
f 5873 5874 5925
f 5873 5925 5924
f 5874 5875 5926
f 5874 5926 5925
f 5875 5876 5927
f 5875 5927 5926
f 5876 5877 5928
f 5876 5928 5927
f 5877 5878 5929
f 5877 5929 5928
f 5878 5879 5930
f 5878 5930 5929
f 5879 5880 5931
f 5879 5931 5930
f 5880 5881 5932
f 5880 5932 5931
f 5881 5882 5933
f 5881 5933 5932
f 5882 5883 5934
f 5882 5934 5933
f 5883 5884 5935
f 5883 5935 5934
f 5884 5885 5936
f 5884 5936 5935
f 5885 5886 5937
f 5885 5937 5936
f 5886 5887 5938
f 5886 5938 5937
f 5887 5888 5939
f 5887 5939 5938
f 5888 5889 5940
f 5888 5940 5939
f 5889 5890 5941
f 5889 5941 5940
f 5890 5891 5942
f 5890 5942 5941
f 5891 5892 5943
f 5891 5943 5942
f 5892 5893 5944
f 5892 5944 5943
f 5893 5894 5945
f 5893 5945 5944
f 5894 5895 5946
f 5894 5946 5945
f 5895 5896 5947
f 5895 5947 5946
f 5896 5897 5948
f 5896 5948 5947
f 5897 5898 5949
f 5897 5949 5948
f 5898 5899 5950
f 5898 5950 5949
f 5899 5900 5951
f 5899 5951 5950
f 5900 5901 5952
f 5900 5952 5951
f 5901 5902 5953
f 5901 5953 5952
f 5902 5903 5954
f 5902 5954 5953
f 5903 5904 5955
f 5903 5955 5954
f 5904 5905 5956
f 5904 5956 5955
f 5905 5906 5957
f 5905 5957 5956
f 5906 5907 5958
f 5906 5958 5957
f 5907 5908 5959
f 5907 5959 5958
f 5908 5909 5960
f 5908 5960 5959
f 5909 5910 5961
f 5909 5961 5960
f 5910 5911 5962
f 5910 5962 5961
f 5911 5912 5963
f 5911 5963 5962
f 5912 5913 5964
f 5912 5964 5963
f 5913 5914 5965
f 5913 5965 5964
f 5914 5915 5966
f 5914 5966 5965
f 5915 5916 5967
f 5915 5967 5966
f 5916 5917 5968
f 5916 5968 5967
f 5917 5918 5969
f 5917 5969 5968
f 5918 5919 5970
f 5918 5970 5969
f 5919 5920 5971
f 5919 5971 5970
f 5920 5921 5972
f 5920 5972 5971
f 5921 5922 5973
f 5921 5973 5972
f 5922 5872 5923
f 5922 5923 5973
f 5923 5924 5975
f 5923 5975 5974
f 5924 5925 5976
f 5924 5976 5975
f 5925 5926 5977
f 5925 5977 5976
f 5926 5927 5978
f 5926 5978 5977
f 5927 5928 5979
f 5927 5979 5978
f 5928 5929 5980
f 5928 5980 5979
f 5929 5930 5981
f 5929 5981 5980
f 5930 5931 5982
f 5930 5982 5981
f 5931 5932 5983
f 5931 5983 5982
f 5932 5933 5984
f 5932 5984 5983
f 5933 5934 5985
f 5933 5985 5984
f 5934 5935 5986
f 5934 5986 5985
f 5935 5936 5987
f 5935 5987 5986
f 5936 5937 5988
f 5936 5988 5987
f 5937 5938 5989
f 5937 5989 5988
f 5938 5939 5990
f 5938 5990 5989
f 5939 5940 5991
f 5939 5991 5990
f 5940 5941 5992
f 5940 5992 5991
f 5941 5942 5993
f 5941 5993 5992
f 5942 5943 5994
f 5942 5994 5993
f 5943 5944 5995
f 5943 5995 5994
f 5944 5945 5996
f 5944 5996 5995
f 5945 5946 5997
f 5945 5997 5996
f 5946 5947 5998
f 5946 5998 5997
f 5947 5948 5999
f 5947 5999 5998
f 5948 5949 6000
f 5948 6000 5999
f 5949 5950 6001
f 5949 6001 6000
f 5950 5951 6002
f 5950 6002 6001
f 5951 5952 6003
f 5951 6003 6002
f 5952 5953 6004
f 5952 6004 6003
f 5953 5954 6005
f 5953 6005 6004
f 5954 5955 6006
f 5954 6006 6005
f 5955 5956 6007
f 5955 6007 6006
f 5956 5957 6008
f 5956 6008 6007
f 5957 5958 6009
f 5957 6009 6008
f 5958 5959 6010
f 5958 6010 6009
f 5959 5960 6011
f 5959 6011 6010
f 5960 5961 6012
f 5960 6012 6011
f 5961 5962 6013
f 5961 6013 6012
f 5962 5963 6014
f 5962 6014 6013
f 5963 5964 6015
f 5963 6015 6014
f 5964 5965 6016
f 5964 6016 6015
f 5965 5966 6017
f 5965 6017 6016
f 5966 5967 6018
f 5966 6018 6017
f 5967 5968 6019
f 5967 6019 6018
f 5968 5969 6020
f 5968 6020 6019
f 5969 5970 6021
f 5969 6021 6020
f 5970 5971 6022
f 5970 6022 6021
f 5971 5972 6023
f 5971 6023 6022
f 5972 5973 6024
f 5972 6024 6023
f 5973 5923 5974
f 5973 5974 6024
f 5974 5975 6026
f 5974 6026 6025
f 5975 5976 6027
f 5975 6027 6026
f 5976 5977 6028
f 5976 6028 6027
f 5977 5978 6029
f 5977 6029 6028
f 5978 5979 6030
f 5978 6030 6029
f 5979 5980 6031
f 5979 6031 6030
f 5980 5981 6032
f 5980 6032 6031
f 5981 5982 6033
f 5981 6033 6032
f 5982 5983 6034
f 5982 6034 6033
f 5983 5984 6035
f 5983 6035 6034
f 5984 5985 6036
f 5984 6036 6035
f 5985 5986 6037
f 5985 6037 6036
f 5986 5987 6038
f 5986 6038 6037
f 5987 5988 6039
f 5987 6039 6038
f 5988 5989 6040
f 5988 6040 6039
f 5989 5990 6041
f 5989 6041 6040
f 5990 5991 6042
f 5990 6042 6041
f 5991 5992 6043
f 5991 6043 6042
f 5992 5993 6044
f 5992 6044 6043
f 5993 5994 6045
f 5993 6045 6044
f 5994 5995 6046
f 5994 6046 6045
f 5995 5996 6047
f 5995 6047 6046
f 5996 5997 6048
f 5996 6048 6047
f 5997 5998 6049
f 5997 6049 6048
f 5998 5999 6050
f 5998 6050 6049
f 5999 6000 6051
f 5999 6051 6050
f 6000 6001 6052
f 6000 6052 6051
f 6001 6002 6053
f 6001 6053 6052
f 6002 6003 6054
f 6002 6054 6053
f 6003 6004 6055
f 6003 6055 6054
f 6004 6005 6056
f 6004 6056 6055
f 6005 6006 6057
f 6005 6057 6056
f 6006 6007 6058
f 6006 6058 6057
f 6007 6008 6059
f 6007 6059 6058
f 6008 6009 6060
f 6008 6060 6059
f 6009 6010 6061
f 6009 6061 6060
f 6010 6011 6062
f 6010 6062 6061
f 6011 6012 6063
f 6011 6063 6062
f 6012 6013 6064
f 6012 6064 6063
f 6013 6014 6065
f 6013 6065 6064
f 6014 6015 6066
f 6014 6066 6065
f 6015 6016 6067
f 6015 6067 6066
f 6016 6017 6068
f 6016 6068 6067
f 6017 6018 6069
f 6017 6069 6068
f 6018 6019 6070
f 6018 6070 6069
f 6019 6020 6071
f 6019 6071 6070
f 6020 6021 6072
f 6020 6072 6071
f 6021 6022 6073
f 6021 6073 6072
f 6022 6023 6074
f 6022 6074 6073
f 6023 6024 6075
f 6023 6075 6074
f 6024 5974 6025
f 6024 6025 6075
f 6025 6026 6077
f 6025 6077 6076
f 6026 6027 6078
f 6026 6078 6077
f 6027 6028 6079
f 6027 6079 6078
f 6028 6029 6080
f 6028 6080 6079
f 6029 6030 6081
f 6029 6081 6080
f 6030 6031 6082
f 6030 6082 6081
f 6031 6032 6083
f 6031 6083 6082
f 6032 6033 6084
f 6032 6084 6083
f 6033 6034 6085
f 6033 6085 6084
f 6034 6035 6086
f 6034 6086 6085
f 6035 6036 6087
f 6035 6087 6086
f 6036 6037 6088
f 6036 6088 6087
f 6037 6038 6089
f 6037 6089 6088
f 6038 6039 6090
f 6038 6090 6089
f 6039 6040 6091
f 6039 6091 6090
f 6040 6041 6092
f 6040 6092 6091
f 6041 6042 6093
f 6041 6093 6092
f 6042 6043 6094
f 6042 6094 6093
f 6043 6044 6095
f 6043 6095 6094
f 6044 6045 6096
f 6044 6096 6095
f 6045 6046 6097
f 6045 6097 6096
f 6046 6047 6098
f 6046 6098 6097
f 6047 6048 6099
f 6047 6099 6098
f 6048 6049 6100
f 6048 6100 6099
f 6049 6050 6101
f 6049 6101 6100
f 6050 6051 6102
f 6050 6102 6101
f 6051 6052 6103
f 6051 6103 6102
f 6052 6053 6104
f 6052 6104 6103
f 6053 6054 6105
f 6053 6105 6104
f 6054 6055 6106
f 6054 6106 6105
f 6055 6056 6107
f 6055 6107 6106
f 6056 6057 6108
f 6056 6108 6107
f 6057 6058 6109
f 6057 6109 6108
f 6058 6059 6110
f 6058 6110 6109
f 6059 6060 6111
f 6059 6111 6110
f 6060 6061 6112
f 6060 6112 6111
f 6061 6062 6113
f 6061 6113 6112
f 6062 6063 6114
f 6062 6114 6113
f 6063 6064 6115
f 6063 6115 6114
f 6064 6065 6116
f 6064 6116 6115
f 6065 6066 6117
f 6065 6117 6116
f 6066 6067 6118
f 6066 6118 6117
f 6067 6068 6119
f 6067 6119 6118
f 6068 6069 6120
f 6068 6120 6119
f 6069 6070 6121
f 6069 6121 6120
f 6070 6071 6122
f 6070 6122 6121
f 6071 6072 6123
f 6071 6123 6122
f 6072 6073 6124
f 6072 6124 6123
f 6073 6074 6125
f 6073 6125 6124
f 6074 6075 6126
f 6074 6126 6125
f 6075 6025 6076
f 6075 6076 6126
f 6076 6077 6128
f 6076 6128 6127
f 6077 6078 6129
f 6077 6129 6128
f 6078 6079 6130
f 6078 6130 6129
f 6079 6080 6131
f 6079 6131 6130
f 6080 6081 6132
f 6080 6132 6131
f 6081 6082 6133
f 6081 6133 6132
f 6082 6083 6134
f 6082 6134 6133
f 6083 6084 6135
f 6083 6135 6134
f 6084 6085 6136
f 6084 6136 6135
f 6085 6086 6137
f 6085 6137 6136
f 6086 6087 6138
f 6086 6138 6137
f 6087 6088 6139
f 6087 6139 6138
f 6088 6089 6140
f 6088 6140 6139
f 6089 6090 6141
f 6089 6141 6140
f 6090 6091 6142
f 6090 6142 6141
f 6091 6092 6143
f 6091 6143 6142
f 6092 6093 6144
f 6092 6144 6143
f 6093 6094 6145
f 6093 6145 6144
f 6094 6095 6146
f 6094 6146 6145
f 6095 6096 6147
f 6095 6147 6146
f 6096 6097 6148
f 6096 6148 6147
f 6097 6098 6149
f 6097 6149 6148
f 6098 6099 6150
f 6098 6150 6149
f 6099 6100 6151
f 6099 6151 6150
f 6100 6101 6152
f 6100 6152 6151
f 6101 6102 6153
f 6101 6153 6152
f 6102 6103 6154
f 6102 6154 6153
f 6103 6104 6155
f 6103 6155 6154
f 6104 6105 6156
f 6104 6156 6155
f 6105 6106 6157
f 6105 6157 6156
f 6106 6107 6158
f 6106 6158 6157
f 6107 6108 6159
f 6107 6159 6158
f 6108 6109 6160
f 6108 6160 6159
f 6109 6110 6161
f 6109 6161 6160
f 6110 6111 6162
f 6110 6162 6161
f 6111 6112 6163
f 6111 6163 6162
f 6112 6113 6164
f 6112 6164 6163
f 6113 6114 6165
f 6113 6165 6164
f 6114 6115 6166
f 6114 6166 6165
f 6115 6116 6167
f 6115 6167 6166
f 6116 6117 6168
f 6116 6168 6167
f 6117 6118 6169
f 6117 6169 6168
f 6118 6119 6170
f 6118 6170 6169
f 6119 6120 6171
f 6119 6171 6170
f 6120 6121 6172
f 6120 6172 6171
f 6121 6122 6173
f 6121 6173 6172
f 6122 6123 6174
f 6122 6174 6173
f 6123 6124 6175
f 6123 6175 6174
f 6124 6125 6176
f 6124 6176 6175
f 6125 6126 6177
f 6125 6177 6176
f 6126 6076 6127
f 6126 6127 6177
f 6127 6128 6179
f 6127 6179 6178
f 6128 6129 6180
f 6128 6180 6179
f 6129 6130 6181
f 6129 6181 6180
f 6130 6131 6182
f 6130 6182 6181
f 6131 6132 6183
f 6131 6183 6182
f 6132 6133 6184
f 6132 6184 6183
f 6133 6134 6185
f 6133 6185 6184
f 6134 6135 6186
f 6134 6186 6185
f 6135 6136 6187
f 6135 6187 6186
f 6136 6137 6188
f 6136 6188 6187
f 6137 6138 6189
f 6137 6189 6188
f 6138 6139 6190
f 6138 6190 6189
f 6139 6140 6191
f 6139 6191 6190
f 6140 6141 6192
f 6140 6192 6191
f 6141 6142 6193
f 6141 6193 6192
f 6142 6143 6194
f 6142 6194 6193
f 6143 6144 6195
f 6143 6195 6194
f 6144 6145 6196
f 6144 6196 6195
f 6145 6146 6197
f 6145 6197 6196
f 6146 6147 6198
f 6146 6198 6197
f 6147 6148 6199
f 6147 6199 6198
f 6148 6149 6200
f 6148 6200 6199
f 6149 6150 6201
f 6149 6201 6200
f 6150 6151 6202
f 6150 6202 6201
f 6151 6152 6203
f 6151 6203 6202
f 6152 6153 6204
f 6152 6204 6203
f 6153 6154 6205
f 6153 6205 6204
f 6154 6155 6206
f 6154 6206 6205
f 6155 6156 6207
f 6155 6207 6206
f 6156 6157 6208
f 6156 6208 6207
f 6157 6158 6209
f 6157 6209 6208
f 6158 6159 6210
f 6158 6210 6209
f 6159 6160 6211
f 6159 6211 6210
f 6160 6161 6212
f 6160 6212 6211
f 6161 6162 6213
f 6161 6213 6212
f 6162 6163 6214
f 6162 6214 6213
f 6163 6164 6215
f 6163 6215 6214
f 6164 6165 6216
f 6164 6216 6215
f 6165 6166 6217
f 6165 6217 6216
f 6166 6167 6218
f 6166 6218 6217
f 6167 6168 6219
f 6167 6219 6218
f 6168 6169 6220
f 6168 6220 6219
f 6169 6170 6221
f 6169 6221 6220
f 6170 6171 6222
f 6170 6222 6221
f 6171 6172 6223
f 6171 6223 6222
f 6172 6173 6224
f 6172 6224 6223
f 6173 6174 6225
f 6173 6225 6224
f 6174 6175 6226
f 6174 6226 6225
f 6175 6176 6227
f 6175 6227 6226
f 6176 6177 6228
f 6176 6228 6227
f 6177 6127 6178
f 6177 6178 6228
f 6178 6179 6230
f 6178 6230 6229
f 6179 6180 6231
f 6179 6231 6230
f 6180 6181 6232
f 6180 6232 6231
f 6181 6182 6233
f 6181 6233 6232
f 6182 6183 6234
f 6182 6234 6233
f 6183 6184 6235
f 6183 6235 6234
f 6184 6185 6236
f 6184 6236 6235
f 6185 6186 6237
f 6185 6237 6236
f 6186 6187 6238
f 6186 6238 6237
f 6187 6188 6239
f 6187 6239 6238
f 6188 6189 6240
f 6188 6240 6239
f 6189 6190 6241
f 6189 6241 6240
f 6190 6191 6242
f 6190 6242 6241
f 6191 6192 6243
f 6191 6243 6242
f 6192 6193 6244
f 6192 6244 6243
f 6193 6194 6245
f 6193 6245 6244
f 6194 6195 6246
f 6194 6246 6245
f 6195 6196 6247
f 6195 6247 6246
f 6196 6197 6248
f 6196 6248 6247
f 6197 6198 6249
f 6197 6249 6248
f 6198 6199 6250
f 6198 6250 6249
f 6199 6200 6251
f 6199 6251 6250
f 6200 6201 6252
f 6200 6252 6251
f 6201 6202 6253
f 6201 6253 6252
f 6202 6203 6254
f 6202 6254 6253
f 6203 6204 6255
f 6203 6255 6254
f 6204 6205 6256
f 6204 6256 6255
f 6205 6206 6257
f 6205 6257 6256
f 6206 6207 6258
f 6206 6258 6257
f 6207 6208 6259
f 6207 6259 6258
f 6208 6209 6260
f 6208 6260 6259
f 6209 6210 6261
f 6209 6261 6260
f 6210 6211 6262
f 6210 6262 6261
f 6211 6212 6263
f 6211 6263 6262
f 6212 6213 6264
f 6212 6264 6263
f 6213 6214 6265
f 6213 6265 6264
f 6214 6215 6266
f 6214 6266 6265
f 6215 6216 6267
f 6215 6267 6266
f 6216 6217 6268
f 6216 6268 6267
f 6217 6218 6269
f 6217 6269 6268
f 6218 6219 6270
f 6218 6270 6269
f 6219 6220 6271
f 6219 6271 6270
f 6220 6221 6272
f 6220 6272 6271
f 6221 6222 6273
f 6221 6273 6272
f 6222 6223 6274
f 6222 6274 6273
f 6223 6224 6275
f 6223 6275 6274
f 6224 6225 6276
f 6224 6276 6275
f 6225 6226 6277
f 6225 6277 6276
f 6226 6227 6278
f 6226 6278 6277
f 6227 6228 6279
f 6227 6279 6278
f 6228 6178 6229
f 6228 6229 6279
f 6229 6230 6281
f 6229 6281 6280
f 6230 6231 6282
f 6230 6282 6281
f 6231 6232 6283
f 6231 6283 6282
f 6232 6233 6284
f 6232 6284 6283
f 6233 6234 6285
f 6233 6285 6284
f 6234 6235 6286
f 6234 6286 6285
f 6235 6236 6287
f 6235 6287 6286
f 6236 6237 6288
f 6236 6288 6287
f 6237 6238 6289
f 6237 6289 6288
f 6238 6239 6290
f 6238 6290 6289
f 6239 6240 6291
f 6239 6291 6290
f 6240 6241 6292
f 6240 6292 6291
f 6241 6242 6293
f 6241 6293 6292
f 6242 6243 6294
f 6242 6294 6293
f 6243 6244 6295
f 6243 6295 6294
f 6244 6245 6296
f 6244 6296 6295
f 6245 6246 6297
f 6245 6297 6296
f 6246 6247 6298
f 6246 6298 6297
f 6247 6248 6299
f 6247 6299 6298
f 6248 6249 6300
f 6248 6300 6299
f 6249 6250 6301
f 6249 6301 6300
f 6250 6251 6302
f 6250 6302 6301
f 6251 6252 6303
f 6251 6303 6302
f 6252 6253 6304
f 6252 6304 6303
f 6253 6254 6305
f 6253 6305 6304
f 6254 6255 6306
f 6254 6306 6305
f 6255 6256 6307
f 6255 6307 6306
f 6256 6257 6308
f 6256 6308 6307
f 6257 6258 6309
f 6257 6309 6308
f 6258 6259 6310
f 6258 6310 6309
f 6259 6260 6311
f 6259 6311 6310
f 6260 6261 6312
f 6260 6312 6311
f 6261 6262 6313
f 6261 6313 6312
f 6262 6263 6314
f 6262 6314 6313
f 6263 6264 6315
f 6263 6315 6314
f 6264 6265 6316
f 6264 6316 6315
f 6265 6266 6317
f 6265 6317 6316
f 6266 6267 6318
f 6266 6318 6317
f 6267 6268 6319
f 6267 6319 6318
f 6268 6269 6320
f 6268 6320 6319
f 6269 6270 6321
f 6269 6321 6320
f 6270 6271 6322
f 6270 6322 6321
f 6271 6272 6323
f 6271 6323 6322
f 6272 6273 6324
f 6272 6324 6323
f 6273 6274 6325
f 6273 6325 6324
f 6274 6275 6326
f 6274 6326 6325
f 6275 6276 6327
f 6275 6327 6326
f 6276 6277 6328
f 6276 6328 6327
f 6277 6278 6329
f 6277 6329 6328
f 6278 6279 6330
f 6278 6330 6329
f 6279 6229 6280
f 6279 6280 6330
f 6280 6281 6332
f 6280 6332 6331
f 6281 6282 6333
f 6281 6333 6332
f 6282 6283 6334
f 6282 6334 6333
f 6283 6284 6335
f 6283 6335 6334
f 6284 6285 6336
f 6284 6336 6335
f 6285 6286 6337
f 6285 6337 6336
f 6286 6287 6338
f 6286 6338 6337
f 6287 6288 6339
f 6287 6339 6338
f 6288 6289 6340
f 6288 6340 6339
f 6289 6290 6341
f 6289 6341 6340
f 6290 6291 6342
f 6290 6342 6341
f 6291 6292 6343
f 6291 6343 6342
f 6292 6293 6344
f 6292 6344 6343
f 6293 6294 6345
f 6293 6345 6344
f 6294 6295 6346
f 6294 6346 6345
f 6295 6296 6347
f 6295 6347 6346
f 6296 6297 6348
f 6296 6348 6347
f 6297 6298 6349
f 6297 6349 6348
f 6298 6299 6350
f 6298 6350 6349
f 6299 6300 6351
f 6299 6351 6350
f 6300 6301 6352
f 6300 6352 6351
f 6301 6302 6353
f 6301 6353 6352
f 6302 6303 6354
f 6302 6354 6353
f 6303 6304 6355
f 6303 6355 6354
f 6304 6305 6356
f 6304 6356 6355
f 6305 6306 6357
f 6305 6357 6356
f 6306 6307 6358
f 6306 6358 6357
f 6307 6308 6359
f 6307 6359 6358
f 6308 6309 6360
f 6308 6360 6359
f 6309 6310 6361
f 6309 6361 6360
f 6310 6311 6362
f 6310 6362 6361
f 6311 6312 6363
f 6311 6363 6362
f 6312 6313 6364
f 6312 6364 6363
f 6313 6314 6365
f 6313 6365 6364
f 6314 6315 6366
f 6314 6366 6365
f 6315 6316 6367
f 6315 6367 6366
f 6316 6317 6368
f 6316 6368 6367
f 6317 6318 6369
f 6317 6369 6368
f 6318 6319 6370
f 6318 6370 6369
f 6319 6320 6371
f 6319 6371 6370
f 6320 6321 6372
f 6320 6372 6371
f 6321 6322 6373
f 6321 6373 6372
f 6322 6323 6374
f 6322 6374 6373
f 6323 6324 6375
f 6323 6375 6374
f 6324 6325 6376
f 6324 6376 6375
f 6325 6326 6377
f 6325 6377 6376
f 6326 6327 6378
f 6326 6378 6377
f 6327 6328 6379
f 6327 6379 6378
f 6328 6329 6380
f 6328 6380 6379
f 6329 6330 6381
f 6329 6381 6380
f 6330 6280 6331
f 6330 6331 6381
f 6331 6332 6383
f 6331 6383 6382
f 6332 6333 6384
f 6332 6384 6383
f 6333 6334 6385
f 6333 6385 6384
f 6334 6335 6386
f 6334 6386 6385
f 6335 6336 6387
f 6335 6387 6386
f 6336 6337 6388
f 6336 6388 6387
f 6337 6338 6389
f 6337 6389 6388
f 6338 6339 6390
f 6338 6390 6389
f 6339 6340 6391
f 6339 6391 6390
f 6340 6341 6392
f 6340 6392 6391
f 6341 6342 6393
f 6341 6393 6392
f 6342 6343 6394
f 6342 6394 6393
f 6343 6344 6395
f 6343 6395 6394
f 6344 6345 6396
f 6344 6396 6395
f 6345 6346 6397
f 6345 6397 6396
f 6346 6347 6398
f 6346 6398 6397
f 6347 6348 6399
f 6347 6399 6398
f 6348 6349 6400
f 6348 6400 6399
f 6349 6350 6401
f 6349 6401 6400
f 6350 6351 6402
f 6350 6402 6401
f 6351 6352 6403
f 6351 6403 6402
f 6352 6353 6404
f 6352 6404 6403
f 6353 6354 6405
f 6353 6405 6404
f 6354 6355 6406
f 6354 6406 6405
f 6355 6356 6407
f 6355 6407 6406
f 6356 6357 6408
f 6356 6408 6407
f 6357 6358 6409
f 6357 6409 6408
f 6358 6359 6410
f 6358 6410 6409
f 6359 6360 6411
f 6359 6411 6410
f 6360 6361 6412
f 6360 6412 6411
f 6361 6362 6413
f 6361 6413 6412
f 6362 6363 6414
f 6362 6414 6413
f 6363 6364 6415
f 6363 6415 6414
f 6364 6365 6416
f 6364 6416 6415
f 6365 6366 6417
f 6365 6417 6416
f 6366 6367 6418
f 6366 6418 6417
f 6367 6368 6419
f 6367 6419 6418
f 6368 6369 6420
f 6368 6420 6419
f 6369 6370 6421
f 6369 6421 6420
f 6370 6371 6422
f 6370 6422 6421
f 6371 6372 6423
f 6371 6423 6422
f 6372 6373 6424
f 6372 6424 6423
f 6373 6374 6425
f 6373 6425 6424
f 6374 6375 6426
f 6374 6426 6425
f 6375 6376 6427
f 6375 6427 6426
f 6376 6377 6428
f 6376 6428 6427
f 6377 6378 6429
f 6377 6429 6428
f 6378 6379 6430
f 6378 6430 6429
f 6379 6380 6431
f 6379 6431 6430
f 6380 6381 6432
f 6380 6432 6431
f 6381 6331 6382
f 6381 6382 6432
f 6382 6383 6434
f 6382 6434 6433
f 6383 6384 6435
f 6383 6435 6434
f 6384 6385 6436
f 6384 6436 6435
f 6385 6386 6437
f 6385 6437 6436
f 6386 6387 6438
f 6386 6438 6437
f 6387 6388 6439
f 6387 6439 6438
f 6388 6389 6440
f 6388 6440 6439
f 6389 6390 6441
f 6389 6441 6440
f 6390 6391 6442
f 6390 6442 6441
f 6391 6392 6443
f 6391 6443 6442
f 6392 6393 6444
f 6392 6444 6443
f 6393 6394 6445
f 6393 6445 6444
f 6394 6395 6446
f 6394 6446 6445
f 6395 6396 6447
f 6395 6447 6446
f 6396 6397 6448
f 6396 6448 6447
f 6397 6398 6449
f 6397 6449 6448
f 6398 6399 6450
f 6398 6450 6449
f 6399 6400 6451
f 6399 6451 6450
f 6400 6401 6452
f 6400 6452 6451
f 6401 6402 6453
f 6401 6453 6452
f 6402 6403 6454
f 6402 6454 6453
f 6403 6404 6455
f 6403 6455 6454
f 6404 6405 6456
f 6404 6456 6455
f 6405 6406 6457
f 6405 6457 6456
f 6406 6407 6458
f 6406 6458 6457
f 6407 6408 6459
f 6407 6459 6458
f 6408 6409 6460
f 6408 6460 6459
f 6409 6410 6461
f 6409 6461 6460
f 6410 6411 6462
f 6410 6462 6461
f 6411 6412 6463
f 6411 6463 6462
f 6412 6413 6464
f 6412 6464 6463
f 6413 6414 6465
f 6413 6465 6464
f 6414 6415 6466
f 6414 6466 6465
f 6415 6416 6467
f 6415 6467 6466
f 6416 6417 6468
f 6416 6468 6467
f 6417 6418 6469
f 6417 6469 6468
f 6418 6419 6470
f 6418 6470 6469
f 6419 6420 6471
f 6419 6471 6470
f 6420 6421 6472
f 6420 6472 6471
f 6421 6422 6473
f 6421 6473 6472
f 6422 6423 6474
f 6422 6474 6473
f 6423 6424 6475
f 6423 6475 6474
f 6424 6425 6476
f 6424 6476 6475
f 6425 6426 6477
f 6425 6477 6476
f 6426 6427 6478
f 6426 6478 6477
f 6427 6428 6479
f 6427 6479 6478
f 6428 6429 6480
f 6428 6480 6479
f 6429 6430 6481
f 6429 6481 6480
f 6430 6431 6482
f 6430 6482 6481
f 6431 6432 6483
f 6431 6483 6482
f 6432 6382 6433
f 6432 6433 6483
f 6433 6434 6485
f 6433 6485 6484
f 6434 6435 6486
f 6434 6486 6485
f 6435 6436 6487
f 6435 6487 6486
f 6436 6437 6488
f 6436 6488 6487
f 6437 6438 6489
f 6437 6489 6488
f 6438 6439 6490
f 6438 6490 6489
f 6439 6440 6491
f 6439 6491 6490
f 6440 6441 6492
f 6440 6492 6491
f 6441 6442 6493
f 6441 6493 6492
f 6442 6443 6494
f 6442 6494 6493
f 6443 6444 6495
f 6443 6495 6494
f 6444 6445 6496
f 6444 6496 6495
f 6445 6446 6497
f 6445 6497 6496
f 6446 6447 6498
f 6446 6498 6497
f 6447 6448 6499
f 6447 6499 6498
f 6448 6449 6500
f 6448 6500 6499
f 6449 6450 6501
f 6449 6501 6500
f 6450 6451 6502
f 6450 6502 6501
f 6451 6452 6503
f 6451 6503 6502
f 6452 6453 6504
f 6452 6504 6503
f 6453 6454 6505
f 6453 6505 6504
f 6454 6455 6506
f 6454 6506 6505
f 6455 6456 6507
f 6455 6507 6506
f 6456 6457 6508
f 6456 6508 6507
f 6457 6458 6509
f 6457 6509 6508
f 6458 6459 6510
f 6458 6510 6509
f 6459 6460 6511
f 6459 6511 6510
f 6460 6461 6512
f 6460 6512 6511
f 6461 6462 6513
f 6461 6513 6512
f 6462 6463 6514
f 6462 6514 6513
f 6463 6464 6515
f 6463 6515 6514
f 6464 6465 6516
f 6464 6516 6515
f 6465 6466 6517
f 6465 6517 6516
f 6466 6467 6518
f 6466 6518 6517
f 6467 6468 6519
f 6467 6519 6518
f 6468 6469 6520
f 6468 6520 6519
f 6469 6470 6521
f 6469 6521 6520
f 6470 6471 6522
f 6470 6522 6521
f 6471 6472 6523
f 6471 6523 6522
f 6472 6473 6524
f 6472 6524 6523
f 6473 6474 6525
f 6473 6525 6524
f 6474 6475 6526
f 6474 6526 6525
f 6475 6476 6527
f 6475 6527 6526
f 6476 6477 6528
f 6476 6528 6527
f 6477 6478 6529
f 6477 6529 6528
f 6478 6479 6530
f 6478 6530 6529
f 6479 6480 6531
f 6479 6531 6530
f 6480 6481 6532
f 6480 6532 6531
f 6481 6482 6533
f 6481 6533 6532
f 6482 6483 6534
f 6482 6534 6533
f 6483 6433 6484
f 6483 6484 6534
f 6484 6485 6536
f 6484 6536 6535
f 6485 6486 6537
f 6485 6537 6536
f 6486 6487 6538
f 6486 6538 6537
f 6487 6488 6539
f 6487 6539 6538
f 6488 6489 6540
f 6488 6540 6539
f 6489 6490 6541
f 6489 6541 6540
f 6490 6491 6542
f 6490 6542 6541
f 6491 6492 6543
f 6491 6543 6542
f 6492 6493 6544
f 6492 6544 6543
f 6493 6494 6545
f 6493 6545 6544
f 6494 6495 6546
f 6494 6546 6545
f 6495 6496 6547
f 6495 6547 6546
f 6496 6497 6548
f 6496 6548 6547
f 6497 6498 6549
f 6497 6549 6548
f 6498 6499 6550
f 6498 6550 6549
f 6499 6500 6551
f 6499 6551 6550
f 6500 6501 6552
f 6500 6552 6551
f 6501 6502 6553
f 6501 6553 6552
f 6502 6503 6554
f 6502 6554 6553
f 6503 6504 6555
f 6503 6555 6554
f 6504 6505 6556
f 6504 6556 6555
f 6505 6506 6557
f 6505 6557 6556
f 6506 6507 6558
f 6506 6558 6557
f 6507 6508 6559
f 6507 6559 6558
f 6508 6509 6560
f 6508 6560 6559
f 6509 6510 6561
f 6509 6561 6560
f 6510 6511 6562
f 6510 6562 6561
f 6511 6512 6563
f 6511 6563 6562
f 6512 6513 6564
f 6512 6564 6563
f 6513 6514 6565
f 6513 6565 6564
f 6514 6515 6566
f 6514 6566 6565
f 6515 6516 6567
f 6515 6567 6566
f 6516 6517 6568
f 6516 6568 6567
f 6517 6518 6569
f 6517 6569 6568
f 6518 6519 6570
f 6518 6570 6569
f 6519 6520 6571
f 6519 6571 6570
f 6520 6521 6572
f 6520 6572 6571
f 6521 6522 6573
f 6521 6573 6572
f 6522 6523 6574
f 6522 6574 6573
f 6523 6524 6575
f 6523 6575 6574
f 6524 6525 6576
f 6524 6576 6575
f 6525 6526 6577
f 6525 6577 6576
f 6526 6527 6578
f 6526 6578 6577
f 6527 6528 6579
f 6527 6579 6578
f 6528 6529 6580
f 6528 6580 6579
f 6529 6530 6581
f 6529 6581 6580
f 6530 6531 6582
f 6530 6582 6581
f 6531 6532 6583
f 6531 6583 6582
f 6532 6533 6584
f 6532 6584 6583
f 6533 6534 6585
f 6533 6585 6584
f 6534 6484 6535
f 6534 6535 6585
f 6535 6536 6587
f 6535 6587 6586
f 6536 6537 6588
f 6536 6588 6587
f 6537 6538 6589
f 6537 6589 6588
f 6538 6539 6590
f 6538 6590 6589
f 6539 6540 6591
f 6539 6591 6590
f 6540 6541 6592
f 6540 6592 6591
f 6541 6542 6593
f 6541 6593 6592
f 6542 6543 6594
f 6542 6594 6593
f 6543 6544 6595
f 6543 6595 6594
f 6544 6545 6596
f 6544 6596 6595
f 6545 6546 6597
f 6545 6597 6596
f 6546 6547 6598
f 6546 6598 6597
f 6547 6548 6599
f 6547 6599 6598
f 6548 6549 6600
f 6548 6600 6599
f 6549 6550 6601
f 6549 6601 6600
f 6550 6551 6602
f 6550 6602 6601
f 6551 6552 6603
f 6551 6603 6602
f 6552 6553 6604
f 6552 6604 6603
f 6553 6554 6605
f 6553 6605 6604
f 6554 6555 6606
f 6554 6606 6605
f 6555 6556 6607
f 6555 6607 6606
f 6556 6557 6608
f 6556 6608 6607
f 6557 6558 6609
f 6557 6609 6608
f 6558 6559 6610
f 6558 6610 6609
f 6559 6560 6611
f 6559 6611 6610
f 6560 6561 6612
f 6560 6612 6611
f 6561 6562 6613
f 6561 6613 6612
f 6562 6563 6614
f 6562 6614 6613
f 6563 6564 6615
f 6563 6615 6614
f 6564 6565 6616
f 6564 6616 6615
f 6565 6566 6617
f 6565 6617 6616
f 6566 6567 6618
f 6566 6618 6617
f 6567 6568 6619
f 6567 6619 6618
f 6568 6569 6620
f 6568 6620 6619
f 6569 6570 6621
f 6569 6621 6620
f 6570 6571 6622
f 6570 6622 6621
f 6571 6572 6623
f 6571 6623 6622
f 6572 6573 6624
f 6572 6624 6623
f 6573 6574 6625
f 6573 6625 6624
f 6574 6575 6626
f 6574 6626 6625
f 6575 6576 6627
f 6575 6627 6626
f 6576 6577 6628
f 6576 6628 6627
f 6577 6578 6629
f 6577 6629 6628
f 6578 6579 6630
f 6578 6630 6629
f 6579 6580 6631
f 6579 6631 6630
f 6580 6581 6632
f 6580 6632 6631
f 6581 6582 6633
f 6581 6633 6632
f 6582 6583 6634
f 6582 6634 6633
f 6583 6584 6635
f 6583 6635 6634
f 6584 6585 6636
f 6584 6636 6635
f 6585 6535 6586
f 6585 6586 6636
f 6586 6587 6638
f 6586 6638 6637
f 6587 6588 6639
f 6587 6639 6638
f 6588 6589 6640
f 6588 6640 6639
f 6589 6590 6641
f 6589 6641 6640
f 6590 6591 6642
f 6590 6642 6641
f 6591 6592 6643
f 6591 6643 6642
f 6592 6593 6644
f 6592 6644 6643
f 6593 6594 6645
f 6593 6645 6644
f 6594 6595 6646
f 6594 6646 6645
f 6595 6596 6647
f 6595 6647 6646
f 6596 6597 6648
f 6596 6648 6647
f 6597 6598 6649
f 6597 6649 6648
f 6598 6599 6650
f 6598 6650 6649
f 6599 6600 6651
f 6599 6651 6650
f 6600 6601 6652
f 6600 6652 6651
f 6601 6602 6653
f 6601 6653 6652
f 6602 6603 6654
f 6602 6654 6653
f 6603 6604 6655
f 6603 6655 6654
f 6604 6605 6656
f 6604 6656 6655
f 6605 6606 6657
f 6605 6657 6656
f 6606 6607 6658
f 6606 6658 6657
f 6607 6608 6659
f 6607 6659 6658
f 6608 6609 6660
f 6608 6660 6659
f 6609 6610 6661
f 6609 6661 6660
f 6610 6611 6662
f 6610 6662 6661
f 6611 6612 6663
f 6611 6663 6662
f 6612 6613 6664
f 6612 6664 6663
f 6613 6614 6665
f 6613 6665 6664
f 6614 6615 6666
f 6614 6666 6665
f 6615 6616 6667
f 6615 6667 6666
f 6616 6617 6668
f 6616 6668 6667
f 6617 6618 6669
f 6617 6669 6668
f 6618 6619 6670
f 6618 6670 6669
f 6619 6620 6671
f 6619 6671 6670
f 6620 6621 6672
f 6620 6672 6671
f 6621 6622 6673
f 6621 6673 6672
f 6622 6623 6674
f 6622 6674 6673
f 6623 6624 6675
f 6623 6675 6674
f 6624 6625 6676
f 6624 6676 6675
f 6625 6626 6677
f 6625 6677 6676
f 6626 6627 6678
f 6626 6678 6677
f 6627 6628 6679
f 6627 6679 6678
f 6628 6629 6680
f 6628 6680 6679
f 6629 6630 6681
f 6629 6681 6680
f 6630 6631 6682
f 6630 6682 6681
f 6631 6632 6683
f 6631 6683 6682
f 6632 6633 6684
f 6632 6684 6683
f 6633 6634 6685
f 6633 6685 6684
f 6634 6635 6686
f 6634 6686 6685
f 6635 6636 6687
f 6635 6687 6686
f 6636 6586 6637
f 6636 6637 6687
f 6637 6638 6689
f 6637 6689 6688
f 6638 6639 6690
f 6638 6690 6689
f 6639 6640 6691
f 6639 6691 6690
f 6640 6641 6692
f 6640 6692 6691
f 6641 6642 6693
f 6641 6693 6692
f 6642 6643 6694
f 6642 6694 6693
f 6643 6644 6695
f 6643 6695 6694
f 6644 6645 6696
f 6644 6696 6695
f 6645 6646 6697
f 6645 6697 6696
f 6646 6647 6698
f 6646 6698 6697
f 6647 6648 6699
f 6647 6699 6698
f 6648 6649 6700
f 6648 6700 6699
f 6649 6650 6701
f 6649 6701 6700
f 6650 6651 6702
f 6650 6702 6701
f 6651 6652 6703
f 6651 6703 6702
f 6652 6653 6704
f 6652 6704 6703
f 6653 6654 6705
f 6653 6705 6704
f 6654 6655 6706
f 6654 6706 6705
f 6655 6656 6707
f 6655 6707 6706
f 6656 6657 6708
f 6656 6708 6707
f 6657 6658 6709
f 6657 6709 6708
f 6658 6659 6710
f 6658 6710 6709
f 6659 6660 6711
f 6659 6711 6710
f 6660 6661 6712
f 6660 6712 6711
f 6661 6662 6713
f 6661 6713 6712
f 6662 6663 6714
f 6662 6714 6713
f 6663 6664 6715
f 6663 6715 6714
f 6664 6665 6716
f 6664 6716 6715
f 6665 6666 6717
f 6665 6717 6716
f 6666 6667 6718
f 6666 6718 6717
f 6667 6668 6719
f 6667 6719 6718
f 6668 6669 6720
f 6668 6720 6719
f 6669 6670 6721
f 6669 6721 6720
f 6670 6671 6722
f 6670 6722 6721
f 6671 6672 6723
f 6671 6723 6722
f 6672 6673 6724
f 6672 6724 6723
f 6673 6674 6725
f 6673 6725 6724
f 6674 6675 6726
f 6674 6726 6725
f 6675 6676 6727
f 6675 6727 6726
f 6676 6677 6728
f 6676 6728 6727
f 6677 6678 6729
f 6677 6729 6728
f 6678 6679 6730
f 6678 6730 6729
f 6679 6680 6731
f 6679 6731 6730
f 6680 6681 6732
f 6680 6732 6731
f 6681 6682 6733
f 6681 6733 6732
f 6682 6683 6734
f 6682 6734 6733
f 6683 6684 6735
f 6683 6735 6734
f 6684 6685 6736
f 6684 6736 6735
f 6685 6686 6737
f 6685 6737 6736
f 6686 6687 6738
f 6686 6738 6737
f 6687 6637 6688
f 6687 6688 6738
f 6739 5057 5056
f 6739 5058 5057
f 6739 5059 5058
f 6739 5060 5059
f 6739 5061 5060
f 6739 5062 5061
f 6739 5063 5062
f 6739 5064 5063
f 6739 5065 5064
f 6739 5066 5065
f 6739 5067 5066
f 6739 5068 5067
f 6739 5069 5068
f 6739 5070 5069
f 6739 5071 5070
f 6739 5072 5071
f 6739 5073 5072
f 6739 5074 5073
f 6739 5075 5074
f 6739 5076 5075
f 6739 5077 5076
f 6739 5078 5077
f 6739 5079 5078
f 6739 5080 5079
f 6739 5081 5080
f 6739 5082 5081
f 6739 5083 5082
f 6739 5084 5083
f 6739 5085 5084
f 6739 5086 5085
f 6739 5087 5086
f 6739 5088 5087
f 6739 5089 5088
f 6739 5090 5089
f 6739 5091 5090
f 6739 5092 5091
f 6739 5093 5092
f 6739 5094 5093
f 6739 5095 5094
f 6739 5096 5095
f 6739 5097 5096
f 6739 5098 5097
f 6739 5099 5098
f 6739 5100 5099
f 6739 5101 5100
f 6739 5102 5101
f 6739 5103 5102
f 6739 5104 5103
f 6739 5105 5104
f 6739 5106 5105
f 6739 5056 5106
f 6740 6688 6689
f 6740 6689 6690
f 6740 6690 6691
f 6740 6691 6692
f 6740 6692 6693
f 6740 6693 6694
f 6740 6694 6695
f 6740 6695 6696
f 6740 6696 6697
f 6740 6697 6698
f 6740 6698 6699
f 6740 6699 6700
f 6740 6700 6701
f 6740 6701 6702
f 6740 6702 6703
f 6740 6703 6704
f 6740 6704 6705
f 6740 6705 6706
f 6740 6706 6707
f 6740 6707 6708
f 6740 6708 6709
f 6740 6709 6710
f 6740 6710 6711
f 6740 6711 6712
f 6740 6712 6713
f 6740 6713 6714
f 6740 6714 6715
f 6740 6715 6716
f 6740 6716 6717
f 6740 6717 6718
f 6740 6718 6719
f 6740 6719 6720
f 6740 6720 6721
f 6740 6721 6722
f 6740 6722 6723
f 6740 6723 6724
f 6740 6724 6725
f 6740 6725 6726
f 6740 6726 6727
f 6740 6727 6728
f 6740 6728 6729
f 6740 6729 6730
f 6740 6730 6731
f 6740 6731 6732
f 6740 6732 6733
f 6740 6733 6734
f 6740 6734 6735
f 6740 6735 6736
f 6740 6736 6737
f 6740 6737 6738
f 6740 6738 6688
f 6741 6742 6793
f 6741 6793 6792
f 6742 6743 6794
f 6742 6794 6793
f 6743 6744 6795
f 6743 6795 6794
f 6744 6745 6796
f 6744 6796 6795
f 6745 6746 6797
f 6745 6797 6796
f 6746 6747 6798
f 6746 6798 6797
f 6747 6748 6799
f 6747 6799 6798
f 6748 6749 6800
f 6748 6800 6799
f 6749 6750 6801
f 6749 6801 6800
f 6750 6751 6802
f 6750 6802 6801
f 6751 6752 6803
f 6751 6803 6802
f 6752 6753 6804
f 6752 6804 6803
f 6753 6754 6805
f 6753 6805 6804
f 6754 6755 6806
f 6754 6806 6805
f 6755 6756 6807
f 6755 6807 6806
f 6756 6757 6808
f 6756 6808 6807
f 6757 6758 6809
f 6757 6809 6808
f 6758 6759 6810
f 6758 6810 6809
f 6759 6760 6811
f 6759 6811 6810
f 6760 6761 6812
f 6760 6812 6811
f 6761 6762 6813
f 6761 6813 6812
f 6762 6763 6814
f 6762 6814 6813
f 6763 6764 6815
f 6763 6815 6814
f 6764 6765 6816
f 6764 6816 6815
f 6765 6766 6817
f 6765 6817 6816
f 6766 6767 6818
f 6766 6818 6817
f 6767 6768 6819
f 6767 6819 6818
f 6768 6769 6820
f 6768 6820 6819
f 6769 6770 6821
f 6769 6821 6820
f 6770 6771 6822
f 6770 6822 6821
f 6771 6772 6823
f 6771 6823 6822
f 6772 6773 6824
f 6772 6824 6823
f 6773 6774 6825
f 6773 6825 6824
f 6774 6775 6826
f 6774 6826 6825
f 6775 6776 6827
f 6775 6827 6826
f 6776 6777 6828
f 6776 6828 6827
f 6777 6778 6829
f 6777 6829 6828
f 6778 6779 6830
f 6778 6830 6829
f 6779 6780 6831
f 6779 6831 6830
f 6780 6781 6832
f 6780 6832 6831
f 6781 6782 6833
f 6781 6833 6832
f 6782 6783 6834
f 6782 6834 6833
f 6783 6784 6835
f 6783 6835 6834
f 6784 6785 6836
f 6784 6836 6835
f 6785 6786 6837
f 6785 6837 6836
f 6786 6787 6838
f 6786 6838 6837
f 6787 6788 6839
f 6787 6839 6838
f 6788 6789 6840
f 6788 6840 6839
f 6789 6790 6841
f 6789 6841 6840
f 6790 6791 6842
f 6790 6842 6841
f 6791 6741 6792
f 6791 6792 6842
f 6792 6793 6844
f 6792 6844 6843
f 6793 6794 6845
f 6793 6845 6844
f 6794 6795 6846
f 6794 6846 6845
f 6795 6796 6847
f 6795 6847 6846
f 6796 6797 6848
f 6796 6848 6847
f 6797 6798 6849
f 6797 6849 6848
f 6798 6799 6850
f 6798 6850 6849
f 6799 6800 6851
f 6799 6851 6850
f 6800 6801 6852
f 6800 6852 6851
f 6801 6802 6853
f 6801 6853 6852
f 6802 6803 6854
f 6802 6854 6853
f 6803 6804 6855
f 6803 6855 6854
f 6804 6805 6856
f 6804 6856 6855
f 6805 6806 6857
f 6805 6857 6856
f 6806 6807 6858
f 6806 6858 6857
f 6807 6808 6859
f 6807 6859 6858
f 6808 6809 6860
f 6808 6860 6859
f 6809 6810 6861
f 6809 6861 6860
f 6810 6811 6862
f 6810 6862 6861
f 6811 6812 6863
f 6811 6863 6862
f 6812 6813 6864
f 6812 6864 6863
f 6813 6814 6865
f 6813 6865 6864
f 6814 6815 6866
f 6814 6866 6865
f 6815 6816 6867
f 6815 6867 6866
f 6816 6817 6868
f 6816 6868 6867
f 6817 6818 6869
f 6817 6869 6868
f 6818 6819 6870
f 6818 6870 6869
f 6819 6820 6871
f 6819 6871 6870
f 6820 6821 6872
f 6820 6872 6871
f 6821 6822 6873
f 6821 6873 6872
f 6822 6823 6874
f 6822 6874 6873
f 6823 6824 6875
f 6823 6875 6874
f 6824 6825 6876
f 6824 6876 6875
f 6825 6826 6877
f 6825 6877 6876
f 6826 6827 6878
f 6826 6878 6877
f 6827 6828 6879
f 6827 6879 6878
f 6828 6829 6880
f 6828 6880 6879
f 6829 6830 6881
f 6829 6881 6880
f 6830 6831 6882
f 6830 6882 6881
f 6831 6832 6883
f 6831 6883 6882
f 6832 6833 6884
f 6832 6884 6883
f 6833 6834 6885
f 6833 6885 6884
f 6834 6835 6886
f 6834 6886 6885
f 6835 6836 6887
f 6835 6887 6886
f 6836 6837 6888
f 6836 6888 6887
f 6837 6838 6889
f 6837 6889 6888
f 6838 6839 6890
f 6838 6890 6889
f 6839 6840 6891
f 6839 6891 6890
f 6840 6841 6892
f 6840 6892 6891
f 6841 6842 6893
f 6841 6893 6892
f 6842 6792 6843
f 6842 6843 6893
f 6843 6844 6895
f 6843 6895 6894
f 6844 6845 6896
f 6844 6896 6895
f 6845 6846 6897
f 6845 6897 6896
f 6846 6847 6898
f 6846 6898 6897
f 6847 6848 6899
f 6847 6899 6898
f 6848 6849 6900
f 6848 6900 6899
f 6849 6850 6901
f 6849 6901 6900
f 6850 6851 6902
f 6850 6902 6901
f 6851 6852 6903
f 6851 6903 6902
f 6852 6853 6904
f 6852 6904 6903
f 6853 6854 6905
f 6853 6905 6904
f 6854 6855 6906
f 6854 6906 6905
f 6855 6856 6907
f 6855 6907 6906
f 6856 6857 6908
f 6856 6908 6907
f 6857 6858 6909
f 6857 6909 6908
f 6858 6859 6910
f 6858 6910 6909
f 6859 6860 6911
f 6859 6911 6910
f 6860 6861 6912
f 6860 6912 6911
f 6861 6862 6913
f 6861 6913 6912
f 6862 6863 6914
f 6862 6914 6913
f 6863 6864 6915
f 6863 6915 6914
f 6864 6865 6916
f 6864 6916 6915
f 6865 6866 6917
f 6865 6917 6916
f 6866 6867 6918
f 6866 6918 6917
f 6867 6868 6919
f 6867 6919 6918
f 6868 6869 6920
f 6868 6920 6919
f 6869 6870 6921
f 6869 6921 6920
f 6870 6871 6922
f 6870 6922 6921
f 6871 6872 6923
f 6871 6923 6922
f 6872 6873 6924
f 6872 6924 6923
f 6873 6874 6925
f 6873 6925 6924
f 6874 6875 6926
f 6874 6926 6925
f 6875 6876 6927
f 6875 6927 6926
f 6876 6877 6928
f 6876 6928 6927
f 6877 6878 6929
f 6877 6929 6928
f 6878 6879 6930
f 6878 6930 6929
f 6879 6880 6931
f 6879 6931 6930
f 6880 6881 6932
f 6880 6932 6931
f 6881 6882 6933
f 6881 6933 6932
f 6882 6883 6934
f 6882 6934 6933
f 6883 6884 6935
f 6883 6935 6934
f 6884 6885 6936
f 6884 6936 6935
f 6885 6886 6937
f 6885 6937 6936
f 6886 6887 6938
f 6886 6938 6937
f 6887 6888 6939
f 6887 6939 6938
f 6888 6889 6940
f 6888 6940 6939
f 6889 6890 6941
f 6889 6941 6940
f 6890 6891 6942
f 6890 6942 6941
f 6891 6892 6943
f 6891 6943 6942
f 6892 6893 6944
f 6892 6944 6943
f 6893 6843 6894
f 6893 6894 6944
f 6894 6895 6946
f 6894 6946 6945
f 6895 6896 6947
f 6895 6947 6946
f 6896 6897 6948
f 6896 6948 6947
f 6897 6898 6949
f 6897 6949 6948
f 6898 6899 6950
f 6898 6950 6949
f 6899 6900 6951
f 6899 6951 6950
f 6900 6901 6952
f 6900 6952 6951
f 6901 6902 6953
f 6901 6953 6952
f 6902 6903 6954
f 6902 6954 6953
f 6903 6904 6955
f 6903 6955 6954
f 6904 6905 6956
f 6904 6956 6955
f 6905 6906 6957
f 6905 6957 6956
f 6906 6907 6958
f 6906 6958 6957
f 6907 6908 6959
f 6907 6959 6958
f 6908 6909 6960
f 6908 6960 6959
f 6909 6910 6961
f 6909 6961 6960
f 6910 6911 6962
f 6910 6962 6961
f 6911 6912 6963
f 6911 6963 6962
f 6912 6913 6964
f 6912 6964 6963
f 6913 6914 6965
f 6913 6965 6964
f 6914 6915 6966
f 6914 6966 6965
f 6915 6916 6967
f 6915 6967 6966
f 6916 6917 6968
f 6916 6968 6967
f 6917 6918 6969
f 6917 6969 6968
f 6918 6919 6970
f 6918 6970 6969
f 6919 6920 6971
f 6919 6971 6970
f 6920 6921 6972
f 6920 6972 6971
f 6921 6922 6973
f 6921 6973 6972
f 6922 6923 6974
f 6922 6974 6973
f 6923 6924 6975
f 6923 6975 6974
f 6924 6925 6976
f 6924 6976 6975
f 6925 6926 6977
f 6925 6977 6976
f 6926 6927 6978
f 6926 6978 6977
f 6927 6928 6979
f 6927 6979 6978
f 6928 6929 6980
f 6928 6980 6979
f 6929 6930 6981
f 6929 6981 6980
f 6930 6931 6982
f 6930 6982 6981
f 6931 6932 6983
f 6931 6983 6982
f 6932 6933 6984
f 6932 6984 6983
f 6933 6934 6985
f 6933 6985 6984
f 6934 6935 6986
f 6934 6986 6985
f 6935 6936 6987
f 6935 6987 6986
f 6936 6937 6988
f 6936 6988 6987
f 6937 6938 6989
f 6937 6989 6988
f 6938 6939 6990
f 6938 6990 6989
f 6939 6940 6991
f 6939 6991 6990
f 6940 6941 6992
f 6940 6992 6991
f 6941 6942 6993
f 6941 6993 6992
f 6942 6943 6994
f 6942 6994 6993
f 6943 6944 6995
f 6943 6995 6994
f 6944 6894 6945
f 6944 6945 6995
f 6945 6946 6997
f 6945 6997 6996
f 6946 6947 6998
f 6946 6998 6997
f 6947 6948 6999
f 6947 6999 6998
f 6948 6949 7000
f 6948 7000 6999
f 6949 6950 7001
f 6949 7001 7000
f 6950 6951 7002
f 6950 7002 7001
f 6951 6952 7003
f 6951 7003 7002
f 6952 6953 7004
f 6952 7004 7003
f 6953 6954 7005
f 6953 7005 7004
f 6954 6955 7006
f 6954 7006 7005
f 6955 6956 7007
f 6955 7007 7006
f 6956 6957 7008
f 6956 7008 7007
f 6957 6958 7009
f 6957 7009 7008
f 6958 6959 7010
f 6958 7010 7009
f 6959 6960 7011
f 6959 7011 7010
f 6960 6961 7012
f 6960 7012 7011
f 6961 6962 7013
f 6961 7013 7012
f 6962 6963 7014
f 6962 7014 7013
f 6963 6964 7015
f 6963 7015 7014
f 6964 6965 7016
f 6964 7016 7015
f 6965 6966 7017
f 6965 7017 7016
f 6966 6967 7018
f 6966 7018 7017
f 6967 6968 7019
f 6967 7019 7018
f 6968 6969 7020
f 6968 7020 7019
f 6969 6970 7021
f 6969 7021 7020
f 6970 6971 7022
f 6970 7022 7021
f 6971 6972 7023
f 6971 7023 7022
f 6972 6973 7024
f 6972 7024 7023
f 6973 6974 7025
f 6973 7025 7024
f 6974 6975 7026
f 6974 7026 7025
f 6975 6976 7027
f 6975 7027 7026
f 6976 6977 7028
f 6976 7028 7027
f 6977 6978 7029
f 6977 7029 7028
f 6978 6979 7030
f 6978 7030 7029
f 6979 6980 7031
f 6979 7031 7030
f 6980 6981 7032
f 6980 7032 7031
f 6981 6982 7033
f 6981 7033 7032
f 6982 6983 7034
f 6982 7034 7033
f 6983 6984 7035
f 6983 7035 7034
f 6984 6985 7036
f 6984 7036 7035
f 6985 6986 7037
f 6985 7037 7036
f 6986 6987 7038
f 6986 7038 7037
f 6987 6988 7039
f 6987 7039 7038
f 6988 6989 7040
f 6988 7040 7039
f 6989 6990 7041
f 6989 7041 7040
f 6990 6991 7042
f 6990 7042 7041
f 6991 6992 7043
f 6991 7043 7042
f 6992 6993 7044
f 6992 7044 7043
f 6993 6994 7045
f 6993 7045 7044
f 6994 6995 7046
f 6994 7046 7045
f 6995 6945 6996
f 6995 6996 7046
f 6996 6997 7048
f 6996 7048 7047
f 6997 6998 7049
f 6997 7049 7048
f 6998 6999 7050
f 6998 7050 7049
f 6999 7000 7051
f 6999 7051 7050
f 7000 7001 7052
f 7000 7052 7051
f 7001 7002 7053
f 7001 7053 7052
f 7002 7003 7054
f 7002 7054 7053
f 7003 7004 7055
f 7003 7055 7054
f 7004 7005 7056
f 7004 7056 7055
f 7005 7006 7057
f 7005 7057 7056
f 7006 7007 7058
f 7006 7058 7057
f 7007 7008 7059
f 7007 7059 7058
f 7008 7009 7060
f 7008 7060 7059
f 7009 7010 7061
f 7009 7061 7060
f 7010 7011 7062
f 7010 7062 7061
f 7011 7012 7063
f 7011 7063 7062
f 7012 7013 7064
f 7012 7064 7063
f 7013 7014 7065
f 7013 7065 7064
f 7014 7015 7066
f 7014 7066 7065
f 7015 7016 7067
f 7015 7067 7066
f 7016 7017 7068
f 7016 7068 7067
f 7017 7018 7069
f 7017 7069 7068
f 7018 7019 7070
f 7018 7070 7069
f 7019 7020 7071
f 7019 7071 7070
f 7020 7021 7072
f 7020 7072 7071
f 7021 7022 7073
f 7021 7073 7072
f 7022 7023 7074
f 7022 7074 7073
f 7023 7024 7075
f 7023 7075 7074
f 7024 7025 7076
f 7024 7076 7075
f 7025 7026 7077
f 7025 7077 7076
f 7026 7027 7078
f 7026 7078 7077
f 7027 7028 7079
f 7027 7079 7078
f 7028 7029 7080
f 7028 7080 7079
f 7029 7030 7081
f 7029 7081 7080
f 7030 7031 7082
f 7030 7082 7081
f 7031 7032 7083
f 7031 7083 7082
f 7032 7033 7084
f 7032 7084 7083
f 7033 7034 7085
f 7033 7085 7084
f 7034 7035 7086
f 7034 7086 7085
f 7035 7036 7087
f 7035 7087 7086
f 7036 7037 7088
f 7036 7088 7087
f 7037 7038 7089
f 7037 7089 7088
f 7038 7039 7090
f 7038 7090 7089
f 7039 7040 7091
f 7039 7091 7090
f 7040 7041 7092
f 7040 7092 7091
f 7041 7042 7093
f 7041 7093 7092
f 7042 7043 7094
f 7042 7094 7093
f 7043 7044 7095
f 7043 7095 7094
f 7044 7045 7096
f 7044 7096 7095
f 7045 7046 7097
f 7045 7097 7096
f 7046 6996 7047
f 7046 7047 7097
f 7047 7048 7099
f 7047 7099 7098
f 7048 7049 7100
f 7048 7100 7099
f 7049 7050 7101
f 7049 7101 7100
f 7050 7051 7102
f 7050 7102 7101
f 7051 7052 7103
f 7051 7103 7102
f 7052 7053 7104
f 7052 7104 7103
f 7053 7054 7105
f 7053 7105 7104
f 7054 7055 7106
f 7054 7106 7105
f 7055 7056 7107
f 7055 7107 7106
f 7056 7057 7108
f 7056 7108 7107
f 7057 7058 7109
f 7057 7109 7108
f 7058 7059 7110
f 7058 7110 7109
f 7059 7060 7111
f 7059 7111 7110
f 7060 7061 7112
f 7060 7112 7111
f 7061 7062 7113
f 7061 7113 7112
f 7062 7063 7114
f 7062 7114 7113
f 7063 7064 7115
f 7063 7115 7114
f 7064 7065 7116
f 7064 7116 7115
f 7065 7066 7117
f 7065 7117 7116
f 7066 7067 7118
f 7066 7118 7117
f 7067 7068 7119
f 7067 7119 7118
f 7068 7069 7120
f 7068 7120 7119
f 7069 7070 7121
f 7069 7121 7120
f 7070 7071 7122
f 7070 7122 7121
f 7071 7072 7123
f 7071 7123 7122
f 7072 7073 7124
f 7072 7124 7123
f 7073 7074 7125
f 7073 7125 7124
f 7074 7075 7126
f 7074 7126 7125
f 7075 7076 7127
f 7075 7127 7126
f 7076 7077 7128
f 7076 7128 7127
f 7077 7078 7129
f 7077 7129 7128
f 7078 7079 7130
f 7078 7130 7129
f 7079 7080 7131
f 7079 7131 7130
f 7080 7081 7132
f 7080 7132 7131
f 7081 7082 7133
f 7081 7133 7132
f 7082 7083 7134
f 7082 7134 7133
f 7083 7084 7135
f 7083 7135 7134
f 7084 7085 7136
f 7084 7136 7135
f 7085 7086 7137
f 7085 7137 7136
f 7086 7087 7138
f 7086 7138 7137
f 7087 7088 7139
f 7087 7139 7138
f 7088 7089 7140
f 7088 7140 7139
f 7089 7090 7141
f 7089 7141 7140
f 7090 7091 7142
f 7090 7142 7141
f 7091 7092 7143
f 7091 7143 7142
f 7092 7093 7144
f 7092 7144 7143
f 7093 7094 7145
f 7093 7145 7144
f 7094 7095 7146
f 7094 7146 7145
f 7095 7096 7147
f 7095 7147 7146
f 7096 7097 7148
f 7096 7148 7147
f 7097 7047 7098
f 7097 7098 7148
f 7098 7099 7150
f 7098 7150 7149
f 7099 7100 7151
f 7099 7151 7150
f 7100 7101 7152
f 7100 7152 7151
f 7101 7102 7153
f 7101 7153 7152
f 7102 7103 7154
f 7102 7154 7153
f 7103 7104 7155
f 7103 7155 7154
f 7104 7105 7156
f 7104 7156 7155
f 7105 7106 7157
f 7105 7157 7156
f 7106 7107 7158
f 7106 7158 7157
f 7107 7108 7159
f 7107 7159 7158
f 7108 7109 7160
f 7108 7160 7159
f 7109 7110 7161
f 7109 7161 7160
f 7110 7111 7162
f 7110 7162 7161
f 7111 7112 7163
f 7111 7163 7162
f 7112 7113 7164
f 7112 7164 7163
f 7113 7114 7165
f 7113 7165 7164
f 7114 7115 7166
f 7114 7166 7165
f 7115 7116 7167
f 7115 7167 7166
f 7116 7117 7168
f 7116 7168 7167
f 7117 7118 7169
f 7117 7169 7168
f 7118 7119 7170
f 7118 7170 7169
f 7119 7120 7171
f 7119 7171 7170
f 7120 7121 7172
f 7120 7172 7171
f 7121 7122 7173
f 7121 7173 7172
f 7122 7123 7174
f 7122 7174 7173
f 7123 7124 7175
f 7123 7175 7174
f 7124 7125 7176
f 7124 7176 7175
f 7125 7126 7177
f 7125 7177 7176
f 7126 7127 7178
f 7126 7178 7177
f 7127 7128 7179
f 7127 7179 7178
f 7128 7129 7180
f 7128 7180 7179
f 7129 7130 7181
f 7129 7181 7180
f 7130 7131 7182
f 7130 7182 7181
f 7131 7132 7183
f 7131 7183 7182
f 7132 7133 7184
f 7132 7184 7183
f 7133 7134 7185
f 7133 7185 7184
f 7134 7135 7186
f 7134 7186 7185
f 7135 7136 7187
f 7135 7187 7186
f 7136 7137 7188
f 7136 7188 7187
f 7137 7138 7189
f 7137 7189 7188
f 7138 7139 7190
f 7138 7190 7189
f 7139 7140 7191
f 7139 7191 7190
f 7140 7141 7192
f 7140 7192 7191
f 7141 7142 7193
f 7141 7193 7192
f 7142 7143 7194
f 7142 7194 7193
f 7143 7144 7195
f 7143 7195 7194
f 7144 7145 7196
f 7144 7196 7195
f 7145 7146 7197
f 7145 7197 7196
f 7146 7147 7198
f 7146 7198 7197
f 7147 7148 7199
f 7147 7199 7198
f 7148 7098 7149
f 7148 7149 7199
f 7149 7150 7201
f 7149 7201 7200
f 7150 7151 7202
f 7150 7202 7201
f 7151 7152 7203
f 7151 7203 7202
f 7152 7153 7204
f 7152 7204 7203
f 7153 7154 7205
f 7153 7205 7204
f 7154 7155 7206
f 7154 7206 7205
f 7155 7156 7207
f 7155 7207 7206
f 7156 7157 7208
f 7156 7208 7207
f 7157 7158 7209
f 7157 7209 7208
f 7158 7159 7210
f 7158 7210 7209
f 7159 7160 7211
f 7159 7211 7210
f 7160 7161 7212
f 7160 7212 7211
f 7161 7162 7213
f 7161 7213 7212
f 7162 7163 7214
f 7162 7214 7213
f 7163 7164 7215
f 7163 7215 7214
f 7164 7165 7216
f 7164 7216 7215
f 7165 7166 7217
f 7165 7217 7216
f 7166 7167 7218
f 7166 7218 7217
f 7167 7168 7219
f 7167 7219 7218
f 7168 7169 7220
f 7168 7220 7219
f 7169 7170 7221
f 7169 7221 7220
f 7170 7171 7222
f 7170 7222 7221
f 7171 7172 7223
f 7171 7223 7222
f 7172 7173 7224
f 7172 7224 7223
f 7173 7174 7225
f 7173 7225 7224
f 7174 7175 7226
f 7174 7226 7225
f 7175 7176 7227
f 7175 7227 7226
f 7176 7177 7228
f 7176 7228 7227
f 7177 7178 7229
f 7177 7229 7228
f 7178 7179 7230
f 7178 7230 7229
f 7179 7180 7231
f 7179 7231 7230
f 7180 7181 7232
f 7180 7232 7231
f 7181 7182 7233
f 7181 7233 7232
f 7182 7183 7234
f 7182 7234 7233
f 7183 7184 7235
f 7183 7235 7234
f 7184 7185 7236
f 7184 7236 7235
f 7185 7186 7237
f 7185 7237 7236
f 7186 7187 7238
f 7186 7238 7237
f 7187 7188 7239
f 7187 7239 7238
f 7188 7189 7240
f 7188 7240 7239
f 7189 7190 7241
f 7189 7241 7240
f 7190 7191 7242
f 7190 7242 7241
f 7191 7192 7243
f 7191 7243 7242
f 7192 7193 7244
f 7192 7244 7243
f 7193 7194 7245
f 7193 7245 7244
f 7194 7195 7246
f 7194 7246 7245
f 7195 7196 7247
f 7195 7247 7246
f 7196 7197 7248
f 7196 7248 7247
f 7197 7198 7249
f 7197 7249 7248
f 7198 7199 7250
f 7198 7250 7249
f 7199 7149 7200
f 7199 7200 7250
f 7200 7201 7252
f 7200 7252 7251
f 7201 7202 7253
f 7201 7253 7252
f 7202 7203 7254
f 7202 7254 7253
f 7203 7204 7255
f 7203 7255 7254
f 7204 7205 7256
f 7204 7256 7255
f 7205 7206 7257
f 7205 7257 7256
f 7206 7207 7258
f 7206 7258 7257
f 7207 7208 7259
f 7207 7259 7258
f 7208 7209 7260
f 7208 7260 7259
f 7209 7210 7261
f 7209 7261 7260
f 7210 7211 7262
f 7210 7262 7261
f 7211 7212 7263
f 7211 7263 7262
f 7212 7213 7264
f 7212 7264 7263
f 7213 7214 7265
f 7213 7265 7264
f 7214 7215 7266
f 7214 7266 7265
f 7215 7216 7267
f 7215 7267 7266
f 7216 7217 7268
f 7216 7268 7267
f 7217 7218 7269
f 7217 7269 7268
f 7218 7219 7270
f 7218 7270 7269
f 7219 7220 7271
f 7219 7271 7270
f 7220 7221 7272
f 7220 7272 7271
f 7221 7222 7273
f 7221 7273 7272
f 7222 7223 7274
f 7222 7274 7273
f 7223 7224 7275
f 7223 7275 7274
f 7224 7225 7276
f 7224 7276 7275
f 7225 7226 7277
f 7225 7277 7276
f 7226 7227 7278
f 7226 7278 7277
f 7227 7228 7279
f 7227 7279 7278
f 7228 7229 7280
f 7228 7280 7279
f 7229 7230 7281
f 7229 7281 7280
f 7230 7231 7282
f 7230 7282 7281
f 7231 7232 7283
f 7231 7283 7282
f 7232 7233 7284
f 7232 7284 7283
f 7233 7234 7285
f 7233 7285 7284
f 7234 7235 7286
f 7234 7286 7285
f 7235 7236 7287
f 7235 7287 7286
f 7236 7237 7288
f 7236 7288 7287
f 7237 7238 7289
f 7237 7289 7288
f 7238 7239 7290
f 7238 7290 7289
f 7239 7240 7291
f 7239 7291 7290
f 7240 7241 7292
f 7240 7292 7291
f 7241 7242 7293
f 7241 7293 7292
f 7242 7243 7294
f 7242 7294 7293
f 7243 7244 7295
f 7243 7295 7294
f 7244 7245 7296
f 7244 7296 7295
f 7245 7246 7297
f 7245 7297 7296
f 7246 7247 7298
f 7246 7298 7297
f 7247 7248 7299
f 7247 7299 7298
f 7248 7249 7300
f 7248 7300 7299
f 7249 7250 7301
f 7249 7301 7300
f 7250 7200 7251
f 7250 7251 7301
f 7251 7252 7303
f 7251 7303 7302
f 7252 7253 7304
f 7252 7304 7303
f 7253 7254 7305
f 7253 7305 7304
f 7254 7255 7306
f 7254 7306 7305
f 7255 7256 7307
f 7255 7307 7306
f 7256 7257 7308
f 7256 7308 7307
f 7257 7258 7309
f 7257 7309 7308
f 7258 7259 7310
f 7258 7310 7309
f 7259 7260 7311
f 7259 7311 7310
f 7260 7261 7312
f 7260 7312 7311
f 7261 7262 7313
f 7261 7313 7312
f 7262 7263 7314
f 7262 7314 7313
f 7263 7264 7315
f 7263 7315 7314
f 7264 7265 7316
f 7264 7316 7315
f 7265 7266 7317
f 7265 7317 7316
f 7266 7267 7318
f 7266 7318 7317
f 7267 7268 7319
f 7267 7319 7318
f 7268 7269 7320
f 7268 7320 7319
f 7269 7270 7321
f 7269 7321 7320
f 7270 7271 7322
f 7270 7322 7321
f 7271 7272 7323
f 7271 7323 7322
f 7272 7273 7324
f 7272 7324 7323
f 7273 7274 7325
f 7273 7325 7324
f 7274 7275 7326
f 7274 7326 7325
f 7275 7276 7327
f 7275 7327 7326
f 7276 7277 7328
f 7276 7328 7327
f 7277 7278 7329
f 7277 7329 7328
f 7278 7279 7330
f 7278 7330 7329
f 7279 7280 7331
f 7279 7331 7330
f 7280 7281 7332
f 7280 7332 7331
f 7281 7282 7333
f 7281 7333 7332
f 7282 7283 7334
f 7282 7334 7333
f 7283 7284 7335
f 7283 7335 7334
f 7284 7285 7336
f 7284 7336 7335
f 7285 7286 7337
f 7285 7337 7336
f 7286 7287 7338
f 7286 7338 7337
f 7287 7288 7339
f 7287 7339 7338
f 7288 7289 7340
f 7288 7340 7339
f 7289 7290 7341
f 7289 7341 7340
f 7290 7291 7342
f 7290 7342 7341
f 7291 7292 7343
f 7291 7343 7342
f 7292 7293 7344
f 7292 7344 7343
f 7293 7294 7345
f 7293 7345 7344
f 7294 7295 7346
f 7294 7346 7345
f 7295 7296 7347
f 7295 7347 7346
f 7296 7297 7348
f 7296 7348 7347
f 7297 7298 7349
f 7297 7349 7348
f 7298 7299 7350
f 7298 7350 7349
f 7299 7300 7351
f 7299 7351 7350
f 7300 7301 7352
f 7300 7352 7351
f 7301 7251 7302
f 7301 7302 7352
f 7302 7303 7354
f 7302 7354 7353
f 7303 7304 7355
f 7303 7355 7354
f 7304 7305 7356
f 7304 7356 7355
f 7305 7306 7357
f 7305 7357 7356
f 7306 7307 7358
f 7306 7358 7357
f 7307 7308 7359
f 7307 7359 7358
f 7308 7309 7360
f 7308 7360 7359
f 7309 7310 7361
f 7309 7361 7360
f 7310 7311 7362
f 7310 7362 7361
f 7311 7312 7363
f 7311 7363 7362
f 7312 7313 7364
f 7312 7364 7363
f 7313 7314 7365
f 7313 7365 7364
f 7314 7315 7366
f 7314 7366 7365
f 7315 7316 7367
f 7315 7367 7366
f 7316 7317 7368
f 7316 7368 7367
f 7317 7318 7369
f 7317 7369 7368
f 7318 7319 7370
f 7318 7370 7369
f 7319 7320 7371
f 7319 7371 7370
f 7320 7321 7372
f 7320 7372 7371
f 7321 7322 7373
f 7321 7373 7372
f 7322 7323 7374
f 7322 7374 7373
f 7323 7324 7375
f 7323 7375 7374
f 7324 7325 7376
f 7324 7376 7375
f 7325 7326 7377
f 7325 7377 7376
f 7326 7327 7378
f 7326 7378 7377
f 7327 7328 7379
f 7327 7379 7378
f 7328 7329 7380
f 7328 7380 7379
f 7329 7330 7381
f 7329 7381 7380
f 7330 7331 7382
f 7330 7382 7381
f 7331 7332 7383
f 7331 7383 7382
f 7332 7333 7384
f 7332 7384 7383
f 7333 7334 7385
f 7333 7385 7384
f 7334 7335 7386
f 7334 7386 7385
f 7335 7336 7387
f 7335 7387 7386
f 7336 7337 7388
f 7336 7388 7387
f 7337 7338 7389
f 7337 7389 7388
f 7338 7339 7390
f 7338 7390 7389
f 7339 7340 7391
f 7339 7391 7390
f 7340 7341 7392
f 7340 7392 7391
f 7341 7342 7393
f 7341 7393 7392
f 7342 7343 7394
f 7342 7394 7393
f 7343 7344 7395
f 7343 7395 7394
f 7344 7345 7396
f 7344 7396 7395
f 7345 7346 7397
f 7345 7397 7396
f 7346 7347 7398
f 7346 7398 7397
f 7347 7348 7399
f 7347 7399 7398
f 7348 7349 7400
f 7348 7400 7399
f 7349 7350 7401
f 7349 7401 7400
f 7350 7351 7402
f 7350 7402 7401
f 7351 7352 7403
f 7351 7403 7402
f 7352 7302 7353
f 7352 7353 7403
f 7353 7354 7405
f 7353 7405 7404
f 7354 7355 7406
f 7354 7406 7405
f 7355 7356 7407
f 7355 7407 7406
f 7356 7357 7408
f 7356 7408 7407
f 7357 7358 7409
f 7357 7409 7408
f 7358 7359 7410
f 7358 7410 7409
f 7359 7360 7411
f 7359 7411 7410
f 7360 7361 7412
f 7360 7412 7411
f 7361 7362 7413
f 7361 7413 7412
f 7362 7363 7414
f 7362 7414 7413
f 7363 7364 7415
f 7363 7415 7414
f 7364 7365 7416
f 7364 7416 7415
f 7365 7366 7417
f 7365 7417 7416
f 7366 7367 7418
f 7366 7418 7417
f 7367 7368 7419
f 7367 7419 7418
f 7368 7369 7420
f 7368 7420 7419
f 7369 7370 7421
f 7369 7421 7420
f 7370 7371 7422
f 7370 7422 7421
f 7371 7372 7423
f 7371 7423 7422
f 7372 7373 7424
f 7372 7424 7423
f 7373 7374 7425
f 7373 7425 7424
f 7374 7375 7426
f 7374 7426 7425
f 7375 7376 7427
f 7375 7427 7426
f 7376 7377 7428
f 7376 7428 7427
f 7377 7378 7429
f 7377 7429 7428
f 7378 7379 7430
f 7378 7430 7429
f 7379 7380 7431
f 7379 7431 7430
f 7380 7381 7432
f 7380 7432 7431
f 7381 7382 7433
f 7381 7433 7432
f 7382 7383 7434
f 7382 7434 7433
f 7383 7384 7435
f 7383 7435 7434
f 7384 7385 7436
f 7384 7436 7435
f 7385 7386 7437
f 7385 7437 7436
f 7386 7387 7438
f 7386 7438 7437
f 7387 7388 7439
f 7387 7439 7438
f 7388 7389 7440
f 7388 7440 7439
f 7389 7390 7441
f 7389 7441 7440
f 7390 7391 7442
f 7390 7442 7441
f 7391 7392 7443
f 7391 7443 7442
f 7392 7393 7444
f 7392 7444 7443
f 7393 7394 7445
f 7393 7445 7444
f 7394 7395 7446
f 7394 7446 7445
f 7395 7396 7447
f 7395 7447 7446
f 7396 7397 7448
f 7396 7448 7447
f 7397 7398 7449
f 7397 7449 7448
f 7398 7399 7450
f 7398 7450 7449
f 7399 7400 7451
f 7399 7451 7450
f 7400 7401 7452
f 7400 7452 7451
f 7401 7402 7453
f 7401 7453 7452
f 7402 7403 7454
f 7402 7454 7453
f 7403 7353 7404
f 7403 7404 7454
f 7404 7405 7456
f 7404 7456 7455
f 7405 7406 7457
f 7405 7457 7456
f 7406 7407 7458
f 7406 7458 7457
f 7407 7408 7459
f 7407 7459 7458
f 7408 7409 7460
f 7408 7460 7459
f 7409 7410 7461
f 7409 7461 7460
f 7410 7411 7462
f 7410 7462 7461
f 7411 7412 7463
f 7411 7463 7462
f 7412 7413 7464
f 7412 7464 7463
f 7413 7414 7465
f 7413 7465 7464
f 7414 7415 7466
f 7414 7466 7465
f 7415 7416 7467
f 7415 7467 7466
f 7416 7417 7468
f 7416 7468 7467
f 7417 7418 7469
f 7417 7469 7468
f 7418 7419 7470
f 7418 7470 7469
f 7419 7420 7471
f 7419 7471 7470
f 7420 7421 7472
f 7420 7472 7471
f 7421 7422 7473
f 7421 7473 7472
f 7422 7423 7474
f 7422 7474 7473
f 7423 7424 7475
f 7423 7475 7474
f 7424 7425 7476
f 7424 7476 7475
f 7425 7426 7477
f 7425 7477 7476
f 7426 7427 7478
f 7426 7478 7477
f 7427 7428 7479
f 7427 7479 7478
f 7428 7429 7480
f 7428 7480 7479
f 7429 7430 7481
f 7429 7481 7480
f 7430 7431 7482
f 7430 7482 7481
f 7431 7432 7483
f 7431 7483 7482
f 7432 7433 7484
f 7432 7484 7483
f 7433 7434 7485
f 7433 7485 7484
f 7434 7435 7486
f 7434 7486 7485
f 7435 7436 7487
f 7435 7487 7486
f 7436 7437 7488
f 7436 7488 7487
f 7437 7438 7489
f 7437 7489 7488
f 7438 7439 7490
f 7438 7490 7489
f 7439 7440 7491
f 7439 7491 7490
f 7440 7441 7492
f 7440 7492 7491
f 7441 7442 7493
f 7441 7493 7492
f 7442 7443 7494
f 7442 7494 7493
f 7443 7444 7495
f 7443 7495 7494
f 7444 7445 7496
f 7444 7496 7495
f 7445 7446 7497
f 7445 7497 7496
f 7446 7447 7498
f 7446 7498 7497
f 7447 7448 7499
f 7447 7499 7498
f 7448 7449 7500
f 7448 7500 7499
f 7449 7450 7501
f 7449 7501 7500
f 7450 7451 7502
f 7450 7502 7501
f 7451 7452 7503
f 7451 7503 7502
f 7452 7453 7504
f 7452 7504 7503
f 7453 7454 7505
f 7453 7505 7504
f 7454 7404 7455
f 7454 7455 7505
f 7455 7456 7507
f 7455 7507 7506
f 7456 7457 7508
f 7456 7508 7507
f 7457 7458 7509
f 7457 7509 7508
f 7458 7459 7510
f 7458 7510 7509
f 7459 7460 7511
f 7459 7511 7510
f 7460 7461 7512
f 7460 7512 7511
f 7461 7462 7513
f 7461 7513 7512
f 7462 7463 7514
f 7462 7514 7513
f 7463 7464 7515
f 7463 7515 7514
f 7464 7465 7516
f 7464 7516 7515
f 7465 7466 7517
f 7465 7517 7516
f 7466 7467 7518
f 7466 7518 7517
f 7467 7468 7519
f 7467 7519 7518
f 7468 7469 7520
f 7468 7520 7519
f 7469 7470 7521
f 7469 7521 7520
f 7470 7471 7522
f 7470 7522 7521
f 7471 7472 7523
f 7471 7523 7522
f 7472 7473 7524
f 7472 7524 7523
f 7473 7474 7525
f 7473 7525 7524
f 7474 7475 7526
f 7474 7526 7525
f 7475 7476 7527
f 7475 7527 7526
f 7476 7477 7528
f 7476 7528 7527
f 7477 7478 7529
f 7477 7529 7528
f 7478 7479 7530
f 7478 7530 7529
f 7479 7480 7531
f 7479 7531 7530
f 7480 7481 7532
f 7480 7532 7531
f 7481 7482 7533
f 7481 7533 7532
f 7482 7483 7534
f 7482 7534 7533
f 7483 7484 7535
f 7483 7535 7534
f 7484 7485 7536
f 7484 7536 7535
f 7485 7486 7537
f 7485 7537 7536
f 7486 7487 7538
f 7486 7538 7537
f 7487 7488 7539
f 7487 7539 7538
f 7488 7489 7540
f 7488 7540 7539
f 7489 7490 7541
f 7489 7541 7540
f 7490 7491 7542
f 7490 7542 7541
f 7491 7492 7543
f 7491 7543 7542
f 7492 7493 7544
f 7492 7544 7543
f 7493 7494 7545
f 7493 7545 7544
f 7494 7495 7546
f 7494 7546 7545
f 7495 7496 7547
f 7495 7547 7546
f 7496 7497 7548
f 7496 7548 7547
f 7497 7498 7549
f 7497 7549 7548
f 7498 7499 7550
f 7498 7550 7549
f 7499 7500 7551
f 7499 7551 7550
f 7500 7501 7552
f 7500 7552 7551
f 7501 7502 7553
f 7501 7553 7552
f 7502 7503 7554
f 7502 7554 7553
f 7503 7504 7555
f 7503 7555 7554
f 7504 7505 7556
f 7504 7556 7555
f 7505 7455 7506
f 7505 7506 7556
f 7506 7507 7558
f 7506 7558 7557
f 7507 7508 7559
f 7507 7559 7558
f 7508 7509 7560
f 7508 7560 7559
f 7509 7510 7561
f 7509 7561 7560
f 7510 7511 7562
f 7510 7562 7561
f 7511 7512 7563
f 7511 7563 7562
f 7512 7513 7564
f 7512 7564 7563
f 7513 7514 7565
f 7513 7565 7564
f 7514 7515 7566
f 7514 7566 7565
f 7515 7516 7567
f 7515 7567 7566
f 7516 7517 7568
f 7516 7568 7567
f 7517 7518 7569
f 7517 7569 7568
f 7518 7519 7570
f 7518 7570 7569
f 7519 7520 7571
f 7519 7571 7570
f 7520 7521 7572
f 7520 7572 7571
f 7521 7522 7573
f 7521 7573 7572
f 7522 7523 7574
f 7522 7574 7573
f 7523 7524 7575
f 7523 7575 7574
f 7524 7525 7576
f 7524 7576 7575
f 7525 7526 7577
f 7525 7577 7576
f 7526 7527 7578
f 7526 7578 7577
f 7527 7528 7579
f 7527 7579 7578
f 7528 7529 7580
f 7528 7580 7579
f 7529 7530 7581
f 7529 7581 7580
f 7530 7531 7582
f 7530 7582 7581
f 7531 7532 7583
f 7531 7583 7582
f 7532 7533 7584
f 7532 7584 7583
f 7533 7534 7585
f 7533 7585 7584
f 7534 7535 7586
f 7534 7586 7585
f 7535 7536 7587
f 7535 7587 7586
f 7536 7537 7588
f 7536 7588 7587
f 7537 7538 7589
f 7537 7589 7588
f 7538 7539 7590
f 7538 7590 7589
f 7539 7540 7591
f 7539 7591 7590
f 7540 7541 7592
f 7540 7592 7591
f 7541 7542 7593
f 7541 7593 7592
f 7542 7543 7594
f 7542 7594 7593
f 7543 7544 7595
f 7543 7595 7594
f 7544 7545 7596
f 7544 7596 7595
f 7545 7546 7597
f 7545 7597 7596
f 7546 7547 7598
f 7546 7598 7597
f 7547 7548 7599
f 7547 7599 7598
f 7548 7549 7600
f 7548 7600 7599
f 7549 7550 7601
f 7549 7601 7600
f 7550 7551 7602
f 7550 7602 7601
f 7551 7552 7603
f 7551 7603 7602
f 7552 7553 7604
f 7552 7604 7603
f 7553 7554 7605
f 7553 7605 7604
f 7554 7555 7606
f 7554 7606 7605
f 7555 7556 7607
f 7555 7607 7606
f 7556 7506 7557
f 7556 7557 7607
f 7557 7558 7609
f 7557 7609 7608
f 7558 7559 7610
f 7558 7610 7609
f 7559 7560 7611
f 7559 7611 7610
f 7560 7561 7612
f 7560 7612 7611
f 7561 7562 7613
f 7561 7613 7612
f 7562 7563 7614
f 7562 7614 7613
f 7563 7564 7615
f 7563 7615 7614
f 7564 7565 7616
f 7564 7616 7615
f 7565 7566 7617
f 7565 7617 7616
f 7566 7567 7618
f 7566 7618 7617
f 7567 7568 7619
f 7567 7619 7618
f 7568 7569 7620
f 7568 7620 7619
f 7569 7570 7621
f 7569 7621 7620
f 7570 7571 7622
f 7570 7622 7621
f 7571 7572 7623
f 7571 7623 7622
f 7572 7573 7624
f 7572 7624 7623
f 7573 7574 7625
f 7573 7625 7624
f 7574 7575 7626
f 7574 7626 7625
f 7575 7576 7627
f 7575 7627 7626
f 7576 7577 7628
f 7576 7628 7627
f 7577 7578 7629
f 7577 7629 7628
f 7578 7579 7630
f 7578 7630 7629
f 7579 7580 7631
f 7579 7631 7630
f 7580 7581 7632
f 7580 7632 7631
f 7581 7582 7633
f 7581 7633 7632
f 7582 7583 7634
f 7582 7634 7633
f 7583 7584 7635
f 7583 7635 7634
f 7584 7585 7636
f 7584 7636 7635
f 7585 7586 7637
f 7585 7637 7636
f 7586 7587 7638
f 7586 7638 7637
f 7587 7588 7639
f 7587 7639 7638
f 7588 7589 7640
f 7588 7640 7639
f 7589 7590 7641
f 7589 7641 7640
f 7590 7591 7642
f 7590 7642 7641
f 7591 7592 7643
f 7591 7643 7642
f 7592 7593 7644
f 7592 7644 7643
f 7593 7594 7645
f 7593 7645 7644
f 7594 7595 7646
f 7594 7646 7645
f 7595 7596 7647
f 7595 7647 7646
f 7596 7597 7648
f 7596 7648 7647
f 7597 7598 7649
f 7597 7649 7648
f 7598 7599 7650
f 7598 7650 7649
f 7599 7600 7651
f 7599 7651 7650
f 7600 7601 7652
f 7600 7652 7651
f 7601 7602 7653
f 7601 7653 7652
f 7602 7603 7654
f 7602 7654 7653
f 7603 7604 7655
f 7603 7655 7654
f 7604 7605 7656
f 7604 7656 7655
f 7605 7606 7657
f 7605 7657 7656
f 7606 7607 7658
f 7606 7658 7657
f 7607 7557 7608
f 7607 7608 7658
f 7608 7609 7660
f 7608 7660 7659
f 7609 7610 7661
f 7609 7661 7660
f 7610 7611 7662
f 7610 7662 7661
f 7611 7612 7663
f 7611 7663 7662
f 7612 7613 7664
f 7612 7664 7663
f 7613 7614 7665
f 7613 7665 7664
f 7614 7615 7666
f 7614 7666 7665
f 7615 7616 7667
f 7615 7667 7666
f 7616 7617 7668
f 7616 7668 7667
f 7617 7618 7669
f 7617 7669 7668
f 7618 7619 7670
f 7618 7670 7669
f 7619 7620 7671
f 7619 7671 7670
f 7620 7621 7672
f 7620 7672 7671
f 7621 7622 7673
f 7621 7673 7672
f 7622 7623 7674
f 7622 7674 7673
f 7623 7624 7675
f 7623 7675 7674
f 7624 7625 7676
f 7624 7676 7675
f 7625 7626 7677
f 7625 7677 7676
f 7626 7627 7678
f 7626 7678 7677
f 7627 7628 7679
f 7627 7679 7678
f 7628 7629 7680
f 7628 7680 7679
f 7629 7630 7681
f 7629 7681 7680
f 7630 7631 7682
f 7630 7682 7681
f 7631 7632 7683
f 7631 7683 7682
f 7632 7633 7684
f 7632 7684 7683
f 7633 7634 7685
f 7633 7685 7684
f 7634 7635 7686
f 7634 7686 7685
f 7635 7636 7687
f 7635 7687 7686
f 7636 7637 7688
f 7636 7688 7687
f 7637 7638 7689
f 7637 7689 7688
f 7638 7639 7690
f 7638 7690 7689
f 7639 7640 7691
f 7639 7691 7690
f 7640 7641 7692
f 7640 7692 7691
f 7641 7642 7693
f 7641 7693 7692
f 7642 7643 7694
f 7642 7694 7693
f 7643 7644 7695
f 7643 7695 7694
f 7644 7645 7696
f 7644 7696 7695
f 7645 7646 7697
f 7645 7697 7696
f 7646 7647 7698
f 7646 7698 7697
f 7647 7648 7699
f 7647 7699 7698
f 7648 7649 7700
f 7648 7700 7699
f 7649 7650 7701
f 7649 7701 7700
f 7650 7651 7702
f 7650 7702 7701
f 7651 7652 7703
f 7651 7703 7702
f 7652 7653 7704
f 7652 7704 7703
f 7653 7654 7705
f 7653 7705 7704
f 7654 7655 7706
f 7654 7706 7705
f 7655 7656 7707
f 7655 7707 7706
f 7656 7657 7708
f 7656 7708 7707
f 7657 7658 7709
f 7657 7709 7708
f 7658 7608 7659
f 7658 7659 7709
f 7659 7660 7711
f 7659 7711 7710
f 7660 7661 7712
f 7660 7712 7711
f 7661 7662 7713
f 7661 7713 7712
f 7662 7663 7714
f 7662 7714 7713
f 7663 7664 7715
f 7663 7715 7714
f 7664 7665 7716
f 7664 7716 7715
f 7665 7666 7717
f 7665 7717 7716
f 7666 7667 7718
f 7666 7718 7717
f 7667 7668 7719
f 7667 7719 7718
f 7668 7669 7720
f 7668 7720 7719
f 7669 7670 7721
f 7669 7721 7720
f 7670 7671 7722
f 7670 7722 7721
f 7671 7672 7723
f 7671 7723 7722
f 7672 7673 7724
f 7672 7724 7723
f 7673 7674 7725
f 7673 7725 7724
f 7674 7675 7726
f 7674 7726 7725
f 7675 7676 7727
f 7675 7727 7726
f 7676 7677 7728
f 7676 7728 7727
f 7677 7678 7729
f 7677 7729 7728
f 7678 7679 7730
f 7678 7730 7729
f 7679 7680 7731
f 7679 7731 7730
f 7680 7681 7732
f 7680 7732 7731
f 7681 7682 7733
f 7681 7733 7732
f 7682 7683 7734
f 7682 7734 7733
f 7683 7684 7735
f 7683 7735 7734
f 7684 7685 7736
f 7684 7736 7735
f 7685 7686 7737
f 7685 7737 7736
f 7686 7687 7738
f 7686 7738 7737
f 7687 7688 7739
f 7687 7739 7738
f 7688 7689 7740
f 7688 7740 7739
f 7689 7690 7741
f 7689 7741 7740
f 7690 7691 7742
f 7690 7742 7741
f 7691 7692 7743
f 7691 7743 7742
f 7692 7693 7744
f 7692 7744 7743
f 7693 7694 7745
f 7693 7745 7744
f 7694 7695 7746
f 7694 7746 7745
f 7695 7696 7747
f 7695 7747 7746
f 7696 7697 7748
f 7696 7748 7747
f 7697 7698 7749
f 7697 7749 7748
f 7698 7699 7750
f 7698 7750 7749
f 7699 7700 7751
f 7699 7751 7750
f 7700 7701 7752
f 7700 7752 7751
f 7701 7702 7753
f 7701 7753 7752
f 7702 7703 7754
f 7702 7754 7753
f 7703 7704 7755
f 7703 7755 7754
f 7704 7705 7756
f 7704 7756 7755
f 7705 7706 7757
f 7705 7757 7756
f 7706 7707 7758
f 7706 7758 7757
f 7707 7708 7759
f 7707 7759 7758
f 7708 7709 7760
f 7708 7760 7759
f 7709 7659 7710
f 7709 7710 7760
f 7710 7711 7762
f 7710 7762 7761
f 7711 7712 7763
f 7711 7763 7762
f 7712 7713 7764
f 7712 7764 7763
f 7713 7714 7765
f 7713 7765 7764
f 7714 7715 7766
f 7714 7766 7765
f 7715 7716 7767
f 7715 7767 7766
f 7716 7717 7768
f 7716 7768 7767
f 7717 7718 7769
f 7717 7769 7768
f 7718 7719 7770
f 7718 7770 7769
f 7719 7720 7771
f 7719 7771 7770
f 7720 7721 7772
f 7720 7772 7771
f 7721 7722 7773
f 7721 7773 7772
f 7722 7723 7774
f 7722 7774 7773
f 7723 7724 7775
f 7723 7775 7774
f 7724 7725 7776
f 7724 7776 7775
f 7725 7726 7777
f 7725 7777 7776
f 7726 7727 7778
f 7726 7778 7777
f 7727 7728 7779
f 7727 7779 7778
f 7728 7729 7780
f 7728 7780 7779
f 7729 7730 7781
f 7729 7781 7780
f 7730 7731 7782
f 7730 7782 7781
f 7731 7732 7783
f 7731 7783 7782
f 7732 7733 7784
f 7732 7784 7783
f 7733 7734 7785
f 7733 7785 7784
f 7734 7735 7786
f 7734 7786 7785
f 7735 7736 7787
f 7735 7787 7786
f 7736 7737 7788
f 7736 7788 7787
f 7737 7738 7789
f 7737 7789 7788
f 7738 7739 7790
f 7738 7790 7789
f 7739 7740 7791
f 7739 7791 7790
f 7740 7741 7792
f 7740 7792 7791
f 7741 7742 7793
f 7741 7793 7792
f 7742 7743 7794
f 7742 7794 7793
f 7743 7744 7795
f 7743 7795 7794
f 7744 7745 7796
f 7744 7796 7795
f 7745 7746 7797
f 7745 7797 7796
f 7746 7747 7798
f 7746 7798 7797
f 7747 7748 7799
f 7747 7799 7798
f 7748 7749 7800
f 7748 7800 7799
f 7749 7750 7801
f 7749 7801 7800
f 7750 7751 7802
f 7750 7802 7801
f 7751 7752 7803
f 7751 7803 7802
f 7752 7753 7804
f 7752 7804 7803
f 7753 7754 7805
f 7753 7805 7804
f 7754 7755 7806
f 7754 7806 7805
f 7755 7756 7807
f 7755 7807 7806
f 7756 7757 7808
f 7756 7808 7807
f 7757 7758 7809
f 7757 7809 7808
f 7758 7759 7810
f 7758 7810 7809
f 7759 7760 7811
f 7759 7811 7810
f 7760 7710 7761
f 7760 7761 7811
f 7761 7762 7813
f 7761 7813 7812
f 7762 7763 7814
f 7762 7814 7813
f 7763 7764 7815
f 7763 7815 7814
f 7764 7765 7816
f 7764 7816 7815
f 7765 7766 7817
f 7765 7817 7816
f 7766 7767 7818
f 7766 7818 7817
f 7767 7768 7819
f 7767 7819 7818
f 7768 7769 7820
f 7768 7820 7819
f 7769 7770 7821
f 7769 7821 7820
f 7770 7771 7822
f 7770 7822 7821
f 7771 7772 7823
f 7771 7823 7822
f 7772 7773 7824
f 7772 7824 7823
f 7773 7774 7825
f 7773 7825 7824
f 7774 7775 7826
f 7774 7826 7825
f 7775 7776 7827
f 7775 7827 7826
f 7776 7777 7828
f 7776 7828 7827
f 7777 7778 7829
f 7777 7829 7828
f 7778 7779 7830
f 7778 7830 7829
f 7779 7780 7831
f 7779 7831 7830
f 7780 7781 7832
f 7780 7832 7831
f 7781 7782 7833
f 7781 7833 7832
f 7782 7783 7834
f 7782 7834 7833
f 7783 7784 7835
f 7783 7835 7834
f 7784 7785 7836
f 7784 7836 7835
f 7785 7786 7837
f 7785 7837 7836
f 7786 7787 7838
f 7786 7838 7837
f 7787 7788 7839
f 7787 7839 7838
f 7788 7789 7840
f 7788 7840 7839
f 7789 7790 7841
f 7789 7841 7840
f 7790 7791 7842
f 7790 7842 7841
f 7791 7792 7843
f 7791 7843 7842
f 7792 7793 7844
f 7792 7844 7843
f 7793 7794 7845
f 7793 7845 7844
f 7794 7795 7846
f 7794 7846 7845
f 7795 7796 7847
f 7795 7847 7846
f 7796 7797 7848
f 7796 7848 7847
f 7797 7798 7849
f 7797 7849 7848
f 7798 7799 7850
f 7798 7850 7849
f 7799 7800 7851
f 7799 7851 7850
f 7800 7801 7852
f 7800 7852 7851
f 7801 7802 7853
f 7801 7853 7852
f 7802 7803 7854
f 7802 7854 7853
f 7803 7804 7855
f 7803 7855 7854
f 7804 7805 7856
f 7804 7856 7855
f 7805 7806 7857
f 7805 7857 7856
f 7806 7807 7858
f 7806 7858 7857
f 7807 7808 7859
f 7807 7859 7858
f 7808 7809 7860
f 7808 7860 7859
f 7809 7810 7861
f 7809 7861 7860
f 7810 7811 7862
f 7810 7862 7861
f 7811 7761 7812
f 7811 7812 7862
f 7812 7813 7864
f 7812 7864 7863
f 7813 7814 7865
f 7813 7865 7864
f 7814 7815 7866
f 7814 7866 7865
f 7815 7816 7867
f 7815 7867 7866
f 7816 7817 7868
f 7816 7868 7867
f 7817 7818 7869
f 7817 7869 7868
f 7818 7819 7870
f 7818 7870 7869
f 7819 7820 7871
f 7819 7871 7870
f 7820 7821 7872
f 7820 7872 7871
f 7821 7822 7873
f 7821 7873 7872
f 7822 7823 7874
f 7822 7874 7873
f 7823 7824 7875
f 7823 7875 7874
f 7824 7825 7876
f 7824 7876 7875
f 7825 7826 7877
f 7825 7877 7876
f 7826 7827 7878
f 7826 7878 7877
f 7827 7828 7879
f 7827 7879 7878
f 7828 7829 7880
f 7828 7880 7879
f 7829 7830 7881
f 7829 7881 7880
f 7830 7831 7882
f 7830 7882 7881
f 7831 7832 7883
f 7831 7883 7882
f 7832 7833 7884
f 7832 7884 7883
f 7833 7834 7885
f 7833 7885 7884
f 7834 7835 7886
f 7834 7886 7885
f 7835 7836 7887
f 7835 7887 7886
f 7836 7837 7888
f 7836 7888 7887
f 7837 7838 7889
f 7837 7889 7888
f 7838 7839 7890
f 7838 7890 7889
f 7839 7840 7891
f 7839 7891 7890
f 7840 7841 7892
f 7840 7892 7891
f 7841 7842 7893
f 7841 7893 7892
f 7842 7843 7894
f 7842 7894 7893
f 7843 7844 7895
f 7843 7895 7894
f 7844 7845 7896
f 7844 7896 7895
f 7845 7846 7897
f 7845 7897 7896
f 7846 7847 7898
f 7846 7898 7897
f 7847 7848 7899
f 7847 7899 7898
f 7848 7849 7900
f 7848 7900 7899
f 7849 7850 7901
f 7849 7901 7900
f 7850 7851 7902
f 7850 7902 7901
f 7851 7852 7903
f 7851 7903 7902
f 7852 7853 7904
f 7852 7904 7903
f 7853 7854 7905
f 7853 7905 7904
f 7854 7855 7906
f 7854 7906 7905
f 7855 7856 7907
f 7855 7907 7906
f 7856 7857 7908
f 7856 7908 7907
f 7857 7858 7909
f 7857 7909 7908
f 7858 7859 7910
f 7858 7910 7909
f 7859 7860 7911
f 7859 7911 7910
f 7860 7861 7912
f 7860 7912 7911
f 7861 7862 7913
f 7861 7913 7912
f 7862 7812 7863
f 7862 7863 7913
f 7863 7864 7915
f 7863 7915 7914
f 7864 7865 7916
f 7864 7916 7915
f 7865 7866 7917
f 7865 7917 7916
f 7866 7867 7918
f 7866 7918 7917
f 7867 7868 7919
f 7867 7919 7918
f 7868 7869 7920
f 7868 7920 7919
f 7869 7870 7921
f 7869 7921 7920
f 7870 7871 7922
f 7870 7922 7921
f 7871 7872 7923
f 7871 7923 7922
f 7872 7873 7924
f 7872 7924 7923
f 7873 7874 7925
f 7873 7925 7924
f 7874 7875 7926
f 7874 7926 7925
f 7875 7876 7927
f 7875 7927 7926
f 7876 7877 7928
f 7876 7928 7927
f 7877 7878 7929
f 7877 7929 7928
f 7878 7879 7930
f 7878 7930 7929
f 7879 7880 7931
f 7879 7931 7930
f 7880 7881 7932
f 7880 7932 7931
f 7881 7882 7933
f 7881 7933 7932
f 7882 7883 7934
f 7882 7934 7933
f 7883 7884 7935
f 7883 7935 7934
f 7884 7885 7936
f 7884 7936 7935
f 7885 7886 7937
f 7885 7937 7936
f 7886 7887 7938
f 7886 7938 7937
f 7887 7888 7939
f 7887 7939 7938
f 7888 7889 7940
f 7888 7940 7939
f 7889 7890 7941
f 7889 7941 7940
f 7890 7891 7942
f 7890 7942 7941
f 7891 7892 7943
f 7891 7943 7942
f 7892 7893 7944
f 7892 7944 7943
f 7893 7894 7945
f 7893 7945 7944
f 7894 7895 7946
f 7894 7946 7945
f 7895 7896 7947
f 7895 7947 7946
f 7896 7897 7948
f 7896 7948 7947
f 7897 7898 7949
f 7897 7949 7948
f 7898 7899 7950
f 7898 7950 7949
f 7899 7900 7951
f 7899 7951 7950
f 7900 7901 7952
f 7900 7952 7951
f 7901 7902 7953
f 7901 7953 7952
f 7902 7903 7954
f 7902 7954 7953
f 7903 7904 7955
f 7903 7955 7954
f 7904 7905 7956
f 7904 7956 7955
f 7905 7906 7957
f 7905 7957 7956
f 7906 7907 7958
f 7906 7958 7957
f 7907 7908 7959
f 7907 7959 7958
f 7908 7909 7960
f 7908 7960 7959
f 7909 7910 7961
f 7909 7961 7960
f 7910 7911 7962
f 7910 7962 7961
f 7911 7912 7963
f 7911 7963 7962
f 7912 7913 7964
f 7912 7964 7963
f 7913 7863 7914
f 7913 7914 7964
f 7914 7915 7966
f 7914 7966 7965
f 7915 7916 7967
f 7915 7967 7966
f 7916 7917 7968
f 7916 7968 7967
f 7917 7918 7969
f 7917 7969 7968
f 7918 7919 7970
f 7918 7970 7969
f 7919 7920 7971
f 7919 7971 7970
f 7920 7921 7972
f 7920 7972 7971
f 7921 7922 7973
f 7921 7973 7972
f 7922 7923 7974
f 7922 7974 7973
f 7923 7924 7975
f 7923 7975 7974
f 7924 7925 7976
f 7924 7976 7975
f 7925 7926 7977
f 7925 7977 7976
f 7926 7927 7978
f 7926 7978 7977
f 7927 7928 7979
f 7927 7979 7978
f 7928 7929 7980
f 7928 7980 7979
f 7929 7930 7981
f 7929 7981 7980
f 7930 7931 7982
f 7930 7982 7981
f 7931 7932 7983
f 7931 7983 7982
f 7932 7933 7984
f 7932 7984 7983
f 7933 7934 7985
f 7933 7985 7984
f 7934 7935 7986
f 7934 7986 7985
f 7935 7936 7987
f 7935 7987 7986
f 7936 7937 7988
f 7936 7988 7987
f 7937 7938 7989
f 7937 7989 7988
f 7938 7939 7990
f 7938 7990 7989
f 7939 7940 7991
f 7939 7991 7990
f 7940 7941 7992
f 7940 7992 7991
f 7941 7942 7993
f 7941 7993 7992
f 7942 7943 7994
f 7942 7994 7993
f 7943 7944 7995
f 7943 7995 7994
f 7944 7945 7996
f 7944 7996 7995
f 7945 7946 7997
f 7945 7997 7996
f 7946 7947 7998
f 7946 7998 7997
f 7947 7948 7999
f 7947 7999 7998
f 7948 7949 8000
f 7948 8000 7999
f 7949 7950 8001
f 7949 8001 8000
f 7950 7951 8002
f 7950 8002 8001
f 7951 7952 8003
f 7951 8003 8002
f 7952 7953 8004
f 7952 8004 8003
f 7953 7954 8005
f 7953 8005 8004
f 7954 7955 8006
f 7954 8006 8005
f 7955 7956 8007
f 7955 8007 8006
f 7956 7957 8008
f 7956 8008 8007
f 7957 7958 8009
f 7957 8009 8008
f 7958 7959 8010
f 7958 8010 8009
f 7959 7960 8011
f 7959 8011 8010
f 7960 7961 8012
f 7960 8012 8011
f 7961 7962 8013
f 7961 8013 8012
f 7962 7963 8014
f 7962 8014 8013
f 7963 7964 8015
f 7963 8015 8014
f 7964 7914 7965
f 7964 7965 8015
f 7965 7966 8017
f 7965 8017 8016
f 7966 7967 8018
f 7966 8018 8017
f 7967 7968 8019
f 7967 8019 8018
f 7968 7969 8020
f 7968 8020 8019
f 7969 7970 8021
f 7969 8021 8020
f 7970 7971 8022
f 7970 8022 8021
f 7971 7972 8023
f 7971 8023 8022
f 7972 7973 8024
f 7972 8024 8023
f 7973 7974 8025
f 7973 8025 8024
f 7974 7975 8026
f 7974 8026 8025
f 7975 7976 8027
f 7975 8027 8026
f 7976 7977 8028
f 7976 8028 8027
f 7977 7978 8029
f 7977 8029 8028
f 7978 7979 8030
f 7978 8030 8029
f 7979 7980 8031
f 7979 8031 8030
f 7980 7981 8032
f 7980 8032 8031
f 7981 7982 8033
f 7981 8033 8032
f 7982 7983 8034
f 7982 8034 8033
f 7983 7984 8035
f 7983 8035 8034
f 7984 7985 8036
f 7984 8036 8035
f 7985 7986 8037
f 7985 8037 8036
f 7986 7987 8038
f 7986 8038 8037
f 7987 7988 8039
f 7987 8039 8038
f 7988 7989 8040
f 7988 8040 8039
f 7989 7990 8041
f 7989 8041 8040
f 7990 7991 8042
f 7990 8042 8041
f 7991 7992 8043
f 7991 8043 8042
f 7992 7993 8044
f 7992 8044 8043
f 7993 7994 8045
f 7993 8045 8044
f 7994 7995 8046
f 7994 8046 8045
f 7995 7996 8047
f 7995 8047 8046
f 7996 7997 8048
f 7996 8048 8047
f 7997 7998 8049
f 7997 8049 8048
f 7998 7999 8050
f 7998 8050 8049
f 7999 8000 8051
f 7999 8051 8050
f 8000 8001 8052
f 8000 8052 8051
f 8001 8002 8053
f 8001 8053 8052
f 8002 8003 8054
f 8002 8054 8053
f 8003 8004 8055
f 8003 8055 8054
f 8004 8005 8056
f 8004 8056 8055
f 8005 8006 8057
f 8005 8057 8056
f 8006 8007 8058
f 8006 8058 8057
f 8007 8008 8059
f 8007 8059 8058
f 8008 8009 8060
f 8008 8060 8059
f 8009 8010 8061
f 8009 8061 8060
f 8010 8011 8062
f 8010 8062 8061
f 8011 8012 8063
f 8011 8063 8062
f 8012 8013 8064
f 8012 8064 8063
f 8013 8014 8065
f 8013 8065 8064
f 8014 8015 8066
f 8014 8066 8065
f 8015 7965 8016
f 8015 8016 8066
f 8016 8017 8068
f 8016 8068 8067
f 8017 8018 8069
f 8017 8069 8068
f 8018 8019 8070
f 8018 8070 8069
f 8019 8020 8071
f 8019 8071 8070
f 8020 8021 8072
f 8020 8072 8071
f 8021 8022 8073
f 8021 8073 8072
f 8022 8023 8074
f 8022 8074 8073
f 8023 8024 8075
f 8023 8075 8074
f 8024 8025 8076
f 8024 8076 8075
f 8025 8026 8077
f 8025 8077 8076
f 8026 8027 8078
f 8026 8078 8077
f 8027 8028 8079
f 8027 8079 8078
f 8028 8029 8080
f 8028 8080 8079
f 8029 8030 8081
f 8029 8081 8080
f 8030 8031 8082
f 8030 8082 8081
f 8031 8032 8083
f 8031 8083 8082
f 8032 8033 8084
f 8032 8084 8083
f 8033 8034 8085
f 8033 8085 8084
f 8034 8035 8086
f 8034 8086 8085
f 8035 8036 8087
f 8035 8087 8086
f 8036 8037 8088
f 8036 8088 8087
f 8037 8038 8089
f 8037 8089 8088
f 8038 8039 8090
f 8038 8090 8089
f 8039 8040 8091
f 8039 8091 8090
f 8040 8041 8092
f 8040 8092 8091
f 8041 8042 8093
f 8041 8093 8092
f 8042 8043 8094
f 8042 8094 8093
f 8043 8044 8095
f 8043 8095 8094
f 8044 8045 8096
f 8044 8096 8095
f 8045 8046 8097
f 8045 8097 8096
f 8046 8047 8098
f 8046 8098 8097
f 8047 8048 8099
f 8047 8099 8098
f 8048 8049 8100
f 8048 8100 8099
f 8049 8050 8101
f 8049 8101 8100
f 8050 8051 8102
f 8050 8102 8101
f 8051 8052 8103
f 8051 8103 8102
f 8052 8053 8104
f 8052 8104 8103
f 8053 8054 8105
f 8053 8105 8104
f 8054 8055 8106
f 8054 8106 8105
f 8055 8056 8107
f 8055 8107 8106
f 8056 8057 8108
f 8056 8108 8107
f 8057 8058 8109
f 8057 8109 8108
f 8058 8059 8110
f 8058 8110 8109
f 8059 8060 8111
f 8059 8111 8110
f 8060 8061 8112
f 8060 8112 8111
f 8061 8062 8113
f 8061 8113 8112
f 8062 8063 8114
f 8062 8114 8113
f 8063 8064 8115
f 8063 8115 8114
f 8064 8065 8116
f 8064 8116 8115
f 8065 8066 8117
f 8065 8117 8116
f 8066 8016 8067
f 8066 8067 8117
f 8067 8068 8119
f 8067 8119 8118
f 8068 8069 8120
f 8068 8120 8119
f 8069 8070 8121
f 8069 8121 8120
f 8070 8071 8122
f 8070 8122 8121
f 8071 8072 8123
f 8071 8123 8122
f 8072 8073 8124
f 8072 8124 8123
f 8073 8074 8125
f 8073 8125 8124
f 8074 8075 8126
f 8074 8126 8125
f 8075 8076 8127
f 8075 8127 8126
f 8076 8077 8128
f 8076 8128 8127
f 8077 8078 8129
f 8077 8129 8128
f 8078 8079 8130
f 8078 8130 8129
f 8079 8080 8131
f 8079 8131 8130
f 8080 8081 8132
f 8080 8132 8131
f 8081 8082 8133
f 8081 8133 8132
f 8082 8083 8134
f 8082 8134 8133
f 8083 8084 8135
f 8083 8135 8134
f 8084 8085 8136
f 8084 8136 8135
f 8085 8086 8137
f 8085 8137 8136
f 8086 8087 8138
f 8086 8138 8137
f 8087 8088 8139
f 8087 8139 8138
f 8088 8089 8140
f 8088 8140 8139
f 8089 8090 8141
f 8089 8141 8140
f 8090 8091 8142
f 8090 8142 8141
f 8091 8092 8143
f 8091 8143 8142
f 8092 8093 8144
f 8092 8144 8143
f 8093 8094 8145
f 8093 8145 8144
f 8094 8095 8146
f 8094 8146 8145
f 8095 8096 8147
f 8095 8147 8146
f 8096 8097 8148
f 8096 8148 8147
f 8097 8098 8149
f 8097 8149 8148
f 8098 8099 8150
f 8098 8150 8149
f 8099 8100 8151
f 8099 8151 8150
f 8100 8101 8152
f 8100 8152 8151
f 8101 8102 8153
f 8101 8153 8152
f 8102 8103 8154
f 8102 8154 8153
f 8103 8104 8155
f 8103 8155 8154
f 8104 8105 8156
f 8104 8156 8155
f 8105 8106 8157
f 8105 8157 8156
f 8106 8107 8158
f 8106 8158 8157
f 8107 8108 8159
f 8107 8159 8158
f 8108 8109 8160
f 8108 8160 8159
f 8109 8110 8161
f 8109 8161 8160
f 8110 8111 8162
f 8110 8162 8161
f 8111 8112 8163
f 8111 8163 8162
f 8112 8113 8164
f 8112 8164 8163
f 8113 8114 8165
f 8113 8165 8164
f 8114 8115 8166
f 8114 8166 8165
f 8115 8116 8167
f 8115 8167 8166
f 8116 8117 8168
f 8116 8168 8167
f 8117 8067 8118
f 8117 8118 8168
f 8118 8119 8170
f 8118 8170 8169
f 8119 8120 8171
f 8119 8171 8170
f 8120 8121 8172
f 8120 8172 8171
f 8121 8122 8173
f 8121 8173 8172
f 8122 8123 8174
f 8122 8174 8173
f 8123 8124 8175
f 8123 8175 8174
f 8124 8125 8176
f 8124 8176 8175
f 8125 8126 8177
f 8125 8177 8176
f 8126 8127 8178
f 8126 8178 8177
f 8127 8128 8179
f 8127 8179 8178
f 8128 8129 8180
f 8128 8180 8179
f 8129 8130 8181
f 8129 8181 8180
f 8130 8131 8182
f 8130 8182 8181
f 8131 8132 8183
f 8131 8183 8182
f 8132 8133 8184
f 8132 8184 8183
f 8133 8134 8185
f 8133 8185 8184
f 8134 8135 8186
f 8134 8186 8185
f 8135 8136 8187
f 8135 8187 8186
f 8136 8137 8188
f 8136 8188 8187
f 8137 8138 8189
f 8137 8189 8188
f 8138 8139 8190
f 8138 8190 8189
f 8139 8140 8191
f 8139 8191 8190
f 8140 8141 8192
f 8140 8192 8191
f 8141 8142 8193
f 8141 8193 8192
f 8142 8143 8194
f 8142 8194 8193
f 8143 8144 8195
f 8143 8195 8194
f 8144 8145 8196
f 8144 8196 8195
f 8145 8146 8197
f 8145 8197 8196
f 8146 8147 8198
f 8146 8198 8197
f 8147 8148 8199
f 8147 8199 8198
f 8148 8149 8200
f 8148 8200 8199
f 8149 8150 8201
f 8149 8201 8200
f 8150 8151 8202
f 8150 8202 8201
f 8151 8152 8203
f 8151 8203 8202
f 8152 8153 8204
f 8152 8204 8203
f 8153 8154 8205
f 8153 8205 8204
f 8154 8155 8206
f 8154 8206 8205
f 8155 8156 8207
f 8155 8207 8206
f 8156 8157 8208
f 8156 8208 8207
f 8157 8158 8209
f 8157 8209 8208
f 8158 8159 8210
f 8158 8210 8209
f 8159 8160 8211
f 8159 8211 8210
f 8160 8161 8212
f 8160 8212 8211
f 8161 8162 8213
f 8161 8213 8212
f 8162 8163 8214
f 8162 8214 8213
f 8163 8164 8215
f 8163 8215 8214
f 8164 8165 8216
f 8164 8216 8215
f 8165 8166 8217
f 8165 8217 8216
f 8166 8167 8218
f 8166 8218 8217
f 8167 8168 8219
f 8167 8219 8218
f 8168 8118 8169
f 8168 8169 8219
f 8169 8170 8221
f 8169 8221 8220
f 8170 8171 8222
f 8170 8222 8221
f 8171 8172 8223
f 8171 8223 8222
f 8172 8173 8224
f 8172 8224 8223
f 8173 8174 8225
f 8173 8225 8224
f 8174 8175 8226
f 8174 8226 8225
f 8175 8176 8227
f 8175 8227 8226
f 8176 8177 8228
f 8176 8228 8227
f 8177 8178 8229
f 8177 8229 8228
f 8178 8179 8230
f 8178 8230 8229
f 8179 8180 8231
f 8179 8231 8230
f 8180 8181 8232
f 8180 8232 8231
f 8181 8182 8233
f 8181 8233 8232
f 8182 8183 8234
f 8182 8234 8233
f 8183 8184 8235
f 8183 8235 8234
f 8184 8185 8236
f 8184 8236 8235
f 8185 8186 8237
f 8185 8237 8236
f 8186 8187 8238
f 8186 8238 8237
f 8187 8188 8239
f 8187 8239 8238
f 8188 8189 8240
f 8188 8240 8239
f 8189 8190 8241
f 8189 8241 8240
f 8190 8191 8242
f 8190 8242 8241
f 8191 8192 8243
f 8191 8243 8242
f 8192 8193 8244
f 8192 8244 8243
f 8193 8194 8245
f 8193 8245 8244
f 8194 8195 8246
f 8194 8246 8245
f 8195 8196 8247
f 8195 8247 8246
f 8196 8197 8248
f 8196 8248 8247
f 8197 8198 8249
f 8197 8249 8248
f 8198 8199 8250
f 8198 8250 8249
f 8199 8200 8251
f 8199 8251 8250
f 8200 8201 8252
f 8200 8252 8251
f 8201 8202 8253
f 8201 8253 8252
f 8202 8203 8254
f 8202 8254 8253
f 8203 8204 8255
f 8203 8255 8254
f 8204 8205 8256
f 8204 8256 8255
f 8205 8206 8257
f 8205 8257 8256
f 8206 8207 8258
f 8206 8258 8257
f 8207 8208 8259
f 8207 8259 8258
f 8208 8209 8260
f 8208 8260 8259
f 8209 8210 8261
f 8209 8261 8260
f 8210 8211 8262
f 8210 8262 8261
f 8211 8212 8263
f 8211 8263 8262
f 8212 8213 8264
f 8212 8264 8263
f 8213 8214 8265
f 8213 8265 8264
f 8214 8215 8266
f 8214 8266 8265
f 8215 8216 8267
f 8215 8267 8266
f 8216 8217 8268
f 8216 8268 8267
f 8217 8218 8269
f 8217 8269 8268
f 8218 8219 8270
f 8218 8270 8269
f 8219 8169 8220
f 8219 8220 8270
f 8220 8221 8272
f 8220 8272 8271
f 8221 8222 8273
f 8221 8273 8272
f 8222 8223 8274
f 8222 8274 8273
f 8223 8224 8275
f 8223 8275 8274
f 8224 8225 8276
f 8224 8276 8275
f 8225 8226 8277
f 8225 8277 8276
f 8226 8227 8278
f 8226 8278 8277
f 8227 8228 8279
f 8227 8279 8278
f 8228 8229 8280
f 8228 8280 8279
f 8229 8230 8281
f 8229 8281 8280
f 8230 8231 8282
f 8230 8282 8281
f 8231 8232 8283
f 8231 8283 8282
f 8232 8233 8284
f 8232 8284 8283
f 8233 8234 8285
f 8233 8285 8284
f 8234 8235 8286
f 8234 8286 8285
f 8235 8236 8287
f 8235 8287 8286
f 8236 8237 8288
f 8236 8288 8287
f 8237 8238 8289
f 8237 8289 8288
f 8238 8239 8290
f 8238 8290 8289
f 8239 8240 8291
f 8239 8291 8290
f 8240 8241 8292
f 8240 8292 8291
f 8241 8242 8293
f 8241 8293 8292
f 8242 8243 8294
f 8242 8294 8293
f 8243 8244 8295
f 8243 8295 8294
f 8244 8245 8296
f 8244 8296 8295
f 8245 8246 8297
f 8245 8297 8296
f 8246 8247 8298
f 8246 8298 8297
f 8247 8248 8299
f 8247 8299 8298
f 8248 8249 8300
f 8248 8300 8299
f 8249 8250 8301
f 8249 8301 8300
f 8250 8251 8302
f 8250 8302 8301
f 8251 8252 8303
f 8251 8303 8302
f 8252 8253 8304
f 8252 8304 8303
f 8253 8254 8305
f 8253 8305 8304
f 8254 8255 8306
f 8254 8306 8305
f 8255 8256 8307
f 8255 8307 8306
f 8256 8257 8308
f 8256 8308 8307
f 8257 8258 8309
f 8257 8309 8308
f 8258 8259 8310
f 8258 8310 8309
f 8259 8260 8311
f 8259 8311 8310
f 8260 8261 8312
f 8260 8312 8311
f 8261 8262 8313
f 8261 8313 8312
f 8262 8263 8314
f 8262 8314 8313
f 8263 8264 8315
f 8263 8315 8314
f 8264 8265 8316
f 8264 8316 8315
f 8265 8266 8317
f 8265 8317 8316
f 8266 8267 8318
f 8266 8318 8317
f 8267 8268 8319
f 8267 8319 8318
f 8268 8269 8320
f 8268 8320 8319
f 8269 8270 8321
f 8269 8321 8320
f 8270 8220 8271
f 8270 8271 8321
f 8271 8272 8323
f 8271 8323 8322
f 8272 8273 8324
f 8272 8324 8323
f 8273 8274 8325
f 8273 8325 8324
f 8274 8275 8326
f 8274 8326 8325
f 8275 8276 8327
f 8275 8327 8326
f 8276 8277 8328
f 8276 8328 8327
f 8277 8278 8329
f 8277 8329 8328
f 8278 8279 8330
f 8278 8330 8329
f 8279 8280 8331
f 8279 8331 8330
f 8280 8281 8332
f 8280 8332 8331
f 8281 8282 8333
f 8281 8333 8332
f 8282 8283 8334
f 8282 8334 8333
f 8283 8284 8335
f 8283 8335 8334
f 8284 8285 8336
f 8284 8336 8335
f 8285 8286 8337
f 8285 8337 8336
f 8286 8287 8338
f 8286 8338 8337
f 8287 8288 8339
f 8287 8339 8338
f 8288 8289 8340
f 8288 8340 8339
f 8289 8290 8341
f 8289 8341 8340
f 8290 8291 8342
f 8290 8342 8341
f 8291 8292 8343
f 8291 8343 8342
f 8292 8293 8344
f 8292 8344 8343
f 8293 8294 8345
f 8293 8345 8344
f 8294 8295 8346
f 8294 8346 8345
f 8295 8296 8347
f 8295 8347 8346
f 8296 8297 8348
f 8296 8348 8347
f 8297 8298 8349
f 8297 8349 8348
f 8298 8299 8350
f 8298 8350 8349
f 8299 8300 8351
f 8299 8351 8350
f 8300 8301 8352
f 8300 8352 8351
f 8301 8302 8353
f 8301 8353 8352
f 8302 8303 8354
f 8302 8354 8353
f 8303 8304 8355
f 8303 8355 8354
f 8304 8305 8356
f 8304 8356 8355
f 8305 8306 8357
f 8305 8357 8356
f 8306 8307 8358
f 8306 8358 8357
f 8307 8308 8359
f 8307 8359 8358
f 8308 8309 8360
f 8308 8360 8359
f 8309 8310 8361
f 8309 8361 8360
f 8310 8311 8362
f 8310 8362 8361
f 8311 8312 8363
f 8311 8363 8362
f 8312 8313 8364
f 8312 8364 8363
f 8313 8314 8365
f 8313 8365 8364
f 8314 8315 8366
f 8314 8366 8365
f 8315 8316 8367
f 8315 8367 8366
f 8316 8317 8368
f 8316 8368 8367
f 8317 8318 8369
f 8317 8369 8368
f 8318 8319 8370
f 8318 8370 8369
f 8319 8320 8371
f 8319 8371 8370
f 8320 8321 8372
f 8320 8372 8371
f 8321 8271 8322
f 8321 8322 8372
f 8322 8323 8374
f 8322 8374 8373
f 8323 8324 8375
f 8323 8375 8374
f 8324 8325 8376
f 8324 8376 8375
f 8325 8326 8377
f 8325 8377 8376
f 8326 8327 8378
f 8326 8378 8377
f 8327 8328 8379
f 8327 8379 8378
f 8328 8329 8380
f 8328 8380 8379
f 8329 8330 8381
f 8329 8381 8380
f 8330 8331 8382
f 8330 8382 8381
f 8331 8332 8383
f 8331 8383 8382
f 8332 8333 8384
f 8332 8384 8383
f 8333 8334 8385
f 8333 8385 8384
f 8334 8335 8386
f 8334 8386 8385
f 8335 8336 8387
f 8335 8387 8386
f 8336 8337 8388
f 8336 8388 8387
f 8337 8338 8389
f 8337 8389 8388
f 8338 8339 8390
f 8338 8390 8389
f 8339 8340 8391
f 8339 8391 8390
f 8340 8341 8392
f 8340 8392 8391
f 8341 8342 8393
f 8341 8393 8392
f 8342 8343 8394
f 8342 8394 8393
f 8343 8344 8395
f 8343 8395 8394
f 8344 8345 8396
f 8344 8396 8395
f 8345 8346 8397
f 8345 8397 8396
f 8346 8347 8398
f 8346 8398 8397
f 8347 8348 8399
f 8347 8399 8398
f 8348 8349 8400
f 8348 8400 8399
f 8349 8350 8401
f 8349 8401 8400
f 8350 8351 8402
f 8350 8402 8401
f 8351 8352 8403
f 8351 8403 8402
f 8352 8353 8404
f 8352 8404 8403
f 8353 8354 8405
f 8353 8405 8404
f 8354 8355 8406
f 8354 8406 8405
f 8355 8356 8407
f 8355 8407 8406
f 8356 8357 8408
f 8356 8408 8407
f 8357 8358 8409
f 8357 8409 8408
f 8358 8359 8410
f 8358 8410 8409
f 8359 8360 8411
f 8359 8411 8410
f 8360 8361 8412
f 8360 8412 8411
f 8361 8362 8413
f 8361 8413 8412
f 8362 8363 8414
f 8362 8414 8413
f 8363 8364 8415
f 8363 8415 8414
f 8364 8365 8416
f 8364 8416 8415
f 8365 8366 8417
f 8365 8417 8416
f 8366 8367 8418
f 8366 8418 8417
f 8367 8368 8419
f 8367 8419 8418
f 8368 8369 8420
f 8368 8420 8419
f 8369 8370 8421
f 8369 8421 8420
f 8370 8371 8422
f 8370 8422 8421
f 8371 8372 8423
f 8371 8423 8422
f 8372 8322 8373
f 8372 8373 8423
f 8424 6742 6741
f 8424 6743 6742
f 8424 6744 6743
f 8424 6745 6744
f 8424 6746 6745
f 8424 6747 6746
f 8424 6748 6747
f 8424 6749 6748
f 8424 6750 6749
f 8424 6751 6750
f 8424 6752 6751
f 8424 6753 6752
f 8424 6754 6753
f 8424 6755 6754
f 8424 6756 6755
f 8424 6757 6756
f 8424 6758 6757
f 8424 6759 6758
f 8424 6760 6759
f 8424 6761 6760
f 8424 6762 6761
f 8424 6763 6762
f 8424 6764 6763
f 8424 6765 6764
f 8424 6766 6765
f 8424 6767 6766
f 8424 6768 6767
f 8424 6769 6768
f 8424 6770 6769
f 8424 6771 6770
f 8424 6772 6771
f 8424 6773 6772
f 8424 6774 6773
f 8424 6775 6774
f 8424 6776 6775
f 8424 6777 6776
f 8424 6778 6777
f 8424 6779 6778
f 8424 6780 6779
f 8424 6781 6780
f 8424 6782 6781
f 8424 6783 6782
f 8424 6784 6783
f 8424 6785 6784
f 8424 6786 6785
f 8424 6787 6786
f 8424 6788 6787
f 8424 6789 6788
f 8424 6790 6789
f 8424 6791 6790
f 8424 6741 6791
f 8425 8373 8374
f 8425 8374 8375
f 8425 8375 8376
f 8425 8376 8377
f 8425 8377 8378
f 8425 8378 8379
f 8425 8379 8380
f 8425 8380 8381
f 8425 8381 8382
f 8425 8382 8383
f 8425 8383 8384
f 8425 8384 8385
f 8425 8385 8386
f 8425 8386 8387
f 8425 8387 8388
f 8425 8388 8389
f 8425 8389 8390
f 8425 8390 8391
f 8425 8391 8392
f 8425 8392 8393
f 8425 8393 8394
f 8425 8394 8395
f 8425 8395 8396
f 8425 8396 8397
f 8425 8397 8398
f 8425 8398 8399
f 8425 8399 8400
f 8425 8400 8401
f 8425 8401 8402
f 8425 8402 8403
f 8425 8403 8404
f 8425 8404 8405
f 8425 8405 8406
f 8425 8406 8407
f 8425 8407 8408
f 8425 8408 8409
f 8425 8409 8410
f 8425 8410 8411
f 8425 8411 8412
f 8425 8412 8413
f 8425 8413 8414
f 8425 8414 8415
f 8425 8415 8416
f 8425 8416 8417
f 8425 8417 8418
f 8425 8418 8419
f 8425 8419 8420
f 8425 8420 8421
f 8425 8421 8422
f 8425 8422 8423
f 8425 8423 8373
f 8426 8477 8427
f 8426 8476 8477
f 8427 8478 8428
f 8427 8477 8478
f 8428 8479 8429
f 8428 8478 8479
f 8429 8480 8430
f 8429 8479 8480
f 8430 8481 8431
f 8430 8480 8481
f 8431 8482 8432
f 8431 8481 8482
f 8432 8483 8433
f 8432 8482 8483
f 8433 8484 8434
f 8433 8483 8484
f 8434 8485 8435
f 8434 8484 8485
f 8435 8486 8436
f 8435 8485 8486
f 8436 8487 8437
f 8436 8486 8487
f 8437 8488 8438
f 8437 8487 8488
f 8438 8489 8439
f 8438 8488 8489
f 8439 8490 8440
f 8439 8489 8490
f 8440 8491 8441
f 8440 8490 8491
f 8441 8492 8442
f 8441 8491 8492
f 8442 8493 8443
f 8442 8492 8493
f 8443 8494 8444
f 8443 8493 8494
f 8444 8495 8445
f 8444 8494 8495
f 8445 8496 8446
f 8445 8495 8496
f 8446 8497 8447
f 8446 8496 8497
f 8447 8498 8448
f 8447 8497 8498
f 8448 8499 8449
f 8448 8498 8499
f 8449 8500 8450
f 8449 8499 8500
f 8450 8501 8451
f 8450 8500 8501
f 8451 8502 8452
f 8451 8501 8502
f 8452 8503 8453
f 8452 8502 8503
f 8453 8504 8454
f 8453 8503 8504
f 8454 8505 8455
f 8454 8504 8505
f 8455 8506 8456
f 8455 8505 8506
f 8456 8507 8457
f 8456 8506 8507
f 8457 8508 8458
f 8457 8507 8508
f 8458 8509 8459
f 8458 8508 8509
f 8459 8510 8460
f 8459 8509 8510
f 8460 8511 8461
f 8460 8510 8511
f 8461 8512 8462
f 8461 8511 8512
f 8462 8513 8463
f 8462 8512 8513
f 8463 8514 8464
f 8463 8513 8514
f 8464 8515 8465
f 8464 8514 8515
f 8465 8516 8466
f 8465 8515 8516
f 8466 8517 8467
f 8466 8516 8517
f 8467 8518 8468
f 8467 8517 8518
f 8468 8519 8469
f 8468 8518 8519
f 8469 8520 8470
f 8469 8519 8520
f 8470 8521 8471
f 8470 8520 8521
f 8471 8522 8472
f 8471 8521 8522
f 8472 8523 8473
f 8472 8522 8523
f 8473 8524 8474
f 8473 8523 8524
f 8474 8525 8475
f 8474 8524 8525
f 8475 8476 8426
f 8475 8525 8476
f 8476 8527 8477
f 8476 8526 8527
f 8477 8528 8478
f 8477 8527 8528
f 8478 8529 8479
f 8478 8528 8529
f 8479 8530 8480
f 8479 8529 8530
f 8480 8531 8481
f 8480 8530 8531
f 8481 8532 8482
f 8481 8531 8532
f 8482 8533 8483
f 8482 8532 8533
f 8483 8534 8484
f 8483 8533 8534
f 8484 8535 8485
f 8484 8534 8535
f 8485 8536 8486
f 8485 8535 8536
f 8486 8537 8487
f 8486 8536 8537
f 8487 8538 8488
f 8487 8537 8538
f 8488 8539 8489
f 8488 8538 8539
f 8489 8540 8490
f 8489 8539 8540
f 8490 8541 8491
f 8490 8540 8541
f 8491 8542 8492
f 8491 8541 8542
f 8492 8543 8493
f 8492 8542 8543
f 8493 8544 8494
f 8493 8543 8544
f 8494 8545 8495
f 8494 8544 8545
f 8495 8546 8496
f 8495 8545 8546
f 8496 8547 8497
f 8496 8546 8547
f 8497 8548 8498
f 8497 8547 8548
f 8498 8549 8499
f 8498 8548 8549
f 8499 8550 8500
f 8499 8549 8550
f 8500 8551 8501
f 8500 8550 8551
f 8501 8552 8502
f 8501 8551 8552
f 8502 8553 8503
f 8502 8552 8553
f 8503 8554 8504
f 8503 8553 8554
f 8504 8555 8505
f 8504 8554 8555
f 8505 8556 8506
f 8505 8555 8556
f 8506 8557 8507
f 8506 8556 8557
f 8507 8558 8508
f 8507 8557 8558
f 8508 8559 8509
f 8508 8558 8559
f 8509 8560 8510
f 8509 8559 8560
f 8510 8561 8511
f 8510 8560 8561
f 8511 8562 8512
f 8511 8561 8562
f 8512 8563 8513
f 8512 8562 8563
f 8513 8564 8514
f 8513 8563 8564
f 8514 8565 8515
f 8514 8564 8565
f 8515 8566 8516
f 8515 8565 8566
f 8516 8567 8517
f 8516 8566 8567
f 8517 8568 8518
f 8517 8567 8568
f 8518 8569 8519
f 8518 8568 8569
f 8519 8570 8520
f 8519 8569 8570
f 8520 8571 8521
f 8520 8570 8571
f 8521 8572 8522
f 8521 8571 8572
f 8522 8573 8523
f 8522 8572 8573
f 8523 8574 8524
f 8523 8573 8574
f 8524 8575 8525
f 8524 8574 8575
f 8525 8526 8476
f 8525 8575 8526
f 8526 8577 8527
f 8526 8576 8577
f 8527 8578 8528
f 8527 8577 8578
f 8528 8579 8529
f 8528 8578 8579
f 8529 8580 8530
f 8529 8579 8580
f 8530 8581 8531
f 8530 8580 8581
f 8531 8582 8532
f 8531 8581 8582
f 8532 8583 8533
f 8532 8582 8583
f 8533 8584 8534
f 8533 8583 8584
f 8534 8585 8535
f 8534 8584 8585
f 8535 8586 8536
f 8535 8585 8586
f 8536 8587 8537
f 8536 8586 8587
f 8537 8588 8538
f 8537 8587 8588
f 8538 8589 8539
f 8538 8588 8589
f 8539 8590 8540
f 8539 8589 8590
f 8540 8591 8541
f 8540 8590 8591
f 8541 8592 8542
f 8541 8591 8592
f 8542 8593 8543
f 8542 8592 8593
f 8543 8594 8544
f 8543 8593 8594
f 8544 8595 8545
f 8544 8594 8595
f 8545 8596 8546
f 8545 8595 8596
f 8546 8597 8547
f 8546 8596 8597
f 8547 8598 8548
f 8547 8597 8598
f 8548 8599 8549
f 8548 8598 8599
f 8549 8600 8550
f 8549 8599 8600
f 8550 8601 8551
f 8550 8600 8601
f 8551 8602 8552
f 8551 8601 8602
f 8552 8603 8553
f 8552 8602 8603
f 8553 8604 8554
f 8553 8603 8604
f 8554 8605 8555
f 8554 8604 8605
f 8555 8606 8556
f 8555 8605 8606
f 8556 8607 8557
f 8556 8606 8607
f 8557 8608 8558
f 8557 8607 8608
f 8558 8609 8559
f 8558 8608 8609
f 8559 8610 8560
f 8559 8609 8610
f 8560 8611 8561
f 8560 8610 8611
f 8561 8612 8562
f 8561 8611 8612
f 8562 8613 8563
f 8562 8612 8613
f 8563 8614 8564
f 8563 8613 8614
f 8564 8615 8565
f 8564 8614 8615
f 8565 8616 8566
f 8565 8615 8616
f 8566 8617 8567
f 8566 8616 8617
f 8567 8618 8568
f 8567 8617 8618
f 8568 8619 8569
f 8568 8618 8619
f 8569 8620 8570
f 8569 8619 8620
f 8570 8621 8571
f 8570 8620 8621
f 8571 8622 8572
f 8571 8621 8622
f 8572 8623 8573
f 8572 8622 8623
f 8573 8624 8574
f 8573 8623 8624
f 8574 8625 8575
f 8574 8624 8625
f 8575 8576 8526
f 8575 8625 8576
f 8576 8627 8577
f 8576 8626 8627
f 8577 8628 8578
f 8577 8627 8628
f 8578 8629 8579
f 8578 8628 8629
f 8579 8630 8580
f 8579 8629 8630
f 8580 8631 8581
f 8580 8630 8631
f 8581 8632 8582
f 8581 8631 8632
f 8582 8633 8583
f 8582 8632 8633
f 8583 8634 8584
f 8583 8633 8634
f 8584 8635 8585
f 8584 8634 8635
f 8585 8636 8586
f 8585 8635 8636
f 8586 8637 8587
f 8586 8636 8637
f 8587 8638 8588
f 8587 8637 8638
f 8588 8639 8589
f 8588 8638 8639
f 8589 8640 8590
f 8589 8639 8640
f 8590 8641 8591
f 8590 8640 8641
f 8591 8642 8592
f 8591 8641 8642
f 8592 8643 8593
f 8592 8642 8643
f 8593 8644 8594
f 8593 8643 8644
f 8594 8645 8595
f 8594 8644 8645
f 8595 8646 8596
f 8595 8645 8646
f 8596 8647 8597
f 8596 8646 8647
f 8597 8648 8598
f 8597 8647 8648
f 8598 8649 8599
f 8598 8648 8649
f 8599 8650 8600
f 8599 8649 8650
f 8600 8651 8601
f 8600 8650 8651
f 8601 8652 8602
f 8601 8651 8652
f 8602 8653 8603
f 8602 8652 8653
f 8603 8654 8604
f 8603 8653 8654
f 8604 8655 8605
f 8604 8654 8655
f 8605 8656 8606
f 8605 8655 8656
f 8606 8657 8607
f 8606 8656 8657
f 8607 8658 8608
f 8607 8657 8658
f 8608 8659 8609
f 8608 8658 8659
f 8609 8660 8610
f 8609 8659 8660
f 8610 8661 8611
f 8610 8660 8661
f 8611 8662 8612
f 8611 8661 8662
f 8612 8663 8613
f 8612 8662 8663
f 8613 8664 8614
f 8613 8663 8664
f 8614 8665 8615
f 8614 8664 8665
f 8615 8666 8616
f 8615 8665 8666
f 8616 8667 8617
f 8616 8666 8667
f 8617 8668 8618
f 8617 8667 8668
f 8618 8669 8619
f 8618 8668 8669
f 8619 8670 8620
f 8619 8669 8670
f 8620 8671 8621
f 8620 8670 8671
f 8621 8672 8622
f 8621 8671 8672
f 8622 8673 8623
f 8622 8672 8673
f 8623 8674 8624
f 8623 8673 8674
f 8624 8675 8625
f 8624 8674 8675
f 8625 8626 8576
f 8625 8675 8626
f 8626 8677 8627
f 8626 8676 8677
f 8627 8678 8628
f 8627 8677 8678
f 8628 8679 8629
f 8628 8678 8679
f 8629 8680 8630
f 8629 8679 8680
f 8630 8681 8631
f 8630 8680 8681
f 8631 8682 8632
f 8631 8681 8682
f 8632 8683 8633
f 8632 8682 8683
f 8633 8684 8634
f 8633 8683 8684
f 8634 8685 8635
f 8634 8684 8685
f 8635 8686 8636
f 8635 8685 8686
f 8636 8687 8637
f 8636 8686 8687
f 8637 8688 8638
f 8637 8687 8688
f 8638 8689 8639
f 8638 8688 8689
f 8639 8690 8640
f 8639 8689 8690
f 8640 8691 8641
f 8640 8690 8691
f 8641 8692 8642
f 8641 8691 8692
f 8642 8693 8643
f 8642 8692 8693
f 8643 8694 8644
f 8643 8693 8694
f 8644 8695 8645
f 8644 8694 8695
f 8645 8696 8646
f 8645 8695 8696
f 8646 8697 8647
f 8646 8696 8697
f 8647 8698 8648
f 8647 8697 8698
f 8648 8699 8649
f 8648 8698 8699
f 8649 8700 8650
f 8649 8699 8700
f 8650 8701 8651
f 8650 8700 8701
f 8651 8702 8652
f 8651 8701 8702
f 8652 8703 8653
f 8652 8702 8703
f 8653 8704 8654
f 8653 8703 8704
f 8654 8705 8655
f 8654 8704 8705
f 8655 8706 8656
f 8655 8705 8706
f 8656 8707 8657
f 8656 8706 8707
f 8657 8708 8658
f 8657 8707 8708
f 8658 8709 8659
f 8658 8708 8709
f 8659 8710 8660
f 8659 8709 8710
f 8660 8711 8661
f 8660 8710 8711
f 8661 8712 8662
f 8661 8711 8712
f 8662 8713 8663
f 8662 8712 8713
f 8663 8714 8664
f 8663 8713 8714
f 8664 8715 8665
f 8664 8714 8715
f 8665 8716 8666
f 8665 8715 8716
f 8666 8717 8667
f 8666 8716 8717
f 8667 8718 8668
f 8667 8717 8718
f 8668 8719 8669
f 8668 8718 8719
f 8669 8720 8670
f 8669 8719 8720
f 8670 8721 8671
f 8670 8720 8721
f 8671 8722 8672
f 8671 8721 8722
f 8672 8723 8673
f 8672 8722 8723
f 8673 8724 8674
f 8673 8723 8724
f 8674 8725 8675
f 8674 8724 8725
f 8675 8676 8626
f 8675 8725 8676
f 8676 8727 8677
f 8676 8726 8727
f 8677 8728 8678
f 8677 8727 8728
f 8678 8729 8679
f 8678 8728 8729
f 8679 8730 8680
f 8679 8729 8730
f 8680 8731 8681
f 8680 8730 8731
f 8681 8732 8682
f 8681 8731 8732
f 8682 8733 8683
f 8682 8732 8733
f 8683 8734 8684
f 8683 8733 8734
f 8684 8735 8685
f 8684 8734 8735
f 8685 8736 8686
f 8685 8735 8736
f 8686 8737 8687
f 8686 8736 8737
f 8687 8738 8688
f 8687 8737 8738
f 8688 8739 8689
f 8688 8738 8739
f 8689 8740 8690
f 8689 8739 8740
f 8690 8741 8691
f 8690 8740 8741
f 8691 8742 8692
f 8691 8741 8742
f 8692 8743 8693
f 8692 8742 8743
f 8693 8744 8694
f 8693 8743 8744
f 8694 8745 8695
f 8694 8744 8745
f 8695 8746 8696
f 8695 8745 8746
f 8696 8747 8697
f 8696 8746 8747
f 8697 8748 8698
f 8697 8747 8748
f 8698 8749 8699
f 8698 8748 8749
f 8699 8750 8700
f 8699 8749 8750
f 8700 8751 8701
f 8700 8750 8751
f 8701 8752 8702
f 8701 8751 8752
f 8702 8753 8703
f 8702 8752 8753
f 8703 8754 8704
f 8703 8753 8754
f 8704 8755 8705
f 8704 8754 8755
f 8705 8756 8706
f 8705 8755 8756
f 8706 8757 8707
f 8706 8756 8757
f 8707 8758 8708
f 8707 8757 8758
f 8708 8759 8709
f 8708 8758 8759
f 8709 8760 8710
f 8709 8759 8760
f 8710 8761 8711
f 8710 8760 8761
f 8711 8762 8712
f 8711 8761 8762
f 8712 8763 8713
f 8712 8762 8763
f 8713 8764 8714
f 8713 8763 8764
f 8714 8765 8715
f 8714 8764 8765
f 8715 8766 8716
f 8715 8765 8766
f 8716 8767 8717
f 8716 8766 8767
f 8717 8768 8718
f 8717 8767 8768
f 8718 8769 8719
f 8718 8768 8769
f 8719 8770 8720
f 8719 8769 8770
f 8720 8771 8721
f 8720 8770 8771
f 8721 8772 8722
f 8721 8771 8772
f 8722 8773 8723
f 8722 8772 8773
f 8723 8774 8724
f 8723 8773 8774
f 8724 8775 8725
f 8724 8774 8775
f 8725 8726 8676
f 8725 8775 8726
f 8726 8777 8727
f 8726 8776 8777
f 8727 8778 8728
f 8727 8777 8778
f 8728 8779 8729
f 8728 8778 8779
f 8729 8780 8730
f 8729 8779 8780
f 8730 8781 8731
f 8730 8780 8781
f 8731 8782 8732
f 8731 8781 8782
f 8732 8783 8733
f 8732 8782 8783
f 8733 8784 8734
f 8733 8783 8784
f 8734 8785 8735
f 8734 8784 8785
f 8735 8786 8736
f 8735 8785 8786
f 8736 8787 8737
f 8736 8786 8787
f 8737 8788 8738
f 8737 8787 8788
f 8738 8789 8739
f 8738 8788 8789
f 8739 8790 8740
f 8739 8789 8790
f 8740 8791 8741
f 8740 8790 8791
f 8741 8792 8742
f 8741 8791 8792
f 8742 8793 8743
f 8742 8792 8793
f 8743 8794 8744
f 8743 8793 8794
f 8744 8795 8745
f 8744 8794 8795
f 8745 8796 8746
f 8745 8795 8796
f 8746 8797 8747
f 8746 8796 8797
f 8747 8798 8748
f 8747 8797 8798
f 8748 8799 8749
f 8748 8798 8799
f 8749 8800 8750
f 8749 8799 8800
f 8750 8801 8751
f 8750 8800 8801
f 8751 8802 8752
f 8751 8801 8802
f 8752 8803 8753
f 8752 8802 8803
f 8753 8804 8754
f 8753 8803 8804
f 8754 8805 8755
f 8754 8804 8805
f 8755 8806 8756
f 8755 8805 8806
f 8756 8807 8757
f 8756 8806 8807
f 8757 8808 8758
f 8757 8807 8808
f 8758 8809 8759
f 8758 8808 8809
f 8759 8810 8760
f 8759 8809 8810
f 8760 8811 8761
f 8760 8810 8811
f 8761 8812 8762
f 8761 8811 8812
f 8762 8813 8763
f 8762 8812 8813
f 8763 8814 8764
f 8763 8813 8814
f 8764 8815 8765
f 8764 8814 8815
f 8765 8816 8766
f 8765 8815 8816
f 8766 8817 8767
f 8766 8816 8817
f 8767 8818 8768
f 8767 8817 8818
f 8768 8819 8769
f 8768 8818 8819
f 8769 8820 8770
f 8769 8819 8820
f 8770 8821 8771
f 8770 8820 8821
f 8771 8822 8772
f 8771 8821 8822
f 8772 8823 8773
f 8772 8822 8823
f 8773 8824 8774
f 8773 8823 8824
f 8774 8825 8775
f 8774 8824 8825
f 8775 8776 8726
f 8775 8825 8776
f 8776 8827 8777
f 8776 8826 8827
f 8777 8828 8778
f 8777 8827 8828
f 8778 8829 8779
f 8778 8828 8829
f 8779 8830 8780
f 8779 8829 8830
f 8780 8831 8781
f 8780 8830 8831
f 8781 8832 8782
f 8781 8831 8832
f 8782 8833 8783
f 8782 8832 8833
f 8783 8834 8784
f 8783 8833 8834
f 8784 8835 8785
f 8784 8834 8835
f 8785 8836 8786
f 8785 8835 8836
f 8786 8837 8787
f 8786 8836 8837
f 8787 8838 8788
f 8787 8837 8838
f 8788 8839 8789
f 8788 8838 8839
f 8789 8840 8790
f 8789 8839 8840
f 8790 8841 8791
f 8790 8840 8841
f 8791 8842 8792
f 8791 8841 8842
f 8792 8843 8793
f 8792 8842 8843
f 8793 8844 8794
f 8793 8843 8844
f 8794 8845 8795
f 8794 8844 8845
f 8795 8846 8796
f 8795 8845 8846
f 8796 8847 8797
f 8796 8846 8847
f 8797 8848 8798
f 8797 8847 8848
f 8798 8849 8799
f 8798 8848 8849
f 8799 8850 8800
f 8799 8849 8850
f 8800 8851 8801
f 8800 8850 8851
f 8801 8852 8802
f 8801 8851 8852
f 8802 8853 8803
f 8802 8852 8853
f 8803 8854 8804
f 8803 8853 8854
f 8804 8855 8805
f 8804 8854 8855
f 8805 8856 8806
f 8805 8855 8856
f 8806 8857 8807
f 8806 8856 8857
f 8807 8858 8808
f 8807 8857 8858
f 8808 8859 8809
f 8808 8858 8859
f 8809 8860 8810
f 8809 8859 8860
f 8810 8861 8811
f 8810 8860 8861
f 8811 8862 8812
f 8811 8861 8862
f 8812 8863 8813
f 8812 8862 8863
f 8813 8864 8814
f 8813 8863 8864
f 8814 8865 8815
f 8814 8864 8865
f 8815 8866 8816
f 8815 8865 8866
f 8816 8867 8817
f 8816 8866 8867
f 8817 8868 8818
f 8817 8867 8868
f 8818 8869 8819
f 8818 8868 8869
f 8819 8870 8820
f 8819 8869 8870
f 8820 8871 8821
f 8820 8870 8871
f 8821 8872 8822
f 8821 8871 8872
f 8822 8873 8823
f 8822 8872 8873
f 8823 8874 8824
f 8823 8873 8874
f 8824 8875 8825
f 8824 8874 8875
f 8825 8826 8776
f 8825 8875 8826
f 8826 8877 8827
f 8826 8876 8877
f 8827 8878 8828
f 8827 8877 8878
f 8828 8879 8829
f 8828 8878 8879
f 8829 8880 8830
f 8829 8879 8880
f 8830 8881 8831
f 8830 8880 8881
f 8831 8882 8832
f 8831 8881 8882
f 8832 8883 8833
f 8832 8882 8883
f 8833 8884 8834
f 8833 8883 8884
f 8834 8885 8835
f 8834 8884 8885
f 8835 8886 8836
f 8835 8885 8886
f 8836 8887 8837
f 8836 8886 8887
f 8837 8888 8838
f 8837 8887 8888
f 8838 8889 8839
f 8838 8888 8889
f 8839 8890 8840
f 8839 8889 8890
f 8840 8891 8841
f 8840 8890 8891
f 8841 8892 8842
f 8841 8891 8892
f 8842 8893 8843
f 8842 8892 8893
f 8843 8894 8844
f 8843 8893 8894
f 8844 8895 8845
f 8844 8894 8895
f 8845 8896 8846
f 8845 8895 8896
f 8846 8897 8847
f 8846 8896 8897
f 8847 8898 8848
f 8847 8897 8898
f 8848 8899 8849
f 8848 8898 8899
f 8849 8900 8850
f 8849 8899 8900
f 8850 8901 8851
f 8850 8900 8901
f 8851 8902 8852
f 8851 8901 8902
f 8852 8903 8853
f 8852 8902 8903
f 8853 8904 8854
f 8853 8903 8904
f 8854 8905 8855
f 8854 8904 8905
f 8855 8906 8856
f 8855 8905 8906
f 8856 8907 8857
f 8856 8906 8907
f 8857 8908 8858
f 8857 8907 8908
f 8858 8909 8859
f 8858 8908 8909
f 8859 8910 8860
f 8859 8909 8910
f 8860 8911 8861
f 8860 8910 8911
f 8861 8912 8862
f 8861 8911 8912
f 8862 8913 8863
f 8862 8912 8913
f 8863 8914 8864
f 8863 8913 8914
f 8864 8915 8865
f 8864 8914 8915
f 8865 8916 8866
f 8865 8915 8916
f 8866 8917 8867
f 8866 8916 8917
f 8867 8918 8868
f 8867 8917 8918
f 8868 8919 8869
f 8868 8918 8919
f 8869 8920 8870
f 8869 8919 8920
f 8870 8921 8871
f 8870 8920 8921
f 8871 8922 8872
f 8871 8921 8922
f 8872 8923 8873
f 8872 8922 8923
f 8873 8924 8874
f 8873 8923 8924
f 8874 8925 8875
f 8874 8924 8925
f 8875 8876 8826
f 8875 8925 8876
f 8876 8927 8877
f 8876 8926 8927
f 8877 8928 8878
f 8877 8927 8928
f 8878 8929 8879
f 8878 8928 8929
f 8879 8930 8880
f 8879 8929 8930
f 8880 8931 8881
f 8880 8930 8931
f 8881 8932 8882
f 8881 8931 8932
f 8882 8933 8883
f 8882 8932 8933
f 8883 8934 8884
f 8883 8933 8934
f 8884 8935 8885
f 8884 8934 8935
f 8885 8936 8886
f 8885 8935 8936
f 8886 8937 8887
f 8886 8936 8937
f 8887 8938 8888
f 8887 8937 8938
f 8888 8939 8889
f 8888 8938 8939
f 8889 8940 8890
f 8889 8939 8940
f 8890 8941 8891
f 8890 8940 8941
f 8891 8942 8892
f 8891 8941 8942
f 8892 8943 8893
f 8892 8942 8943
f 8893 8944 8894
f 8893 8943 8944
f 8894 8945 8895
f 8894 8944 8945
f 8895 8946 8896
f 8895 8945 8946
f 8896 8947 8897
f 8896 8946 8947
f 8897 8948 8898
f 8897 8947 8948
f 8898 8949 8899
f 8898 8948 8949
f 8899 8950 8900
f 8899 8949 8950
f 8900 8951 8901
f 8900 8950 8951
f 8901 8952 8902
f 8901 8951 8952
f 8902 8953 8903
f 8902 8952 8953
f 8903 8954 8904
f 8903 8953 8954
f 8904 8955 8905
f 8904 8954 8955
f 8905 8956 8906
f 8905 8955 8956
f 8906 8957 8907
f 8906 8956 8957
f 8907 8958 8908
f 8907 8957 8958
f 8908 8959 8909
f 8908 8958 8959
f 8909 8960 8910
f 8909 8959 8960
f 8910 8961 8911
f 8910 8960 8961
f 8911 8962 8912
f 8911 8961 8962
f 8912 8963 8913
f 8912 8962 8963
f 8913 8964 8914
f 8913 8963 8964
f 8914 8965 8915
f 8914 8964 8965
f 8915 8966 8916
f 8915 8965 8966
f 8916 8967 8917
f 8916 8966 8967
f 8917 8968 8918
f 8917 8967 8968
f 8918 8969 8919
f 8918 8968 8969
f 8919 8970 8920
f 8919 8969 8970
f 8920 8971 8921
f 8920 8970 8971
f 8921 8972 8922
f 8921 8971 8972
f 8922 8973 8923
f 8922 8972 8973
f 8923 8974 8924
f 8923 8973 8974
f 8924 8975 8925
f 8924 8974 8975
f 8925 8926 8876
f 8925 8975 8926
f 8926 8977 8927
f 8926 8976 8977
f 8927 8978 8928
f 8927 8977 8978
f 8928 8979 8929
f 8928 8978 8979
f 8929 8980 8930
f 8929 8979 8980
f 8930 8981 8931
f 8930 8980 8981
f 8931 8982 8932
f 8931 8981 8982
f 8932 8983 8933
f 8932 8982 8983
f 8933 8984 8934
f 8933 8983 8984
f 8934 8985 8935
f 8934 8984 8985
f 8935 8986 8936
f 8935 8985 8986
f 8936 8987 8937
f 8936 8986 8987
f 8937 8988 8938
f 8937 8987 8988
f 8938 8989 8939
f 8938 8988 8989
f 8939 8990 8940
f 8939 8989 8990
f 8940 8991 8941
f 8940 8990 8991
f 8941 8992 8942
f 8941 8991 8992
f 8942 8993 8943
f 8942 8992 8993
f 8943 8994 8944
f 8943 8993 8994
f 8944 8995 8945
f 8944 8994 8995
f 8945 8996 8946
f 8945 8995 8996
f 8946 8997 8947
f 8946 8996 8997
f 8947 8998 8948
f 8947 8997 8998
f 8948 8999 8949
f 8948 8998 8999
f 8949 9000 8950
f 8949 8999 9000
f 8950 9001 8951
f 8950 9000 9001
f 8951 9002 8952
f 8951 9001 9002
f 8952 9003 8953
f 8952 9002 9003
f 8953 9004 8954
f 8953 9003 9004
f 8954 9005 8955
f 8954 9004 9005
f 8955 9006 8956
f 8955 9005 9006
f 8956 9007 8957
f 8956 9006 9007
f 8957 9008 8958
f 8957 9007 9008
f 8958 9009 8959
f 8958 9008 9009
f 8959 9010 8960
f 8959 9009 9010
f 8960 9011 8961
f 8960 9010 9011
f 8961 9012 8962
f 8961 9011 9012
f 8962 9013 8963
f 8962 9012 9013
f 8963 9014 8964
f 8963 9013 9014
f 8964 9015 8965
f 8964 9014 9015
f 8965 9016 8966
f 8965 9015 9016
f 8966 9017 8967
f 8966 9016 9017
f 8967 9018 8968
f 8967 9017 9018
f 8968 9019 8969
f 8968 9018 9019
f 8969 9020 8970
f 8969 9019 9020
f 8970 9021 8971
f 8970 9020 9021
f 8971 9022 8972
f 8971 9021 9022
f 8972 9023 8973
f 8972 9022 9023
f 8973 9024 8974
f 8973 9023 9024
f 8974 9025 8975
f 8974 9024 9025
f 8975 8976 8926
f 8975 9025 8976
f 8976 9027 8977
f 8976 9026 9027
f 8977 9028 8978
f 8977 9027 9028
f 8978 9029 8979
f 8978 9028 9029
f 8979 9030 8980
f 8979 9029 9030
f 8980 9031 8981
f 8980 9030 9031
f 8981 9032 8982
f 8981 9031 9032
f 8982 9033 8983
f 8982 9032 9033
f 8983 9034 8984
f 8983 9033 9034
f 8984 9035 8985
f 8984 9034 9035
f 8985 9036 8986
f 8985 9035 9036
f 8986 9037 8987
f 8986 9036 9037
f 8987 9038 8988
f 8987 9037 9038
f 8988 9039 8989
f 8988 9038 9039
f 8989 9040 8990
f 8989 9039 9040
f 8990 9041 8991
f 8990 9040 9041
f 8991 9042 8992
f 8991 9041 9042
f 8992 9043 8993
f 8992 9042 9043
f 8993 9044 8994
f 8993 9043 9044
f 8994 9045 8995
f 8994 9044 9045
f 8995 9046 8996
f 8995 9045 9046
f 8996 9047 8997
f 8996 9046 9047
f 8997 9048 8998
f 8997 9047 9048
f 8998 9049 8999
f 8998 9048 9049
f 8999 9050 9000
f 8999 9049 9050
f 9000 9051 9001
f 9000 9050 9051
f 9001 9052 9002
f 9001 9051 9052
f 9002 9053 9003
f 9002 9052 9053
f 9003 9054 9004
f 9003 9053 9054
f 9004 9055 9005
f 9004 9054 9055
f 9005 9056 9006
f 9005 9055 9056
f 9006 9057 9007
f 9006 9056 9057
f 9007 9058 9008
f 9007 9057 9058
f 9008 9059 9009
f 9008 9058 9059
f 9009 9060 9010
f 9009 9059 9060
f 9010 9061 9011
f 9010 9060 9061
f 9011 9062 9012
f 9011 9061 9062
f 9012 9063 9013
f 9012 9062 9063
f 9013 9064 9014
f 9013 9063 9064
f 9014 9065 9015
f 9014 9064 9065
f 9015 9066 9016
f 9015 9065 9066
f 9016 9067 9017
f 9016 9066 9067
f 9017 9068 9018
f 9017 9067 9068
f 9018 9069 9019
f 9018 9068 9069
f 9019 9070 9020
f 9019 9069 9070
f 9020 9071 9021
f 9020 9070 9071
f 9021 9072 9022
f 9021 9071 9072
f 9022 9073 9023
f 9022 9072 9073
f 9023 9074 9024
f 9023 9073 9074
f 9024 9075 9025
f 9024 9074 9075
f 9025 9026 8976
f 9025 9075 9026
f 9026 9077 9027
f 9026 9076 9077
f 9027 9078 9028
f 9027 9077 9078
f 9028 9079 9029
f 9028 9078 9079
f 9029 9080 9030
f 9029 9079 9080
f 9030 9081 9031
f 9030 9080 9081
f 9031 9082 9032
f 9031 9081 9082
f 9032 9083 9033
f 9032 9082 9083
f 9033 9084 9034
f 9033 9083 9084
f 9034 9085 9035
f 9034 9084 9085
f 9035 9086 9036
f 9035 9085 9086
f 9036 9087 9037
f 9036 9086 9087
f 9037 9088 9038
f 9037 9087 9088
f 9038 9089 9039
f 9038 9088 9089
f 9039 9090 9040
f 9039 9089 9090
f 9040 9091 9041
f 9040 9090 9091
f 9041 9092 9042
f 9041 9091 9092
f 9042 9093 9043
f 9042 9092 9093
f 9043 9094 9044
f 9043 9093 9094
f 9044 9095 9045
f 9044 9094 9095
f 9045 9096 9046
f 9045 9095 9096
f 9046 9097 9047
f 9046 9096 9097
f 9047 9098 9048
f 9047 9097 9098
f 9048 9099 9049
f 9048 9098 9099
f 9049 9100 9050
f 9049 9099 9100
f 9050 9101 9051
f 9050 9100 9101
f 9051 9102 9052
f 9051 9101 9102
f 9052 9103 9053
f 9052 9102 9103
f 9053 9104 9054
f 9053 9103 9104
f 9054 9105 9055
f 9054 9104 9105
f 9055 9106 9056
f 9055 9105 9106
f 9056 9107 9057
f 9056 9106 9107
f 9057 9108 9058
f 9057 9107 9108
f 9058 9109 9059
f 9058 9108 9109
f 9059 9110 9060
f 9059 9109 9110
f 9060 9111 9061
f 9060 9110 9111
f 9061 9112 9062
f 9061 9111 9112
f 9062 9113 9063
f 9062 9112 9113
f 9063 9114 9064
f 9063 9113 9114
f 9064 9115 9065
f 9064 9114 9115
f 9065 9116 9066
f 9065 9115 9116
f 9066 9117 9067
f 9066 9116 9117
f 9067 9118 9068
f 9067 9117 9118
f 9068 9119 9069
f 9068 9118 9119
f 9069 9120 9070
f 9069 9119 9120
f 9070 9121 9071
f 9070 9120 9121
f 9071 9122 9072
f 9071 9121 9122
f 9072 9123 9073
f 9072 9122 9123
f 9073 9124 9074
f 9073 9123 9124
f 9074 9125 9075
f 9074 9124 9125
f 9075 9076 9026
f 9075 9125 9076
f 9076 9127 9077
f 9076 9126 9127
f 9077 9128 9078
f 9077 9127 9128
f 9078 9129 9079
f 9078 9128 9129
f 9079 9130 9080
f 9079 9129 9130
f 9080 9131 9081
f 9080 9130 9131
f 9081 9132 9082
f 9081 9131 9132
f 9082 9133 9083
f 9082 9132 9133
f 9083 9134 9084
f 9083 9133 9134
f 9084 9135 9085
f 9084 9134 9135
f 9085 9136 9086
f 9085 9135 9136
f 9086 9137 9087
f 9086 9136 9137
f 9087 9138 9088
f 9087 9137 9138
f 9088 9139 9089
f 9088 9138 9139
f 9089 9140 9090
f 9089 9139 9140
f 9090 9141 9091
f 9090 9140 9141
f 9091 9142 9092
f 9091 9141 9142
f 9092 9143 9093
f 9092 9142 9143
f 9093 9144 9094
f 9093 9143 9144
f 9094 9145 9095
f 9094 9144 9145
f 9095 9146 9096
f 9095 9145 9146
f 9096 9147 9097
f 9096 9146 9147
f 9097 9148 9098
f 9097 9147 9148
f 9098 9149 9099
f 9098 9148 9149
f 9099 9150 9100
f 9099 9149 9150
f 9100 9151 9101
f 9100 9150 9151
f 9101 9152 9102
f 9101 9151 9152
f 9102 9153 9103
f 9102 9152 9153
f 9103 9154 9104
f 9103 9153 9154
f 9104 9155 9105
f 9104 9154 9155
f 9105 9156 9106
f 9105 9155 9156
f 9106 9157 9107
f 9106 9156 9157
f 9107 9158 9108
f 9107 9157 9158
f 9108 9159 9109
f 9108 9158 9159
f 9109 9160 9110
f 9109 9159 9160
f 9110 9161 9111
f 9110 9160 9161
f 9111 9162 9112
f 9111 9161 9162
f 9112 9163 9113
f 9112 9162 9163
f 9113 9164 9114
f 9113 9163 9164
f 9114 9165 9115
f 9114 9164 9165
f 9115 9166 9116
f 9115 9165 9166
f 9116 9167 9117
f 9116 9166 9167
f 9117 9168 9118
f 9117 9167 9168
f 9118 9169 9119
f 9118 9168 9169
f 9119 9170 9120
f 9119 9169 9170
f 9120 9171 9121
f 9120 9170 9171
f 9121 9172 9122
f 9121 9171 9172
f 9122 9173 9123
f 9122 9172 9173
f 9123 9174 9124
f 9123 9173 9174
f 9124 9175 9125
f 9124 9174 9175
f 9125 9126 9076
f 9125 9175 9126
f 9126 9177 9127
f 9126 9176 9177
f 9127 9178 9128
f 9127 9177 9178
f 9128 9179 9129
f 9128 9178 9179
f 9129 9180 9130
f 9129 9179 9180
f 9130 9181 9131
f 9130 9180 9181
f 9131 9182 9132
f 9131 9181 9182
f 9132 9183 9133
f 9132 9182 9183
f 9133 9184 9134
f 9133 9183 9184
f 9134 9185 9135
f 9134 9184 9185
f 9135 9186 9136
f 9135 9185 9186
f 9136 9187 9137
f 9136 9186 9187
f 9137 9188 9138
f 9137 9187 9188
f 9138 9189 9139
f 9138 9188 9189
f 9139 9190 9140
f 9139 9189 9190
f 9140 9191 9141
f 9140 9190 9191
f 9141 9192 9142
f 9141 9191 9192
f 9142 9193 9143
f 9142 9192 9193
f 9143 9194 9144
f 9143 9193 9194
f 9144 9195 9145
f 9144 9194 9195
f 9145 9196 9146
f 9145 9195 9196
f 9146 9197 9147
f 9146 9196 9197
f 9147 9198 9148
f 9147 9197 9198
f 9148 9199 9149
f 9148 9198 9199
f 9149 9200 9150
f 9149 9199 9200
f 9150 9201 9151
f 9150 9200 9201
f 9151 9202 9152
f 9151 9201 9202
f 9152 9203 9153
f 9152 9202 9203
f 9153 9204 9154
f 9153 9203 9204
f 9154 9205 9155
f 9154 9204 9205
f 9155 9206 9156
f 9155 9205 9206
f 9156 9207 9157
f 9156 9206 9207
f 9157 9208 9158
f 9157 9207 9208
f 9158 9209 9159
f 9158 9208 9209
f 9159 9210 9160
f 9159 9209 9210
f 9160 9211 9161
f 9160 9210 9211
f 9161 9212 9162
f 9161 9211 9212
f 9162 9213 9163
f 9162 9212 9213
f 9163 9214 9164
f 9163 9213 9214
f 9164 9215 9165
f 9164 9214 9215
f 9165 9216 9166
f 9165 9215 9216
f 9166 9217 9167
f 9166 9216 9217
f 9167 9218 9168
f 9167 9217 9218
f 9168 9219 9169
f 9168 9218 9219
f 9169 9220 9170
f 9169 9219 9220
f 9170 9221 9171
f 9170 9220 9221
f 9171 9222 9172
f 9171 9221 9222
f 9172 9223 9173
f 9172 9222 9223
f 9173 9224 9174
f 9173 9223 9224
f 9174 9225 9175
f 9174 9224 9225
f 9175 9176 9126
f 9175 9225 9176
f 9176 9227 9177
f 9176 9226 9227
f 9177 9228 9178
f 9177 9227 9228
f 9178 9229 9179
f 9178 9228 9229
f 9179 9230 9180
f 9179 9229 9230
f 9180 9231 9181
f 9180 9230 9231
f 9181 9232 9182
f 9181 9231 9232
f 9182 9233 9183
f 9182 9232 9233
f 9183 9234 9184
f 9183 9233 9234
f 9184 9235 9185
f 9184 9234 9235
f 9185 9236 9186
f 9185 9235 9236
f 9186 9237 9187
f 9186 9236 9237
f 9187 9238 9188
f 9187 9237 9238
f 9188 9239 9189
f 9188 9238 9239
f 9189 9240 9190
f 9189 9239 9240
f 9190 9241 9191
f 9190 9240 9241
f 9191 9242 9192
f 9191 9241 9242
f 9192 9243 9193
f 9192 9242 9243
f 9193 9244 9194
f 9193 9243 9244
f 9194 9245 9195
f 9194 9244 9245
f 9195 9246 9196
f 9195 9245 9246
f 9196 9247 9197
f 9196 9246 9247
f 9197 9248 9198
f 9197 9247 9248
f 9198 9249 9199
f 9198 9248 9249
f 9199 9250 9200
f 9199 9249 9250
f 9200 9251 9201
f 9200 9250 9251
f 9201 9252 9202
f 9201 9251 9252
f 9202 9253 9203
f 9202 9252 9253
f 9203 9254 9204
f 9203 9253 9254
f 9204 9255 9205
f 9204 9254 9255
f 9205 9256 9206
f 9205 9255 9256
f 9206 9257 9207
f 9206 9256 9257
f 9207 9258 9208
f 9207 9257 9258
f 9208 9259 9209
f 9208 9258 9259
f 9209 9260 9210
f 9209 9259 9260
f 9210 9261 9211
f 9210 9260 9261
f 9211 9262 9212
f 9211 9261 9262
f 9212 9263 9213
f 9212 9262 9263
f 9213 9264 9214
f 9213 9263 9264
f 9214 9265 9215
f 9214 9264 9265
f 9215 9266 9216
f 9215 9265 9266
f 9216 9267 9217
f 9216 9266 9267
f 9217 9268 9218
f 9217 9267 9268
f 9218 9269 9219
f 9218 9268 9269
f 9219 9270 9220
f 9219 9269 9270
f 9220 9271 9221
f 9220 9270 9271
f 9221 9272 9222
f 9221 9271 9272
f 9222 9273 9223
f 9222 9272 9273
f 9223 9274 9224
f 9223 9273 9274
f 9224 9275 9225
f 9224 9274 9275
f 9225 9226 9176
f 9225 9275 9226
f 9226 9277 9227
f 9226 9276 9277
f 9227 9278 9228
f 9227 9277 9278
f 9228 9279 9229
f 9228 9278 9279
f 9229 9280 9230
f 9229 9279 9280
f 9230 9281 9231
f 9230 9280 9281
f 9231 9282 9232
f 9231 9281 9282
f 9232 9283 9233
f 9232 9282 9283
f 9233 9284 9234
f 9233 9283 9284
f 9234 9285 9235
f 9234 9284 9285
f 9235 9286 9236
f 9235 9285 9286
f 9236 9287 9237
f 9236 9286 9287
f 9237 9288 9238
f 9237 9287 9288
f 9238 9289 9239
f 9238 9288 9289
f 9239 9290 9240
f 9239 9289 9290
f 9240 9291 9241
f 9240 9290 9291
f 9241 9292 9242
f 9241 9291 9292
f 9242 9293 9243
f 9242 9292 9293
f 9243 9294 9244
f 9243 9293 9294
f 9244 9295 9245
f 9244 9294 9295
f 9245 9296 9246
f 9245 9295 9296
f 9246 9297 9247
f 9246 9296 9297
f 9247 9298 9248
f 9247 9297 9298
f 9248 9299 9249
f 9248 9298 9299
f 9249 9300 9250
f 9249 9299 9300
f 9250 9301 9251
f 9250 9300 9301
f 9251 9302 9252
f 9251 9301 9302
f 9252 9303 9253
f 9252 9302 9303
f 9253 9304 9254
f 9253 9303 9304
f 9254 9305 9255
f 9254 9304 9305
f 9255 9306 9256
f 9255 9305 9306
f 9256 9307 9257
f 9256 9306 9307
f 9257 9308 9258
f 9257 9307 9308
f 9258 9309 9259
f 9258 9308 9309
f 9259 9310 9260
f 9259 9309 9310
f 9260 9311 9261
f 9260 9310 9311
f 9261 9312 9262
f 9261 9311 9312
f 9262 9313 9263
f 9262 9312 9313
f 9263 9314 9264
f 9263 9313 9314
f 9264 9315 9265
f 9264 9314 9315
f 9265 9316 9266
f 9265 9315 9316
f 9266 9317 9267
f 9266 9316 9317
f 9267 9318 9268
f 9267 9317 9318
f 9268 9319 9269
f 9268 9318 9319
f 9269 9320 9270
f 9269 9319 9320
f 9270 9321 9271
f 9270 9320 9321
f 9271 9322 9272
f 9271 9321 9322
f 9272 9323 9273
f 9272 9322 9323
f 9273 9324 9274
f 9273 9323 9324
f 9274 9325 9275
f 9274 9324 9325
f 9275 9276 9226
f 9275 9325 9276
f 9276 9327 9277
f 9276 9326 9327
f 9277 9328 9278
f 9277 9327 9328
f 9278 9329 9279
f 9278 9328 9329
f 9279 9330 9280
f 9279 9329 9330
f 9280 9331 9281
f 9280 9330 9331
f 9281 9332 9282
f 9281 9331 9332
f 9282 9333 9283
f 9282 9332 9333
f 9283 9334 9284
f 9283 9333 9334
f 9284 9335 9285
f 9284 9334 9335
f 9285 9336 9286
f 9285 9335 9336
f 9286 9337 9287
f 9286 9336 9337
f 9287 9338 9288
f 9287 9337 9338
f 9288 9339 9289
f 9288 9338 9339
f 9289 9340 9290
f 9289 9339 9340
f 9290 9341 9291
f 9290 9340 9341
f 9291 9342 9292
f 9291 9341 9342
f 9292 9343 9293
f 9292 9342 9343
f 9293 9344 9294
f 9293 9343 9344
f 9294 9345 9295
f 9294 9344 9345
f 9295 9346 9296
f 9295 9345 9346
f 9296 9347 9297
f 9296 9346 9347
f 9297 9348 9298
f 9297 9347 9348
f 9298 9349 9299
f 9298 9348 9349
f 9299 9350 9300
f 9299 9349 9350
f 9300 9351 9301
f 9300 9350 9351
f 9301 9352 9302
f 9301 9351 9352
f 9302 9353 9303
f 9302 9352 9353
f 9303 9354 9304
f 9303 9353 9354
f 9304 9355 9305
f 9304 9354 9355
f 9305 9356 9306
f 9305 9355 9356
f 9306 9357 9307
f 9306 9356 9357
f 9307 9358 9308
f 9307 9357 9358
f 9308 9359 9309
f 9308 9358 9359
f 9309 9360 9310
f 9309 9359 9360
f 9310 9361 9311
f 9310 9360 9361
f 9311 9362 9312
f 9311 9361 9362
f 9312 9363 9313
f 9312 9362 9363
f 9313 9364 9314
f 9313 9363 9364
f 9314 9365 9315
f 9314 9364 9365
f 9315 9366 9316
f 9315 9365 9366
f 9316 9367 9317
f 9316 9366 9367
f 9317 9368 9318
f 9317 9367 9368
f 9318 9369 9319
f 9318 9368 9369
f 9319 9370 9320
f 9319 9369 9370
f 9320 9371 9321
f 9320 9370 9371
f 9321 9372 9322
f 9321 9371 9372
f 9322 9373 9323
f 9322 9372 9373
f 9323 9374 9324
f 9323 9373 9374
f 9324 9375 9325
f 9324 9374 9375
f 9325 9326 9276
f 9325 9375 9326
f 9326 9377 9327
f 9326 9376 9377
f 9327 9378 9328
f 9327 9377 9378
f 9328 9379 9329
f 9328 9378 9379
f 9329 9380 9330
f 9329 9379 9380
f 9330 9381 9331
f 9330 9380 9381
f 9331 9382 9332
f 9331 9381 9382
f 9332 9383 9333
f 9332 9382 9383
f 9333 9384 9334
f 9333 9383 9384
f 9334 9385 9335
f 9334 9384 9385
f 9335 9386 9336
f 9335 9385 9386
f 9336 9387 9337
f 9336 9386 9387
f 9337 9388 9338
f 9337 9387 9388
f 9338 9389 9339
f 9338 9388 9389
f 9339 9390 9340
f 9339 9389 9390
f 9340 9391 9341
f 9340 9390 9391
f 9341 9392 9342
f 9341 9391 9392
f 9342 9393 9343
f 9342 9392 9393
f 9343 9394 9344
f 9343 9393 9394
f 9344 9395 9345
f 9344 9394 9395
f 9345 9396 9346
f 9345 9395 9396
f 9346 9397 9347
f 9346 9396 9397
f 9347 9398 9348
f 9347 9397 9398
f 9348 9399 9349
f 9348 9398 9399
f 9349 9400 9350
f 9349 9399 9400
f 9350 9401 9351
f 9350 9400 9401
f 9351 9402 9352
f 9351 9401 9402
f 9352 9403 9353
f 9352 9402 9403
f 9353 9404 9354
f 9353 9403 9404
f 9354 9405 9355
f 9354 9404 9405
f 9355 9406 9356
f 9355 9405 9406
f 9356 9407 9357
f 9356 9406 9407
f 9357 9408 9358
f 9357 9407 9408
f 9358 9409 9359
f 9358 9408 9409
f 9359 9410 9360
f 9359 9409 9410
f 9360 9411 9361
f 9360 9410 9411
f 9361 9412 9362
f 9361 9411 9412
f 9362 9413 9363
f 9362 9412 9413
f 9363 9414 9364
f 9363 9413 9414
f 9364 9415 9365
f 9364 9414 9415
f 9365 9416 9366
f 9365 9415 9416
f 9366 9417 9367
f 9366 9416 9417
f 9367 9418 9368
f 9367 9417 9418
f 9368 9419 9369
f 9368 9418 9419
f 9369 9420 9370
f 9369 9419 9420
f 9370 9421 9371
f 9370 9420 9421
f 9371 9422 9372
f 9371 9421 9422
f 9372 9423 9373
f 9372 9422 9423
f 9373 9424 9374
f 9373 9423 9424
f 9374 9425 9375
f 9374 9424 9425
f 9375 9376 9326
f 9375 9425 9376
f 9376 9427 9377
f 9376 9426 9427
f 9377 9428 9378
f 9377 9427 9428
f 9378 9429 9379
f 9378 9428 9429
f 9379 9430 9380
f 9379 9429 9430
f 9380 9431 9381
f 9380 9430 9431
f 9381 9432 9382
f 9381 9431 9432
f 9382 9433 9383
f 9382 9432 9433
f 9383 9434 9384
f 9383 9433 9434
f 9384 9435 9385
f 9384 9434 9435
f 9385 9436 9386
f 9385 9435 9436
f 9386 9437 9387
f 9386 9436 9437
f 9387 9438 9388
f 9387 9437 9438
f 9388 9439 9389
f 9388 9438 9439
f 9389 9440 9390
f 9389 9439 9440
f 9390 9441 9391
f 9390 9440 9441
f 9391 9442 9392
f 9391 9441 9442
f 9392 9443 9393
f 9392 9442 9443
f 9393 9444 9394
f 9393 9443 9444
f 9394 9445 9395
f 9394 9444 9445
f 9395 9446 9396
f 9395 9445 9446
f 9396 9447 9397
f 9396 9446 9447
f 9397 9448 9398
f 9397 9447 9448
f 9398 9449 9399
f 9398 9448 9449
f 9399 9450 9400
f 9399 9449 9450
f 9400 9451 9401
f 9400 9450 9451
f 9401 9452 9402
f 9401 9451 9452
f 9402 9453 9403
f 9402 9452 9453
f 9403 9454 9404
f 9403 9453 9454
f 9404 9455 9405
f 9404 9454 9455
f 9405 9456 9406
f 9405 9455 9456
f 9406 9457 9407
f 9406 9456 9457
f 9407 9458 9408
f 9407 9457 9458
f 9408 9459 9409
f 9408 9458 9459
f 9409 9460 9410
f 9409 9459 9460
f 9410 9461 9411
f 9410 9460 9461
f 9411 9462 9412
f 9411 9461 9462
f 9412 9463 9413
f 9412 9462 9463
f 9413 9464 9414
f 9413 9463 9464
f 9414 9465 9415
f 9414 9464 9465
f 9415 9466 9416
f 9415 9465 9466
f 9416 9467 9417
f 9416 9466 9467
f 9417 9468 9418
f 9417 9467 9468
f 9418 9469 9419
f 9418 9468 9469
f 9419 9470 9420
f 9419 9469 9470
f 9420 9471 9421
f 9420 9470 9471
f 9421 9472 9422
f 9421 9471 9472
f 9422 9473 9423
f 9422 9472 9473
f 9423 9474 9424
f 9423 9473 9474
f 9424 9475 9425
f 9424 9474 9475
f 9425 9426 9376
f 9425 9475 9426
f 9426 9477 9427
f 9426 9476 9477
f 9427 9478 9428
f 9427 9477 9478
f 9428 9479 9429
f 9428 9478 9479
f 9429 9480 9430
f 9429 9479 9480
f 9430 9481 9431
f 9430 9480 9481
f 9431 9482 9432
f 9431 9481 9482
f 9432 9483 9433
f 9432 9482 9483
f 9433 9484 9434
f 9433 9483 9484
f 9434 9485 9435
f 9434 9484 9485
f 9435 9486 9436
f 9435 9485 9486
f 9436 9487 9437
f 9436 9486 9487
f 9437 9488 9438
f 9437 9487 9488
f 9438 9489 9439
f 9438 9488 9489
f 9439 9490 9440
f 9439 9489 9490
f 9440 9491 9441
f 9440 9490 9491
f 9441 9492 9442
f 9441 9491 9492
f 9442 9493 9443
f 9442 9492 9493
f 9443 9494 9444
f 9443 9493 9494
f 9444 9495 9445
f 9444 9494 9495
f 9445 9496 9446
f 9445 9495 9496
f 9446 9497 9447
f 9446 9496 9497
f 9447 9498 9448
f 9447 9497 9498
f 9448 9499 9449
f 9448 9498 9499
f 9449 9500 9450
f 9449 9499 9500
f 9450 9501 9451
f 9450 9500 9501
f 9451 9502 9452
f 9451 9501 9502
f 9452 9503 9453
f 9452 9502 9503
f 9453 9504 9454
f 9453 9503 9504
f 9454 9505 9455
f 9454 9504 9505
f 9455 9506 9456
f 9455 9505 9506
f 9456 9507 9457
f 9456 9506 9507
f 9457 9508 9458
f 9457 9507 9508
f 9458 9509 9459
f 9458 9508 9509
f 9459 9510 9460
f 9459 9509 9510
f 9460 9511 9461
f 9460 9510 9511
f 9461 9512 9462
f 9461 9511 9512
f 9462 9513 9463
f 9462 9512 9513
f 9463 9514 9464
f 9463 9513 9514
f 9464 9515 9465
f 9464 9514 9515
f 9465 9516 9466
f 9465 9515 9516
f 9466 9517 9467
f 9466 9516 9517
f 9467 9518 9468
f 9467 9517 9518
f 9468 9519 9469
f 9468 9518 9519
f 9469 9520 9470
f 9469 9519 9520
f 9470 9521 9471
f 9470 9520 9521
f 9471 9522 9472
f 9471 9521 9522
f 9472 9523 9473
f 9472 9522 9523
f 9473 9524 9474
f 9473 9523 9524
f 9474 9525 9475
f 9474 9524 9525
f 9475 9476 9426
f 9475 9525 9476
f 9476 9527 9477
f 9476 9526 9527
f 9477 9528 9478
f 9477 9527 9528
f 9478 9529 9479
f 9478 9528 9529
f 9479 9530 9480
f 9479 9529 9530
f 9480 9531 9481
f 9480 9530 9531
f 9481 9532 9482
f 9481 9531 9532
f 9482 9533 9483
f 9482 9532 9533
f 9483 9534 9484
f 9483 9533 9534
f 9484 9535 9485
f 9484 9534 9535
f 9485 9536 9486
f 9485 9535 9536
f 9486 9537 9487
f 9486 9536 9537
f 9487 9538 9488
f 9487 9537 9538
f 9488 9539 9489
f 9488 9538 9539
f 9489 9540 9490
f 9489 9539 9540
f 9490 9541 9491
f 9490 9540 9541
f 9491 9542 9492
f 9491 9541 9542
f 9492 9543 9493
f 9492 9542 9543
f 9493 9544 9494
f 9493 9543 9544
f 9494 9545 9495
f 9494 9544 9545
f 9495 9546 9496
f 9495 9545 9546
f 9496 9547 9497
f 9496 9546 9547
f 9497 9548 9498
f 9497 9547 9548
f 9498 9549 9499
f 9498 9548 9549
f 9499 9550 9500
f 9499 9549 9550
f 9500 9551 9501
f 9500 9550 9551
f 9501 9552 9502
f 9501 9551 9552
f 9502 9553 9503
f 9502 9552 9553
f 9503 9554 9504
f 9503 9553 9554
f 9504 9555 9505
f 9504 9554 9555
f 9505 9556 9506
f 9505 9555 9556
f 9506 9557 9507
f 9506 9556 9557
f 9507 9558 9508
f 9507 9557 9558
f 9508 9559 9509
f 9508 9558 9559
f 9509 9560 9510
f 9509 9559 9560
f 9510 9561 9511
f 9510 9560 9561
f 9511 9562 9512
f 9511 9561 9562
f 9512 9563 9513
f 9512 9562 9563
f 9513 9564 9514
f 9513 9563 9564
f 9514 9565 9515
f 9514 9564 9565
f 9515 9566 9516
f 9515 9565 9566
f 9516 9567 9517
f 9516 9566 9567
f 9517 9568 9518
f 9517 9567 9568
f 9518 9569 9519
f 9518 9568 9569
f 9519 9570 9520
f 9519 9569 9570
f 9520 9571 9521
f 9520 9570 9571
f 9521 9572 9522
f 9521 9571 9572
f 9522 9573 9523
f 9522 9572 9573
f 9523 9574 9524
f 9523 9573 9574
f 9524 9575 9525
f 9524 9574 9575
f 9525 9526 9476
f 9525 9575 9526
f 9526 9577 9527
f 9526 9576 9577
f 9527 9578 9528
f 9527 9577 9578
f 9528 9579 9529
f 9528 9578 9579
f 9529 9580 9530
f 9529 9579 9580
f 9530 9581 9531
f 9530 9580 9581
f 9531 9582 9532
f 9531 9581 9582
f 9532 9583 9533
f 9532 9582 9583
f 9533 9584 9534
f 9533 9583 9584
f 9534 9585 9535
f 9534 9584 9585
f 9535 9586 9536
f 9535 9585 9586
f 9536 9587 9537
f 9536 9586 9587
f 9537 9588 9538
f 9537 9587 9588
f 9538 9589 9539
f 9538 9588 9589
f 9539 9590 9540
f 9539 9589 9590
f 9540 9591 9541
f 9540 9590 9591
f 9541 9592 9542
f 9541 9591 9592
f 9542 9593 9543
f 9542 9592 9593
f 9543 9594 9544
f 9543 9593 9594
f 9544 9595 9545
f 9544 9594 9595
f 9545 9596 9546
f 9545 9595 9596
f 9546 9597 9547
f 9546 9596 9597
f 9547 9598 9548
f 9547 9597 9598
f 9548 9599 9549
f 9548 9598 9599
f 9549 9600 9550
f 9549 9599 9600
f 9550 9601 9551
f 9550 9600 9601
f 9551 9602 9552
f 9551 9601 9602
f 9552 9603 9553
f 9552 9602 9603
f 9553 9604 9554
f 9553 9603 9604
f 9554 9605 9555
f 9554 9604 9605
f 9555 9606 9556
f 9555 9605 9606
f 9556 9607 9557
f 9556 9606 9607
f 9557 9608 9558
f 9557 9607 9608
f 9558 9609 9559
f 9558 9608 9609
f 9559 9610 9560
f 9559 9609 9610
f 9560 9611 9561
f 9560 9610 9611
f 9561 9612 9562
f 9561 9611 9612
f 9562 9613 9563
f 9562 9612 9613
f 9563 9614 9564
f 9563 9613 9614
f 9564 9615 9565
f 9564 9614 9615
f 9565 9616 9566
f 9565 9615 9616
f 9566 9617 9567
f 9566 9616 9617
f 9567 9618 9568
f 9567 9617 9618
f 9568 9619 9569
f 9568 9618 9619
f 9569 9620 9570
f 9569 9619 9620
f 9570 9621 9571
f 9570 9620 9621
f 9571 9622 9572
f 9571 9621 9622
f 9572 9623 9573
f 9572 9622 9623
f 9573 9624 9574
f 9573 9623 9624
f 9574 9625 9575
f 9574 9624 9625
f 9575 9576 9526
f 9575 9625 9576
f 9576 9627 9577
f 9576 9626 9627
f 9577 9628 9578
f 9577 9627 9628
f 9578 9629 9579
f 9578 9628 9629
f 9579 9630 9580
f 9579 9629 9630
f 9580 9631 9581
f 9580 9630 9631
f 9581 9632 9582
f 9581 9631 9632
f 9582 9633 9583
f 9582 9632 9633
f 9583 9634 9584
f 9583 9633 9634
f 9584 9635 9585
f 9584 9634 9635
f 9585 9636 9586
f 9585 9635 9636
f 9586 9637 9587
f 9586 9636 9637
f 9587 9638 9588
f 9587 9637 9638
f 9588 9639 9589
f 9588 9638 9639
f 9589 9640 9590
f 9589 9639 9640
f 9590 9641 9591
f 9590 9640 9641
f 9591 9642 9592
f 9591 9641 9642
f 9592 9643 9593
f 9592 9642 9643
f 9593 9644 9594
f 9593 9643 9644
f 9594 9645 9595
f 9594 9644 9645
f 9595 9646 9596
f 9595 9645 9646
f 9596 9647 9597
f 9596 9646 9647
f 9597 9648 9598
f 9597 9647 9648
f 9598 9649 9599
f 9598 9648 9649
f 9599 9650 9600
f 9599 9649 9650
f 9600 9651 9601
f 9600 9650 9651
f 9601 9652 9602
f 9601 9651 9652
f 9602 9653 9603
f 9602 9652 9653
f 9603 9654 9604
f 9603 9653 9654
f 9604 9655 9605
f 9604 9654 9655
f 9605 9656 9606
f 9605 9655 9656
f 9606 9657 9607
f 9606 9656 9657
f 9607 9658 9608
f 9607 9657 9658
f 9608 9659 9609
f 9608 9658 9659
f 9609 9660 9610
f 9609 9659 9660
f 9610 9661 9611
f 9610 9660 9661
f 9611 9662 9612
f 9611 9661 9662
f 9612 9663 9613
f 9612 9662 9663
f 9613 9664 9614
f 9613 9663 9664
f 9614 9665 9615
f 9614 9664 9665
f 9615 9666 9616
f 9615 9665 9666
f 9616 9667 9617
f 9616 9666 9667
f 9617 9668 9618
f 9617 9667 9668
f 9618 9669 9619
f 9618 9668 9669
f 9619 9670 9620
f 9619 9669 9670
f 9620 9671 9621
f 9620 9670 9671
f 9621 9672 9622
f 9621 9671 9672
f 9622 9673 9623
f 9622 9672 9673
f 9623 9674 9624
f 9623 9673 9674
f 9624 9675 9625
f 9624 9674 9675
f 9625 9626 9576
f 9625 9675 9626
f 9626 9677 9627
f 9626 9676 9677
f 9627 9678 9628
f 9627 9677 9678
f 9628 9679 9629
f 9628 9678 9679
f 9629 9680 9630
f 9629 9679 9680
f 9630 9681 9631
f 9630 9680 9681
f 9631 9682 9632
f 9631 9681 9682
f 9632 9683 9633
f 9632 9682 9683
f 9633 9684 9634
f 9633 9683 9684
f 9634 9685 9635
f 9634 9684 9685
f 9635 9686 9636
f 9635 9685 9686
f 9636 9687 9637
f 9636 9686 9687
f 9637 9688 9638
f 9637 9687 9688
f 9638 9689 9639
f 9638 9688 9689
f 9639 9690 9640
f 9639 9689 9690
f 9640 9691 9641
f 9640 9690 9691
f 9641 9692 9642
f 9641 9691 9692
f 9642 9693 9643
f 9642 9692 9693
f 9643 9694 9644
f 9643 9693 9694
f 9644 9695 9645
f 9644 9694 9695
f 9645 9696 9646
f 9645 9695 9696
f 9646 9697 9647
f 9646 9696 9697
f 9647 9698 9648
f 9647 9697 9698
f 9648 9699 9649
f 9648 9698 9699
f 9649 9700 9650
f 9649 9699 9700
f 9650 9701 9651
f 9650 9700 9701
f 9651 9702 9652
f 9651 9701 9702
f 9652 9703 9653
f 9652 9702 9703
f 9653 9704 9654
f 9653 9703 9704
f 9654 9705 9655
f 9654 9704 9705
f 9655 9706 9656
f 9655 9705 9706
f 9656 9707 9657
f 9656 9706 9707
f 9657 9708 9658
f 9657 9707 9708
f 9658 9709 9659
f 9658 9708 9709
f 9659 9710 9660
f 9659 9709 9710
f 9660 9711 9661
f 9660 9710 9711
f 9661 9712 9662
f 9661 9711 9712
f 9662 9713 9663
f 9662 9712 9713
f 9663 9714 9664
f 9663 9713 9714
f 9664 9715 9665
f 9664 9714 9715
f 9665 9716 9666
f 9665 9715 9716
f 9666 9717 9667
f 9666 9716 9717
f 9667 9718 9668
f 9667 9717 9718
f 9668 9719 9669
f 9668 9718 9719
f 9669 9720 9670
f 9669 9719 9720
f 9670 9721 9671
f 9670 9720 9721
f 9671 9722 9672
f 9671 9721 9722
f 9672 9723 9673
f 9672 9722 9723
f 9673 9724 9674
f 9673 9723 9724
f 9674 9725 9675
f 9674 9724 9725
f 9675 9676 9626
f 9675 9725 9676
f 9676 9727 9677
f 9676 9726 9727
f 9677 9728 9678
f 9677 9727 9728
f 9678 9729 9679
f 9678 9728 9729
f 9679 9730 9680
f 9679 9729 9730
f 9680 9731 9681
f 9680 9730 9731
f 9681 9732 9682
f 9681 9731 9732
f 9682 9733 9683
f 9682 9732 9733
f 9683 9734 9684
f 9683 9733 9734
f 9684 9735 9685
f 9684 9734 9735
f 9685 9736 9686
f 9685 9735 9736
f 9686 9737 9687
f 9686 9736 9737
f 9687 9738 9688
f 9687 9737 9738
f 9688 9739 9689
f 9688 9738 9739
f 9689 9740 9690
f 9689 9739 9740
f 9690 9741 9691
f 9690 9740 9741
f 9691 9742 9692
f 9691 9741 9742
f 9692 9743 9693
f 9692 9742 9743
f 9693 9744 9694
f 9693 9743 9744
f 9694 9745 9695
f 9694 9744 9745
f 9695 9746 9696
f 9695 9745 9746
f 9696 9747 9697
f 9696 9746 9747
f 9697 9748 9698
f 9697 9747 9748
f 9698 9749 9699
f 9698 9748 9749
f 9699 9750 9700
f 9699 9749 9750
f 9700 9751 9701
f 9700 9750 9751
f 9701 9752 9702
f 9701 9751 9752
f 9702 9753 9703
f 9702 9752 9753
f 9703 9754 9704
f 9703 9753 9754
f 9704 9755 9705
f 9704 9754 9755
f 9705 9756 9706
f 9705 9755 9756
f 9706 9757 9707
f 9706 9756 9757
f 9707 9758 9708
f 9707 9757 9758
f 9708 9759 9709
f 9708 9758 9759
f 9709 9760 9710
f 9709 9759 9760
f 9710 9761 9711
f 9710 9760 9761
f 9711 9762 9712
f 9711 9761 9762
f 9712 9763 9713
f 9712 9762 9763
f 9713 9764 9714
f 9713 9763 9764
f 9714 9765 9715
f 9714 9764 9765
f 9715 9766 9716
f 9715 9765 9766
f 9716 9767 9717
f 9716 9766 9767
f 9717 9768 9718
f 9717 9767 9768
f 9718 9769 9719
f 9718 9768 9769
f 9719 9770 9720
f 9719 9769 9770
f 9720 9771 9721
f 9720 9770 9771
f 9721 9772 9722
f 9721 9771 9772
f 9722 9773 9723
f 9722 9772 9773
f 9723 9774 9724
f 9723 9773 9774
f 9724 9775 9725
f 9724 9774 9775
f 9725 9726 9676
f 9725 9775 9726
f 9726 9777 9727
f 9726 9776 9777
f 9727 9778 9728
f 9727 9777 9778
f 9728 9779 9729
f 9728 9778 9779
f 9729 9780 9730
f 9729 9779 9780
f 9730 9781 9731
f 9730 9780 9781
f 9731 9782 9732
f 9731 9781 9782
f 9732 9783 9733
f 9732 9782 9783
f 9733 9784 9734
f 9733 9783 9784
f 9734 9785 9735
f 9734 9784 9785
f 9735 9786 9736
f 9735 9785 9786
f 9736 9787 9737
f 9736 9786 9787
f 9737 9788 9738
f 9737 9787 9788
f 9738 9789 9739
f 9738 9788 9789
f 9739 9790 9740
f 9739 9789 9790
f 9740 9791 9741
f 9740 9790 9791
f 9741 9792 9742
f 9741 9791 9792
f 9742 9793 9743
f 9742 9792 9793
f 9743 9794 9744
f 9743 9793 9794
f 9744 9795 9745
f 9744 9794 9795
f 9745 9796 9746
f 9745 9795 9796
f 9746 9797 9747
f 9746 9796 9797
f 9747 9798 9748
f 9747 9797 9798
f 9748 9799 9749
f 9748 9798 9799
f 9749 9800 9750
f 9749 9799 9800
f 9750 9801 9751
f 9750 9800 9801
f 9751 9802 9752
f 9751 9801 9802
f 9752 9803 9753
f 9752 9802 9803
f 9753 9804 9754
f 9753 9803 9804
f 9754 9805 9755
f 9754 9804 9805
f 9755 9806 9756
f 9755 9805 9806
f 9756 9807 9757
f 9756 9806 9807
f 9757 9808 9758
f 9757 9807 9808
f 9758 9809 9759
f 9758 9808 9809
f 9759 9810 9760
f 9759 9809 9810
f 9760 9811 9761
f 9760 9810 9811
f 9761 9812 9762
f 9761 9811 9812
f 9762 9813 9763
f 9762 9812 9813
f 9763 9814 9764
f 9763 9813 9814
f 9764 9815 9765
f 9764 9814 9815
f 9765 9816 9766
f 9765 9815 9816
f 9766 9817 9767
f 9766 9816 9817
f 9767 9818 9768
f 9767 9817 9818
f 9768 9819 9769
f 9768 9818 9819
f 9769 9820 9770
f 9769 9819 9820
f 9770 9821 9771
f 9770 9820 9821
f 9771 9822 9772
f 9771 9821 9822
f 9772 9823 9773
f 9772 9822 9823
f 9773 9824 9774
f 9773 9823 9824
f 9774 9825 9775
f 9774 9824 9825
f 9775 9776 9726
f 9775 9825 9776
f 9776 9827 9777
f 9776 9826 9827
f 9777 9828 9778
f 9777 9827 9828
f 9778 9829 9779
f 9778 9828 9829
f 9779 9830 9780
f 9779 9829 9830
f 9780 9831 9781
f 9780 9830 9831
f 9781 9832 9782
f 9781 9831 9832
f 9782 9833 9783
f 9782 9832 9833
f 9783 9834 9784
f 9783 9833 9834
f 9784 9835 9785
f 9784 9834 9835
f 9785 9836 9786
f 9785 9835 9836
f 9786 9837 9787
f 9786 9836 9837
f 9787 9838 9788
f 9787 9837 9838
f 9788 9839 9789
f 9788 9838 9839
f 9789 9840 9790
f 9789 9839 9840
f 9790 9841 9791
f 9790 9840 9841
f 9791 9842 9792
f 9791 9841 9842
f 9792 9843 9793
f 9792 9842 9843
f 9793 9844 9794
f 9793 9843 9844
f 9794 9845 9795
f 9794 9844 9845
f 9795 9846 9796
f 9795 9845 9846
f 9796 9847 9797
f 9796 9846 9847
f 9797 9848 9798
f 9797 9847 9848
f 9798 9849 9799
f 9798 9848 9849
f 9799 9850 9800
f 9799 9849 9850
f 9800 9851 9801
f 9800 9850 9851
f 9801 9852 9802
f 9801 9851 9852
f 9802 9853 9803
f 9802 9852 9853
f 9803 9854 9804
f 9803 9853 9854
f 9804 9855 9805
f 9804 9854 9855
f 9805 9856 9806
f 9805 9855 9856
f 9806 9857 9807
f 9806 9856 9857
f 9807 9858 9808
f 9807 9857 9858
f 9808 9859 9809
f 9808 9858 9859
f 9809 9860 9810
f 9809 9859 9860
f 9810 9861 9811
f 9810 9860 9861
f 9811 9862 9812
f 9811 9861 9862
f 9812 9863 9813
f 9812 9862 9863
f 9813 9864 9814
f 9813 9863 9864
f 9814 9865 9815
f 9814 9864 9865
f 9815 9866 9816
f 9815 9865 9866
f 9816 9867 9817
f 9816 9866 9867
f 9817 9868 9818
f 9817 9867 9868
f 9818 9869 9819
f 9818 9868 9869
f 9819 9870 9820
f 9819 9869 9870
f 9820 9871 9821
f 9820 9870 9871
f 9821 9872 9822
f 9821 9871 9872
f 9822 9873 9823
f 9822 9872 9873
f 9823 9874 9824
f 9823 9873 9874
f 9824 9875 9825
f 9824 9874 9875
f 9825 9826 9776
f 9825 9875 9826
f 9826 9877 9827
f 9826 9876 9877
f 9827 9878 9828
f 9827 9877 9878
f 9828 9879 9829
f 9828 9878 9879
f 9829 9880 9830
f 9829 9879 9880
f 9830 9881 9831
f 9830 9880 9881
f 9831 9882 9832
f 9831 9881 9882
f 9832 9883 9833
f 9832 9882 9883
f 9833 9884 9834
f 9833 9883 9884
f 9834 9885 9835
f 9834 9884 9885
f 9835 9886 9836
f 9835 9885 9886
f 9836 9887 9837
f 9836 9886 9887
f 9837 9888 9838
f 9837 9887 9888
f 9838 9889 9839
f 9838 9888 9889
f 9839 9890 9840
f 9839 9889 9890
f 9840 9891 9841
f 9840 9890 9891
f 9841 9892 9842
f 9841 9891 9892
f 9842 9893 9843
f 9842 9892 9893
f 9843 9894 9844
f 9843 9893 9894
f 9844 9895 9845
f 9844 9894 9895
f 9845 9896 9846
f 9845 9895 9896
f 9846 9897 9847
f 9846 9896 9897
f 9847 9898 9848
f 9847 9897 9898
f 9848 9899 9849
f 9848 9898 9899
f 9849 9900 9850
f 9849 9899 9900
f 9850 9901 9851
f 9850 9900 9901
f 9851 9902 9852
f 9851 9901 9902
f 9852 9903 9853
f 9852 9902 9903
f 9853 9904 9854
f 9853 9903 9904
f 9854 9905 9855
f 9854 9904 9905
f 9855 9906 9856
f 9855 9905 9906
f 9856 9907 9857
f 9856 9906 9907
f 9857 9908 9858
f 9857 9907 9908
f 9858 9909 9859
f 9858 9908 9909
f 9859 9910 9860
f 9859 9909 9910
f 9860 9911 9861
f 9860 9910 9911
f 9861 9912 9862
f 9861 9911 9912
f 9862 9913 9863
f 9862 9912 9913
f 9863 9914 9864
f 9863 9913 9914
f 9864 9915 9865
f 9864 9914 9915
f 9865 9916 9866
f 9865 9915 9916
f 9866 9917 9867
f 9866 9916 9917
f 9867 9918 9868
f 9867 9917 9918
f 9868 9919 9869
f 9868 9918 9919
f 9869 9920 9870
f 9869 9919 9920
f 9870 9921 9871
f 9870 9920 9921
f 9871 9922 9872
f 9871 9921 9922
f 9872 9923 9873
f 9872 9922 9923
f 9873 9924 9874
f 9873 9923 9924
f 9874 9925 9875
f 9874 9924 9925
f 9875 9876 9826
f 9875 9925 9876
f 9876 9927 9877
f 9876 9926 9927
f 9877 9928 9878
f 9877 9927 9928
f 9878 9929 9879
f 9878 9928 9929
f 9879 9930 9880
f 9879 9929 9930
f 9880 9931 9881
f 9880 9930 9931
f 9881 9932 9882
f 9881 9931 9932
f 9882 9933 9883
f 9882 9932 9933
f 9883 9934 9884
f 9883 9933 9934
f 9884 9935 9885
f 9884 9934 9935
f 9885 9936 9886
f 9885 9935 9936
f 9886 9937 9887
f 9886 9936 9937
f 9887 9938 9888
f 9887 9937 9938
f 9888 9939 9889
f 9888 9938 9939
f 9889 9940 9890
f 9889 9939 9940
f 9890 9941 9891
f 9890 9940 9941
f 9891 9942 9892
f 9891 9941 9942
f 9892 9943 9893
f 9892 9942 9943
f 9893 9944 9894
f 9893 9943 9944
f 9894 9945 9895
f 9894 9944 9945
f 9895 9946 9896
f 9895 9945 9946
f 9896 9947 9897
f 9896 9946 9947
f 9897 9948 9898
f 9897 9947 9948
f 9898 9949 9899
f 9898 9948 9949
f 9899 9950 9900
f 9899 9949 9950
f 9900 9951 9901
f 9900 9950 9951
f 9901 9952 9902
f 9901 9951 9952
f 9902 9953 9903
f 9902 9952 9953
f 9903 9954 9904
f 9903 9953 9954
f 9904 9955 9905
f 9904 9954 9955
f 9905 9956 9906
f 9905 9955 9956
f 9906 9957 9907
f 9906 9956 9957
f 9907 9958 9908
f 9907 9957 9958
f 9908 9959 9909
f 9908 9958 9959
f 9909 9960 9910
f 9909 9959 9960
f 9910 9961 9911
f 9910 9960 9961
f 9911 9962 9912
f 9911 9961 9962
f 9912 9963 9913
f 9912 9962 9963
f 9913 9964 9914
f 9913 9963 9964
f 9914 9965 9915
f 9914 9964 9965
f 9915 9966 9916
f 9915 9965 9966
f 9916 9967 9917
f 9916 9966 9967
f 9917 9968 9918
f 9917 9967 9968
f 9918 9969 9919
f 9918 9968 9969
f 9919 9970 9920
f 9919 9969 9970
f 9920 9971 9921
f 9920 9970 9971
f 9921 9972 9922
f 9921 9971 9972
f 9922 9973 9923
f 9922 9972 9973
f 9923 9974 9924
f 9923 9973 9974
f 9924 9975 9925
f 9924 9974 9975
f 9925 9926 9876
f 9925 9975 9926
f 9926 9977 9927
f 9926 9976 9977
f 9927 9978 9928
f 9927 9977 9978
f 9928 9979 9929
f 9928 9978 9979
f 9929 9980 9930
f 9929 9979 9980
f 9930 9981 9931
f 9930 9980 9981
f 9931 9982 9932
f 9931 9981 9982
f 9932 9983 9933
f 9932 9982 9983
f 9933 9984 9934
f 9933 9983 9984
f 9934 9985 9935
f 9934 9984 9985
f 9935 9986 9936
f 9935 9985 9986
f 9936 9987 9937
f 9936 9986 9987
f 9937 9988 9938
f 9937 9987 9988
f 9938 9989 9939
f 9938 9988 9989
f 9939 9990 9940
f 9939 9989 9990
f 9940 9991 9941
f 9940 9990 9991
f 9941 9992 9942
f 9941 9991 9992
f 9942 9993 9943
f 9942 9992 9993
f 9943 9994 9944
f 9943 9993 9994
f 9944 9995 9945
f 9944 9994 9995
f 9945 9996 9946
f 9945 9995 9996
f 9946 9997 9947
f 9946 9996 9997
f 9947 9998 9948
f 9947 9997 9998
f 9948 9999 9949
f 9948 9998 9999
f 9949 10000 9950
f 9949 9999 10000
f 9950 10001 9951
f 9950 10000 10001
f 9951 10002 9952
f 9951 10001 10002
f 9952 10003 9953
f 9952 10002 10003
f 9953 10004 9954
f 9953 10003 10004
f 9954 10005 9955
f 9954 10004 10005
f 9955 10006 9956
f 9955 10005 10006
f 9956 10007 9957
f 9956 10006 10007
f 9957 10008 9958
f 9957 10007 10008
f 9958 10009 9959
f 9958 10008 10009
f 9959 10010 9960
f 9959 10009 10010
f 9960 10011 9961
f 9960 10010 10011
f 9961 10012 9962
f 9961 10011 10012
f 9962 10013 9963
f 9962 10012 10013
f 9963 10014 9964
f 9963 10013 10014
f 9964 10015 9965
f 9964 10014 10015
f 9965 10016 9966
f 9965 10015 10016
f 9966 10017 9967
f 9966 10016 10017
f 9967 10018 9968
f 9967 10017 10018
f 9968 10019 9969
f 9968 10018 10019
f 9969 10020 9970
f 9969 10019 10020
f 9970 10021 9971
f 9970 10020 10021
f 9971 10022 9972
f 9971 10021 10022
f 9972 10023 9973
f 9972 10022 10023
f 9973 10024 9974
f 9973 10023 10024
f 9974 10025 9975
f 9974 10024 10025
f 9975 9976 9926
f 9975 10025 9976
f 9976 10027 9977
f 9976 10026 10027
f 9977 10028 9978
f 9977 10027 10028
f 9978 10029 9979
f 9978 10028 10029
f 9979 10030 9980
f 9979 10029 10030
f 9980 10031 9981
f 9980 10030 10031
f 9981 10032 9982
f 9981 10031 10032
f 9982 10033 9983
f 9982 10032 10033
f 9983 10034 9984
f 9983 10033 10034
f 9984 10035 9985
f 9984 10034 10035
f 9985 10036 9986
f 9985 10035 10036
f 9986 10037 9987
f 9986 10036 10037
f 9987 10038 9988
f 9987 10037 10038
f 9988 10039 9989
f 9988 10038 10039
f 9989 10040 9990
f 9989 10039 10040
f 9990 10041 9991
f 9990 10040 10041
f 9991 10042 9992
f 9991 10041 10042
f 9992 10043 9993
f 9992 10042 10043
f 9993 10044 9994
f 9993 10043 10044
f 9994 10045 9995
f 9994 10044 10045
f 9995 10046 9996
f 9995 10045 10046
f 9996 10047 9997
f 9996 10046 10047
f 9997 10048 9998
f 9997 10047 10048
f 9998 10049 9999
f 9998 10048 10049
f 9999 10050 10000
f 9999 10049 10050
f 10000 10051 10001
f 10000 10050 10051
f 10001 10052 10002
f 10001 10051 10052
f 10002 10053 10003
f 10002 10052 10053
f 10003 10054 10004
f 10003 10053 10054
f 10004 10055 10005
f 10004 10054 10055
f 10005 10056 10006
f 10005 10055 10056
f 10006 10057 10007
f 10006 10056 10057
f 10007 10058 10008
f 10007 10057 10058
f 10008 10059 10009
f 10008 10058 10059
f 10009 10060 10010
f 10009 10059 10060
f 10010 10061 10011
f 10010 10060 10061
f 10011 10062 10012
f 10011 10061 10062
f 10012 10063 10013
f 10012 10062 10063
f 10013 10064 10014
f 10013 10063 10064
f 10014 10065 10015
f 10014 10064 10065
f 10015 10066 10016
f 10015 10065 10066
f 10016 10067 10017
f 10016 10066 10067
f 10017 10068 10018
f 10017 10067 10068
f 10018 10069 10019
f 10018 10068 10069
f 10019 10070 10020
f 10019 10069 10070
f 10020 10071 10021
f 10020 10070 10071
f 10021 10072 10022
f 10021 10071 10072
f 10022 10073 10023
f 10022 10072 10073
f 10023 10074 10024
f 10023 10073 10074
f 10024 10075 10025
f 10024 10074 10075
f 10025 10026 9976
f 10025 10075 10026
f 10026 10077 10027
f 10026 10076 10077
f 10027 10078 10028
f 10027 10077 10078
f 10028 10079 10029
f 10028 10078 10079
f 10029 10080 10030
f 10029 10079 10080
f 10030 10081 10031
f 10030 10080 10081
f 10031 10082 10032
f 10031 10081 10082
f 10032 10083 10033
f 10032 10082 10083
f 10033 10084 10034
f 10033 10083 10084
f 10034 10085 10035
f 10034 10084 10085
f 10035 10086 10036
f 10035 10085 10086
f 10036 10087 10037
f 10036 10086 10087
f 10037 10088 10038
f 10037 10087 10088
f 10038 10089 10039
f 10038 10088 10089
f 10039 10090 10040
f 10039 10089 10090
f 10040 10091 10041
f 10040 10090 10091
f 10041 10092 10042
f 10041 10091 10092
f 10042 10093 10043
f 10042 10092 10093
f 10043 10094 10044
f 10043 10093 10094
f 10044 10095 10045
f 10044 10094 10095
f 10045 10096 10046
f 10045 10095 10096
f 10046 10097 10047
f 10046 10096 10097
f 10047 10098 10048
f 10047 10097 10098
f 10048 10099 10049
f 10048 10098 10099
f 10049 10100 10050
f 10049 10099 10100
f 10050 10101 10051
f 10050 10100 10101
f 10051 10102 10052
f 10051 10101 10102
f 10052 10103 10053
f 10052 10102 10103
f 10053 10104 10054
f 10053 10103 10104
f 10054 10105 10055
f 10054 10104 10105
f 10055 10106 10056
f 10055 10105 10106
f 10056 10107 10057
f 10056 10106 10107
f 10057 10108 10058
f 10057 10107 10108
f 10058 10109 10059
f 10058 10108 10109
f 10059 10110 10060
f 10059 10109 10110
f 10060 10111 10061
f 10060 10110 10111
f 10061 10112 10062
f 10061 10111 10112
f 10062 10113 10063
f 10062 10112 10113
f 10063 10114 10064
f 10063 10113 10114
f 10064 10115 10065
f 10064 10114 10115
f 10065 10116 10066
f 10065 10115 10116
f 10066 10117 10067
f 10066 10116 10117
f 10067 10118 10068
f 10067 10117 10118
f 10068 10119 10069
f 10068 10118 10119
f 10069 10120 10070
f 10069 10119 10120
f 10070 10121 10071
f 10070 10120 10121
f 10071 10122 10072
f 10071 10121 10122
f 10072 10123 10073
f 10072 10122 10123
f 10073 10124 10074
f 10073 10123 10124
f 10074 10125 10075
f 10074 10124 10125
f 10075 10076 10026
f 10075 10125 10076
f 10076 10127 10077
f 10076 10126 10127
f 10077 10128 10078
f 10077 10127 10128
f 10078 10129 10079
f 10078 10128 10129
f 10079 10130 10080
f 10079 10129 10130
f 10080 10131 10081
f 10080 10130 10131
f 10081 10132 10082
f 10081 10131 10132
f 10082 10133 10083
f 10082 10132 10133
f 10083 10134 10084
f 10083 10133 10134
f 10084 10135 10085
f 10084 10134 10135
f 10085 10136 10086
f 10085 10135 10136
f 10086 10137 10087
f 10086 10136 10137
f 10087 10138 10088
f 10087 10137 10138
f 10088 10139 10089
f 10088 10138 10139
f 10089 10140 10090
f 10089 10139 10140
f 10090 10141 10091
f 10090 10140 10141
f 10091 10142 10092
f 10091 10141 10142
f 10092 10143 10093
f 10092 10142 10143
f 10093 10144 10094
f 10093 10143 10144
f 10094 10145 10095
f 10094 10144 10145
f 10095 10146 10096
f 10095 10145 10146
f 10096 10147 10097
f 10096 10146 10147
f 10097 10148 10098
f 10097 10147 10148
f 10098 10149 10099
f 10098 10148 10149
f 10099 10150 10100
f 10099 10149 10150
f 10100 10151 10101
f 10100 10150 10151
f 10101 10152 10102
f 10101 10151 10152
f 10102 10153 10103
f 10102 10152 10153
f 10103 10154 10104
f 10103 10153 10154
f 10104 10155 10105
f 10104 10154 10155
f 10105 10156 10106
f 10105 10155 10156
f 10106 10157 10107
f 10106 10156 10157
f 10107 10158 10108
f 10107 10157 10158
f 10108 10159 10109
f 10108 10158 10159
f 10109 10160 10110
f 10109 10159 10160
f 10110 10161 10111
f 10110 10160 10161
f 10111 10162 10112
f 10111 10161 10162
f 10112 10163 10113
f 10112 10162 10163
f 10113 10164 10114
f 10113 10163 10164
f 10114 10165 10115
f 10114 10164 10165
f 10115 10166 10116
f 10115 10165 10166
f 10116 10167 10117
f 10116 10166 10167
f 10117 10168 10118
f 10117 10167 10168
f 10118 10169 10119
f 10118 10168 10169
f 10119 10170 10120
f 10119 10169 10170
f 10120 10171 10121
f 10120 10170 10171
f 10121 10172 10122
f 10121 10171 10172
f 10122 10173 10123
f 10122 10172 10173
f 10123 10174 10124
f 10123 10173 10174
f 10124 10175 10125
f 10124 10174 10175
f 10125 10126 10076
f 10125 10175 10126
f 10126 10177 10127
f 10126 10176 10177
f 10127 10178 10128
f 10127 10177 10178
f 10128 10179 10129
f 10128 10178 10179
f 10129 10180 10130
f 10129 10179 10180
f 10130 10181 10131
f 10130 10180 10181
f 10131 10182 10132
f 10131 10181 10182
f 10132 10183 10133
f 10132 10182 10183
f 10133 10184 10134
f 10133 10183 10184
f 10134 10185 10135
f 10134 10184 10185
f 10135 10186 10136
f 10135 10185 10186
f 10136 10187 10137
f 10136 10186 10187
f 10137 10188 10138
f 10137 10187 10188
f 10138 10189 10139
f 10138 10188 10189
f 10139 10190 10140
f 10139 10189 10190
f 10140 10191 10141
f 10140 10190 10191
f 10141 10192 10142
f 10141 10191 10192
f 10142 10193 10143
f 10142 10192 10193
f 10143 10194 10144
f 10143 10193 10194
f 10144 10195 10145
f 10144 10194 10195
f 10145 10196 10146
f 10145 10195 10196
f 10146 10197 10147
f 10146 10196 10197
f 10147 10198 10148
f 10147 10197 10198
f 10148 10199 10149
f 10148 10198 10199
f 10149 10200 10150
f 10149 10199 10200
f 10150 10201 10151
f 10150 10200 10201
f 10151 10202 10152
f 10151 10201 10202
f 10152 10203 10153
f 10152 10202 10203
f 10153 10204 10154
f 10153 10203 10204
f 10154 10205 10155
f 10154 10204 10205
f 10155 10206 10156
f 10155 10205 10206
f 10156 10207 10157
f 10156 10206 10207
f 10157 10208 10158
f 10157 10207 10208
f 10158 10209 10159
f 10158 10208 10209
f 10159 10210 10160
f 10159 10209 10210
f 10160 10211 10161
f 10160 10210 10211
f 10161 10212 10162
f 10161 10211 10212
f 10162 10213 10163
f 10162 10212 10213
f 10163 10214 10164
f 10163 10213 10214
f 10164 10215 10165
f 10164 10214 10215
f 10165 10216 10166
f 10165 10215 10216
f 10166 10217 10167
f 10166 10216 10217
f 10167 10218 10168
f 10167 10217 10218
f 10168 10219 10169
f 10168 10218 10219
f 10169 10220 10170
f 10169 10219 10220
f 10170 10221 10171
f 10170 10220 10221
f 10171 10222 10172
f 10171 10221 10222
f 10172 10223 10173
f 10172 10222 10223
f 10173 10224 10174
f 10173 10223 10224
f 10174 10225 10175
f 10174 10224 10225
f 10175 10176 10126
f 10175 10225 10176
f 10176 10227 10177
f 10176 10226 10227
f 10177 10228 10178
f 10177 10227 10228
f 10178 10229 10179
f 10178 10228 10229
f 10179 10230 10180
f 10179 10229 10230
f 10180 10231 10181
f 10180 10230 10231
f 10181 10232 10182
f 10181 10231 10232
f 10182 10233 10183
f 10182 10232 10233
f 10183 10234 10184
f 10183 10233 10234
f 10184 10235 10185
f 10184 10234 10235
f 10185 10236 10186
f 10185 10235 10236
f 10186 10237 10187
f 10186 10236 10237
f 10187 10238 10188
f 10187 10237 10238
f 10188 10239 10189
f 10188 10238 10239
f 10189 10240 10190
f 10189 10239 10240
f 10190 10241 10191
f 10190 10240 10241
f 10191 10242 10192
f 10191 10241 10242
f 10192 10243 10193
f 10192 10242 10243
f 10193 10244 10194
f 10193 10243 10244
f 10194 10245 10195
f 10194 10244 10245
f 10195 10246 10196
f 10195 10245 10246
f 10196 10247 10197
f 10196 10246 10247
f 10197 10248 10198
f 10197 10247 10248
f 10198 10249 10199
f 10198 10248 10249
f 10199 10250 10200
f 10199 10249 10250
f 10200 10251 10201
f 10200 10250 10251
f 10201 10252 10202
f 10201 10251 10252
f 10202 10253 10203
f 10202 10252 10253
f 10203 10254 10204
f 10203 10253 10254
f 10204 10255 10205
f 10204 10254 10255
f 10205 10256 10206
f 10205 10255 10256
f 10206 10257 10207
f 10206 10256 10257
f 10207 10258 10208
f 10207 10257 10258
f 10208 10259 10209
f 10208 10258 10259
f 10209 10260 10210
f 10209 10259 10260
f 10210 10261 10211
f 10210 10260 10261
f 10211 10262 10212
f 10211 10261 10262
f 10212 10263 10213
f 10212 10262 10263
f 10213 10264 10214
f 10213 10263 10264
f 10214 10265 10215
f 10214 10264 10265
f 10215 10266 10216
f 10215 10265 10266
f 10216 10267 10217
f 10216 10266 10267
f 10217 10268 10218
f 10217 10267 10268
f 10218 10269 10219
f 10218 10268 10269
f 10219 10270 10220
f 10219 10269 10270
f 10220 10271 10221
f 10220 10270 10271
f 10221 10272 10222
f 10221 10271 10272
f 10222 10273 10223
f 10222 10272 10273
f 10223 10274 10224
f 10223 10273 10274
f 10224 10275 10225
f 10224 10274 10275
f 10225 10226 10176
f 10225 10275 10226
f 10226 10277 10227
f 10226 10276 10277
f 10227 10278 10228
f 10227 10277 10278
f 10228 10279 10229
f 10228 10278 10279
f 10229 10280 10230
f 10229 10279 10280
f 10230 10281 10231
f 10230 10280 10281
f 10231 10282 10232
f 10231 10281 10282
f 10232 10283 10233
f 10232 10282 10283
f 10233 10284 10234
f 10233 10283 10284
f 10234 10285 10235
f 10234 10284 10285
f 10235 10286 10236
f 10235 10285 10286
f 10236 10287 10237
f 10236 10286 10287
f 10237 10288 10238
f 10237 10287 10288
f 10238 10289 10239
f 10238 10288 10289
f 10239 10290 10240
f 10239 10289 10290
f 10240 10291 10241
f 10240 10290 10291
f 10241 10292 10242
f 10241 10291 10292
f 10242 10293 10243
f 10242 10292 10293
f 10243 10294 10244
f 10243 10293 10294
f 10244 10295 10245
f 10244 10294 10295
f 10245 10296 10246
f 10245 10295 10296
f 10246 10297 10247
f 10246 10296 10297
f 10247 10298 10248
f 10247 10297 10298
f 10248 10299 10249
f 10248 10298 10299
f 10249 10300 10250
f 10249 10299 10300
f 10250 10301 10251
f 10250 10300 10301
f 10251 10302 10252
f 10251 10301 10302
f 10252 10303 10253
f 10252 10302 10303
f 10253 10304 10254
f 10253 10303 10304
f 10254 10305 10255
f 10254 10304 10305
f 10255 10306 10256
f 10255 10305 10306
f 10256 10307 10257
f 10256 10306 10307
f 10257 10308 10258
f 10257 10307 10308
f 10258 10309 10259
f 10258 10308 10309
f 10259 10310 10260
f 10259 10309 10310
f 10260 10311 10261
f 10260 10310 10311
f 10261 10312 10262
f 10261 10311 10312
f 10262 10313 10263
f 10262 10312 10313
f 10263 10314 10264
f 10263 10313 10314
f 10264 10315 10265
f 10264 10314 10315
f 10265 10316 10266
f 10265 10315 10316
f 10266 10317 10267
f 10266 10316 10317
f 10267 10318 10268
f 10267 10317 10318
f 10268 10319 10269
f 10268 10318 10319
f 10269 10320 10270
f 10269 10319 10320
f 10270 10321 10271
f 10270 10320 10321
f 10271 10322 10272
f 10271 10321 10322
f 10272 10323 10273
f 10272 10322 10323
f 10273 10324 10274
f 10273 10323 10324
f 10274 10325 10275
f 10274 10324 10325
f 10275 10276 10226
f 10275 10325 10276
f 10276 10327 10277
f 10276 10326 10327
f 10277 10328 10278
f 10277 10327 10328
f 10278 10329 10279
f 10278 10328 10329
f 10279 10330 10280
f 10279 10329 10330
f 10280 10331 10281
f 10280 10330 10331
f 10281 10332 10282
f 10281 10331 10332
f 10282 10333 10283
f 10282 10332 10333
f 10283 10334 10284
f 10283 10333 10334
f 10284 10335 10285
f 10284 10334 10335
f 10285 10336 10286
f 10285 10335 10336
f 10286 10337 10287
f 10286 10336 10337
f 10287 10338 10288
f 10287 10337 10338
f 10288 10339 10289
f 10288 10338 10339
f 10289 10340 10290
f 10289 10339 10340
f 10290 10341 10291
f 10290 10340 10341
f 10291 10342 10292
f 10291 10341 10342
f 10292 10343 10293
f 10292 10342 10343
f 10293 10344 10294
f 10293 10343 10344
f 10294 10345 10295
f 10294 10344 10345
f 10295 10346 10296
f 10295 10345 10346
f 10296 10347 10297
f 10296 10346 10347
f 10297 10348 10298
f 10297 10347 10348
f 10298 10349 10299
f 10298 10348 10349
f 10299 10350 10300
f 10299 10349 10350
f 10300 10351 10301
f 10300 10350 10351
f 10301 10352 10302
f 10301 10351 10352
f 10302 10353 10303
f 10302 10352 10353
f 10303 10354 10304
f 10303 10353 10354
f 10304 10355 10305
f 10304 10354 10355
f 10305 10356 10306
f 10305 10355 10356
f 10306 10357 10307
f 10306 10356 10357
f 10307 10358 10308
f 10307 10357 10358
f 10308 10359 10309
f 10308 10358 10359
f 10309 10360 10310
f 10309 10359 10360
f 10310 10361 10311
f 10310 10360 10361
f 10311 10362 10312
f 10311 10361 10362
f 10312 10363 10313
f 10312 10362 10363
f 10313 10364 10314
f 10313 10363 10364
f 10314 10365 10315
f 10314 10364 10365
f 10315 10366 10316
f 10315 10365 10366
f 10316 10367 10317
f 10316 10366 10367
f 10317 10368 10318
f 10317 10367 10368
f 10318 10369 10319
f 10318 10368 10369
f 10319 10370 10320
f 10319 10369 10370
f 10320 10371 10321
f 10320 10370 10371
f 10321 10372 10322
f 10321 10371 10372
f 10322 10373 10323
f 10322 10372 10373
f 10323 10374 10324
f 10323 10373 10374
f 10324 10375 10325
f 10324 10374 10375
f 10325 10326 10276
f 10325 10375 10326
f 10326 10377 10327
f 10326 10376 10377
f 10327 10378 10328
f 10327 10377 10378
f 10328 10379 10329
f 10328 10378 10379
f 10329 10380 10330
f 10329 10379 10380
f 10330 10381 10331
f 10330 10380 10381
f 10331 10382 10332
f 10331 10381 10382
f 10332 10383 10333
f 10332 10382 10383
f 10333 10384 10334
f 10333 10383 10384
f 10334 10385 10335
f 10334 10384 10385
f 10335 10386 10336
f 10335 10385 10386
f 10336 10387 10337
f 10336 10386 10387
f 10337 10388 10338
f 10337 10387 10388
f 10338 10389 10339
f 10338 10388 10389
f 10339 10390 10340
f 10339 10389 10390
f 10340 10391 10341
f 10340 10390 10391
f 10341 10392 10342
f 10341 10391 10392
f 10342 10393 10343
f 10342 10392 10393
f 10343 10394 10344
f 10343 10393 10394
f 10344 10395 10345
f 10344 10394 10395
f 10345 10396 10346
f 10345 10395 10396
f 10346 10397 10347
f 10346 10396 10397
f 10347 10398 10348
f 10347 10397 10398
f 10348 10399 10349
f 10348 10398 10399
f 10349 10400 10350
f 10349 10399 10400
f 10350 10401 10351
f 10350 10400 10401
f 10351 10402 10352
f 10351 10401 10402
f 10352 10403 10353
f 10352 10402 10403
f 10353 10404 10354
f 10353 10403 10404
f 10354 10405 10355
f 10354 10404 10405
f 10355 10406 10356
f 10355 10405 10406
f 10356 10407 10357
f 10356 10406 10407
f 10357 10408 10358
f 10357 10407 10408
f 10358 10409 10359
f 10358 10408 10409
f 10359 10410 10360
f 10359 10409 10410
f 10360 10411 10361
f 10360 10410 10411
f 10361 10412 10362
f 10361 10411 10412
f 10362 10413 10363
f 10362 10412 10413
f 10363 10414 10364
f 10363 10413 10414
f 10364 10415 10365
f 10364 10414 10415
f 10365 10416 10366
f 10365 10415 10416
f 10366 10417 10367
f 10366 10416 10417
f 10367 10418 10368
f 10367 10417 10418
f 10368 10419 10369
f 10368 10418 10419
f 10369 10420 10370
f 10369 10419 10420
f 10370 10421 10371
f 10370 10420 10421
f 10371 10422 10372
f 10371 10421 10422
f 10372 10423 10373
f 10372 10422 10423
f 10373 10424 10374
f 10373 10423 10424
f 10374 10425 10375
f 10374 10424 10425
f 10375 10376 10326
f 10375 10425 10376
f 10376 10427 10377
f 10376 10426 10427
f 10377 10428 10378
f 10377 10427 10428
f 10378 10429 10379
f 10378 10428 10429
f 10379 10430 10380
f 10379 10429 10430
f 10380 10431 10381
f 10380 10430 10431
f 10381 10432 10382
f 10381 10431 10432
f 10382 10433 10383
f 10382 10432 10433
f 10383 10434 10384
f 10383 10433 10434
f 10384 10435 10385
f 10384 10434 10435
f 10385 10436 10386
f 10385 10435 10436
f 10386 10437 10387
f 10386 10436 10437
f 10387 10438 10388
f 10387 10437 10438
f 10388 10439 10389
f 10388 10438 10439
f 10389 10440 10390
f 10389 10439 10440
f 10390 10441 10391
f 10390 10440 10441
f 10391 10442 10392
f 10391 10441 10442
f 10392 10443 10393
f 10392 10442 10443
f 10393 10444 10394
f 10393 10443 10444
f 10394 10445 10395
f 10394 10444 10445
f 10395 10446 10396
f 10395 10445 10446
f 10396 10447 10397
f 10396 10446 10447
f 10397 10448 10398
f 10397 10447 10448
f 10398 10449 10399
f 10398 10448 10449
f 10399 10450 10400
f 10399 10449 10450
f 10400 10451 10401
f 10400 10450 10451
f 10401 10452 10402
f 10401 10451 10452
f 10402 10453 10403
f 10402 10452 10453
f 10403 10454 10404
f 10403 10453 10454
f 10404 10455 10405
f 10404 10454 10455
f 10405 10456 10406
f 10405 10455 10456
f 10406 10457 10407
f 10406 10456 10457
f 10407 10458 10408
f 10407 10457 10458
f 10408 10459 10409
f 10408 10458 10459
f 10409 10460 10410
f 10409 10459 10460
f 10410 10461 10411
f 10410 10460 10461
f 10411 10462 10412
f 10411 10461 10462
f 10412 10463 10413
f 10412 10462 10463
f 10413 10464 10414
f 10413 10463 10464
f 10414 10465 10415
f 10414 10464 10465
f 10415 10466 10416
f 10415 10465 10466
f 10416 10467 10417
f 10416 10466 10467
f 10417 10468 10418
f 10417 10467 10468
f 10418 10469 10419
f 10418 10468 10469
f 10419 10470 10420
f 10419 10469 10470
f 10420 10471 10421
f 10420 10470 10471
f 10421 10472 10422
f 10421 10471 10472
f 10422 10473 10423
f 10422 10472 10473
f 10423 10474 10424
f 10423 10473 10474
f 10424 10475 10425
f 10424 10474 10475
f 10425 10426 10376
f 10425 10475 10426
f 10426 10477 10427
f 10426 10476 10477
f 10427 10478 10428
f 10427 10477 10478
f 10428 10479 10429
f 10428 10478 10479
f 10429 10480 10430
f 10429 10479 10480
f 10430 10481 10431
f 10430 10480 10481
f 10431 10482 10432
f 10431 10481 10482
f 10432 10483 10433
f 10432 10482 10483
f 10433 10484 10434
f 10433 10483 10484
f 10434 10485 10435
f 10434 10484 10485
f 10435 10486 10436
f 10435 10485 10486
f 10436 10487 10437
f 10436 10486 10487
f 10437 10488 10438
f 10437 10487 10488
f 10438 10489 10439
f 10438 10488 10489
f 10439 10490 10440
f 10439 10489 10490
f 10440 10491 10441
f 10440 10490 10491
f 10441 10492 10442
f 10441 10491 10492
f 10442 10493 10443
f 10442 10492 10493
f 10443 10494 10444
f 10443 10493 10494
f 10444 10495 10445
f 10444 10494 10495
f 10445 10496 10446
f 10445 10495 10496
f 10446 10497 10447
f 10446 10496 10497
f 10447 10498 10448
f 10447 10497 10498
f 10448 10499 10449
f 10448 10498 10499
f 10449 10500 10450
f 10449 10499 10500
f 10450 10501 10451
f 10450 10500 10501
f 10451 10502 10452
f 10451 10501 10502
f 10452 10503 10453
f 10452 10502 10503
f 10453 10504 10454
f 10453 10503 10504
f 10454 10505 10455
f 10454 10504 10505
f 10455 10506 10456
f 10455 10505 10506
f 10456 10507 10457
f 10456 10506 10507
f 10457 10508 10458
f 10457 10507 10508
f 10458 10509 10459
f 10458 10508 10509
f 10459 10510 10460
f 10459 10509 10510
f 10460 10511 10461
f 10460 10510 10511
f 10461 10512 10462
f 10461 10511 10512
f 10462 10513 10463
f 10462 10512 10513
f 10463 10514 10464
f 10463 10513 10514
f 10464 10515 10465
f 10464 10514 10515
f 10465 10516 10466
f 10465 10515 10516
f 10466 10517 10467
f 10466 10516 10517
f 10467 10518 10468
f 10467 10517 10518
f 10468 10519 10469
f 10468 10518 10519
f 10469 10520 10470
f 10469 10519 10520
f 10470 10521 10471
f 10470 10520 10521
f 10471 10522 10472
f 10471 10521 10522
f 10472 10523 10473
f 10472 10522 10523
f 10473 10524 10474
f 10473 10523 10524
f 10474 10525 10475
f 10474 10524 10525
f 10475 10476 10426
f 10475 10525 10476
f 10476 10527 10477
f 10476 10526 10527
f 10477 10528 10478
f 10477 10527 10528
f 10478 10529 10479
f 10478 10528 10529
f 10479 10530 10480
f 10479 10529 10530
f 10480 10531 10481
f 10480 10530 10531
f 10481 10532 10482
f 10481 10531 10532
f 10482 10533 10483
f 10482 10532 10533
f 10483 10534 10484
f 10483 10533 10534
f 10484 10535 10485
f 10484 10534 10535
f 10485 10536 10486
f 10485 10535 10536
f 10486 10537 10487
f 10486 10536 10537
f 10487 10538 10488
f 10487 10537 10538
f 10488 10539 10489
f 10488 10538 10539
f 10489 10540 10490
f 10489 10539 10540
f 10490 10541 10491
f 10490 10540 10541
f 10491 10542 10492
f 10491 10541 10542
f 10492 10543 10493
f 10492 10542 10543
f 10493 10544 10494
f 10493 10543 10544
f 10494 10545 10495
f 10494 10544 10545
f 10495 10546 10496
f 10495 10545 10546
f 10496 10547 10497
f 10496 10546 10547
f 10497 10548 10498
f 10497 10547 10548
f 10498 10549 10499
f 10498 10548 10549
f 10499 10550 10500
f 10499 10549 10550
f 10500 10551 10501
f 10500 10550 10551
f 10501 10552 10502
f 10501 10551 10552
f 10502 10553 10503
f 10502 10552 10553
f 10503 10554 10504
f 10503 10553 10554
f 10504 10555 10505
f 10504 10554 10555
f 10505 10556 10506
f 10505 10555 10556
f 10506 10557 10507
f 10506 10556 10557
f 10507 10558 10508
f 10507 10557 10558
f 10508 10559 10509
f 10508 10558 10559
f 10509 10560 10510
f 10509 10559 10560
f 10510 10561 10511
f 10510 10560 10561
f 10511 10562 10512
f 10511 10561 10562
f 10512 10563 10513
f 10512 10562 10563
f 10513 10564 10514
f 10513 10563 10564
f 10514 10565 10515
f 10514 10564 10565
f 10515 10566 10516
f 10515 10565 10566
f 10516 10567 10517
f 10516 10566 10567
f 10517 10568 10518
f 10517 10567 10568
f 10518 10569 10519
f 10518 10568 10569
f 10519 10570 10520
f 10519 10569 10570
f 10520 10571 10521
f 10520 10570 10571
f 10521 10572 10522
f 10521 10571 10572
f 10522 10573 10523
f 10522 10572 10573
f 10523 10574 10524
f 10523 10573 10574
f 10524 10575 10525
f 10524 10574 10575
f 10525 10526 10476
f 10525 10575 10526
f 10526 10577 10527
f 10526 10576 10577
f 10527 10578 10528
f 10527 10577 10578
f 10528 10579 10529
f 10528 10578 10579
f 10529 10580 10530
f 10529 10579 10580
f 10530 10581 10531
f 10530 10580 10581
f 10531 10582 10532
f 10531 10581 10582
f 10532 10583 10533
f 10532 10582 10583
f 10533 10584 10534
f 10533 10583 10584
f 10534 10585 10535
f 10534 10584 10585
f 10535 10586 10536
f 10535 10585 10586
f 10536 10587 10537
f 10536 10586 10587
f 10537 10588 10538
f 10537 10587 10588
f 10538 10589 10539
f 10538 10588 10589
f 10539 10590 10540
f 10539 10589 10590
f 10540 10591 10541
f 10540 10590 10591
f 10541 10592 10542
f 10541 10591 10592
f 10542 10593 10543
f 10542 10592 10593
f 10543 10594 10544
f 10543 10593 10594
f 10544 10595 10545
f 10544 10594 10595
f 10545 10596 10546
f 10545 10595 10596
f 10546 10597 10547
f 10546 10596 10597
f 10547 10598 10548
f 10547 10597 10598
f 10548 10599 10549
f 10548 10598 10599
f 10549 10600 10550
f 10549 10599 10600
f 10550 10601 10551
f 10550 10600 10601
f 10551 10602 10552
f 10551 10601 10602
f 10552 10603 10553
f 10552 10602 10603
f 10553 10604 10554
f 10553 10603 10604
f 10554 10605 10555
f 10554 10604 10605
f 10555 10606 10556
f 10555 10605 10606
f 10556 10607 10557
f 10556 10606 10607
f 10557 10608 10558
f 10557 10607 10608
f 10558 10609 10559
f 10558 10608 10609
f 10559 10610 10560
f 10559 10609 10610
f 10560 10611 10561
f 10560 10610 10611
f 10561 10612 10562
f 10561 10611 10612
f 10562 10613 10563
f 10562 10612 10613
f 10563 10614 10564
f 10563 10613 10614
f 10564 10615 10565
f 10564 10614 10615
f 10565 10616 10566
f 10565 10615 10616
f 10566 10617 10567
f 10566 10616 10617
f 10567 10618 10568
f 10567 10617 10618
f 10568 10619 10569
f 10568 10618 10619
f 10569 10620 10570
f 10569 10619 10620
f 10570 10621 10571
f 10570 10620 10621
f 10571 10622 10572
f 10571 10621 10622
f 10572 10623 10573
f 10572 10622 10623
f 10573 10624 10574
f 10573 10623 10624
f 10574 10625 10575
f 10574 10624 10625
f 10575 10576 10526
f 10575 10625 10576
f 10576 10627 10577
f 10576 10626 10627
f 10577 10628 10578
f 10577 10627 10628
f 10578 10629 10579
f 10578 10628 10629
f 10579 10630 10580
f 10579 10629 10630
f 10580 10631 10581
f 10580 10630 10631
f 10581 10632 10582
f 10581 10631 10632
f 10582 10633 10583
f 10582 10632 10633
f 10583 10634 10584
f 10583 10633 10634
f 10584 10635 10585
f 10584 10634 10635
f 10585 10636 10586
f 10585 10635 10636
f 10586 10637 10587
f 10586 10636 10637
f 10587 10638 10588
f 10587 10637 10638
f 10588 10639 10589
f 10588 10638 10639
f 10589 10640 10590
f 10589 10639 10640
f 10590 10641 10591
f 10590 10640 10641
f 10591 10642 10592
f 10591 10641 10642
f 10592 10643 10593
f 10592 10642 10643
f 10593 10644 10594
f 10593 10643 10644
f 10594 10645 10595
f 10594 10644 10645
f 10595 10646 10596
f 10595 10645 10646
f 10596 10647 10597
f 10596 10646 10647
f 10597 10648 10598
f 10597 10647 10648
f 10598 10649 10599
f 10598 10648 10649
f 10599 10650 10600
f 10599 10649 10650
f 10600 10651 10601
f 10600 10650 10651
f 10601 10652 10602
f 10601 10651 10652
f 10602 10653 10603
f 10602 10652 10653
f 10603 10654 10604
f 10603 10653 10654
f 10604 10655 10605
f 10604 10654 10655
f 10605 10656 10606
f 10605 10655 10656
f 10606 10657 10607
f 10606 10656 10657
f 10607 10658 10608
f 10607 10657 10658
f 10608 10659 10609
f 10608 10658 10659
f 10609 10660 10610
f 10609 10659 10660
f 10610 10661 10611
f 10610 10660 10661
f 10611 10662 10612
f 10611 10661 10662
f 10612 10663 10613
f 10612 10662 10663
f 10613 10664 10614
f 10613 10663 10664
f 10614 10665 10615
f 10614 10664 10665
f 10615 10666 10616
f 10615 10665 10666
f 10616 10667 10617
f 10616 10666 10667
f 10617 10668 10618
f 10617 10667 10668
f 10618 10669 10619
f 10618 10668 10669
f 10619 10670 10620
f 10619 10669 10670
f 10620 10671 10621
f 10620 10670 10671
f 10621 10672 10622
f 10621 10671 10672
f 10622 10673 10623
f 10622 10672 10673
f 10623 10674 10624
f 10623 10673 10674
f 10624 10675 10625
f 10624 10674 10675
f 10625 10626 10576
f 10625 10675 10626
f 10626 10677 10627
f 10626 10676 10677
f 10627 10678 10628
f 10627 10677 10678
f 10628 10679 10629
f 10628 10678 10679
f 10629 10680 10630
f 10629 10679 10680
f 10630 10681 10631
f 10630 10680 10681
f 10631 10682 10632
f 10631 10681 10682
f 10632 10683 10633
f 10632 10682 10683
f 10633 10684 10634
f 10633 10683 10684
f 10634 10685 10635
f 10634 10684 10685
f 10635 10686 10636
f 10635 10685 10686
f 10636 10687 10637
f 10636 10686 10687
f 10637 10688 10638
f 10637 10687 10688
f 10638 10689 10639
f 10638 10688 10689
f 10639 10690 10640
f 10639 10689 10690
f 10640 10691 10641
f 10640 10690 10691
f 10641 10692 10642
f 10641 10691 10692
f 10642 10693 10643
f 10642 10692 10693
f 10643 10694 10644
f 10643 10693 10694
f 10644 10695 10645
f 10644 10694 10695
f 10645 10696 10646
f 10645 10695 10696
f 10646 10697 10647
f 10646 10696 10697
f 10647 10698 10648
f 10647 10697 10698
f 10648 10699 10649
f 10648 10698 10699
f 10649 10700 10650
f 10649 10699 10700
f 10650 10701 10651
f 10650 10700 10701
f 10651 10702 10652
f 10651 10701 10702
f 10652 10703 10653
f 10652 10702 10703
f 10653 10704 10654
f 10653 10703 10704
f 10654 10705 10655
f 10654 10704 10705
f 10655 10706 10656
f 10655 10705 10706
f 10656 10707 10657
f 10656 10706 10707
f 10657 10708 10658
f 10657 10707 10708
f 10658 10709 10659
f 10658 10708 10709
f 10659 10710 10660
f 10659 10709 10710
f 10660 10711 10661
f 10660 10710 10711
f 10661 10712 10662
f 10661 10711 10712
f 10662 10713 10663
f 10662 10712 10713
f 10663 10714 10664
f 10663 10713 10714
f 10664 10715 10665
f 10664 10714 10715
f 10665 10716 10666
f 10665 10715 10716
f 10666 10717 10667
f 10666 10716 10717
f 10667 10718 10668
f 10667 10717 10718
f 10668 10719 10669
f 10668 10718 10719
f 10669 10720 10670
f 10669 10719 10720
f 10670 10721 10671
f 10670 10720 10721
f 10671 10722 10672
f 10671 10721 10722
f 10672 10723 10673
f 10672 10722 10723
f 10673 10724 10674
f 10673 10723 10724
f 10674 10725 10675
f 10674 10724 10725
f 10675 10676 10626
f 10675 10725 10676
f 10676 10727 10677
f 10676 10726 10727
f 10677 10728 10678
f 10677 10727 10728
f 10678 10729 10679
f 10678 10728 10729
f 10679 10730 10680
f 10679 10729 10730
f 10680 10731 10681
f 10680 10730 10731
f 10681 10732 10682
f 10681 10731 10732
f 10682 10733 10683
f 10682 10732 10733
f 10683 10734 10684
f 10683 10733 10734
f 10684 10735 10685
f 10684 10734 10735
f 10685 10736 10686
f 10685 10735 10736
f 10686 10737 10687
f 10686 10736 10737
f 10687 10738 10688
f 10687 10737 10738
f 10688 10739 10689
f 10688 10738 10739
f 10689 10740 10690
f 10689 10739 10740
f 10690 10741 10691
f 10690 10740 10741
f 10691 10742 10692
f 10691 10741 10742
f 10692 10743 10693
f 10692 10742 10743
f 10693 10744 10694
f 10693 10743 10744
f 10694 10745 10695
f 10694 10744 10745
f 10695 10746 10696
f 10695 10745 10746
f 10696 10747 10697
f 10696 10746 10747
f 10697 10748 10698
f 10697 10747 10748
f 10698 10749 10699
f 10698 10748 10749
f 10699 10750 10700
f 10699 10749 10750
f 10700 10751 10701
f 10700 10750 10751
f 10701 10752 10702
f 10701 10751 10752
f 10702 10753 10703
f 10702 10752 10753
f 10703 10754 10704
f 10703 10753 10754
f 10704 10755 10705
f 10704 10754 10755
f 10705 10756 10706
f 10705 10755 10756
f 10706 10757 10707
f 10706 10756 10757
f 10707 10758 10708
f 10707 10757 10758
f 10708 10759 10709
f 10708 10758 10759
f 10709 10760 10710
f 10709 10759 10760
f 10710 10761 10711
f 10710 10760 10761
f 10711 10762 10712
f 10711 10761 10762
f 10712 10763 10713
f 10712 10762 10763
f 10713 10764 10714
f 10713 10763 10764
f 10714 10765 10715
f 10714 10764 10765
f 10715 10766 10716
f 10715 10765 10766
f 10716 10767 10717
f 10716 10766 10767
f 10717 10768 10718
f 10717 10767 10768
f 10718 10769 10719
f 10718 10768 10769
f 10719 10770 10720
f 10719 10769 10770
f 10720 10771 10721
f 10720 10770 10771
f 10721 10772 10722
f 10721 10771 10772
f 10722 10773 10723
f 10722 10772 10773
f 10723 10774 10724
f 10723 10773 10774
f 10724 10775 10725
f 10724 10774 10775
f 10725 10726 10676
f 10725 10775 10726
f 10726 10777 10727
f 10726 10776 10777
f 10727 10778 10728
f 10727 10777 10778
f 10728 10779 10729
f 10728 10778 10779
f 10729 10780 10730
f 10729 10779 10780
f 10730 10781 10731
f 10730 10780 10781
f 10731 10782 10732
f 10731 10781 10782
f 10732 10783 10733
f 10732 10782 10783
f 10733 10784 10734
f 10733 10783 10784
f 10734 10785 10735
f 10734 10784 10785
f 10735 10786 10736
f 10735 10785 10786
f 10736 10787 10737
f 10736 10786 10787
f 10737 10788 10738
f 10737 10787 10788
f 10738 10789 10739
f 10738 10788 10789
f 10739 10790 10740
f 10739 10789 10790
f 10740 10791 10741
f 10740 10790 10791
f 10741 10792 10742
f 10741 10791 10792
f 10742 10793 10743
f 10742 10792 10793
f 10743 10794 10744
f 10743 10793 10794
f 10744 10795 10745
f 10744 10794 10795
f 10745 10796 10746
f 10745 10795 10796
f 10746 10797 10747
f 10746 10796 10797
f 10747 10798 10748
f 10747 10797 10798
f 10748 10799 10749
f 10748 10798 10799
f 10749 10800 10750
f 10749 10799 10800
f 10750 10801 10751
f 10750 10800 10801
f 10751 10802 10752
f 10751 10801 10802
f 10752 10803 10753
f 10752 10802 10803
f 10753 10804 10754
f 10753 10803 10804
f 10754 10805 10755
f 10754 10804 10805
f 10755 10806 10756
f 10755 10805 10806
f 10756 10807 10757
f 10756 10806 10807
f 10757 10808 10758
f 10757 10807 10808
f 10758 10809 10759
f 10758 10808 10809
f 10759 10810 10760
f 10759 10809 10810
f 10760 10811 10761
f 10760 10810 10811
f 10761 10812 10762
f 10761 10811 10812
f 10762 10813 10763
f 10762 10812 10813
f 10763 10814 10764
f 10763 10813 10814
f 10764 10815 10765
f 10764 10814 10815
f 10765 10816 10766
f 10765 10815 10816
f 10766 10817 10767
f 10766 10816 10817
f 10767 10818 10768
f 10767 10817 10818
f 10768 10819 10769
f 10768 10818 10819
f 10769 10820 10770
f 10769 10819 10820
f 10770 10821 10771
f 10770 10820 10821
f 10771 10822 10772
f 10771 10821 10822
f 10772 10823 10773
f 10772 10822 10823
f 10773 10824 10774
f 10773 10823 10824
f 10774 10825 10775
f 10774 10824 10825
f 10775 10776 10726
f 10775 10825 10776
f 10776 10827 10777
f 10776 10826 10827
f 10777 10828 10778
f 10777 10827 10828
f 10778 10829 10779
f 10778 10828 10829
f 10779 10830 10780
f 10779 10829 10830
f 10780 10831 10781
f 10780 10830 10831
f 10781 10832 10782
f 10781 10831 10832
f 10782 10833 10783
f 10782 10832 10833
f 10783 10834 10784
f 10783 10833 10834
f 10784 10835 10785
f 10784 10834 10835
f 10785 10836 10786
f 10785 10835 10836
f 10786 10837 10787
f 10786 10836 10837
f 10787 10838 10788
f 10787 10837 10838
f 10788 10839 10789
f 10788 10838 10839
f 10789 10840 10790
f 10789 10839 10840
f 10790 10841 10791
f 10790 10840 10841
f 10791 10842 10792
f 10791 10841 10842
f 10792 10843 10793
f 10792 10842 10843
f 10793 10844 10794
f 10793 10843 10844
f 10794 10845 10795
f 10794 10844 10845
f 10795 10846 10796
f 10795 10845 10846
f 10796 10847 10797
f 10796 10846 10847
f 10797 10848 10798
f 10797 10847 10848
f 10798 10849 10799
f 10798 10848 10849
f 10799 10850 10800
f 10799 10849 10850
f 10800 10851 10801
f 10800 10850 10851
f 10801 10852 10802
f 10801 10851 10852
f 10802 10853 10803
f 10802 10852 10853
f 10803 10854 10804
f 10803 10853 10854
f 10804 10855 10805
f 10804 10854 10855
f 10805 10856 10806
f 10805 10855 10856
f 10806 10857 10807
f 10806 10856 10857
f 10807 10858 10808
f 10807 10857 10858
f 10808 10859 10809
f 10808 10858 10859
f 10809 10860 10810
f 10809 10859 10860
f 10810 10861 10811
f 10810 10860 10861
f 10811 10862 10812
f 10811 10861 10862
f 10812 10863 10813
f 10812 10862 10863
f 10813 10864 10814
f 10813 10863 10864
f 10814 10865 10815
f 10814 10864 10865
f 10815 10866 10816
f 10815 10865 10866
f 10816 10867 10817
f 10816 10866 10867
f 10817 10868 10818
f 10817 10867 10868
f 10818 10869 10819
f 10818 10868 10869
f 10819 10870 10820
f 10819 10869 10870
f 10820 10871 10821
f 10820 10870 10871
f 10821 10872 10822
f 10821 10871 10872
f 10822 10873 10823
f 10822 10872 10873
f 10823 10874 10824
f 10823 10873 10874
f 10824 10875 10825
f 10824 10874 10875
f 10825 10826 10776
f 10825 10875 10826
f 10826 10877 10827
f 10826 10876 10877
f 10827 10878 10828
f 10827 10877 10878
f 10828 10879 10829
f 10828 10878 10879
f 10829 10880 10830
f 10829 10879 10880
f 10830 10881 10831
f 10830 10880 10881
f 10831 10882 10832
f 10831 10881 10882
f 10832 10883 10833
f 10832 10882 10883
f 10833 10884 10834
f 10833 10883 10884
f 10834 10885 10835
f 10834 10884 10885
f 10835 10886 10836
f 10835 10885 10886
f 10836 10887 10837
f 10836 10886 10887
f 10837 10888 10838
f 10837 10887 10888
f 10838 10889 10839
f 10838 10888 10889
f 10839 10890 10840
f 10839 10889 10890
f 10840 10891 10841
f 10840 10890 10891
f 10841 10892 10842
f 10841 10891 10892
f 10842 10893 10843
f 10842 10892 10893
f 10843 10894 10844
f 10843 10893 10894
f 10844 10895 10845
f 10844 10894 10895
f 10845 10896 10846
f 10845 10895 10896
f 10846 10897 10847
f 10846 10896 10897
f 10847 10898 10848
f 10847 10897 10898
f 10848 10899 10849
f 10848 10898 10899
f 10849 10900 10850
f 10849 10899 10900
f 10850 10901 10851
f 10850 10900 10901
f 10851 10902 10852
f 10851 10901 10902
f 10852 10903 10853
f 10852 10902 10903
f 10853 10904 10854
f 10853 10903 10904
f 10854 10905 10855
f 10854 10904 10905
f 10855 10906 10856
f 10855 10905 10906
f 10856 10907 10857
f 10856 10906 10907
f 10857 10908 10858
f 10857 10907 10908
f 10858 10909 10859
f 10858 10908 10909
f 10859 10910 10860
f 10859 10909 10910
f 10860 10911 10861
f 10860 10910 10911
f 10861 10912 10862
f 10861 10911 10912
f 10862 10913 10863
f 10862 10912 10913
f 10863 10914 10864
f 10863 10913 10914
f 10864 10915 10865
f 10864 10914 10915
f 10865 10916 10866
f 10865 10915 10916
f 10866 10917 10867
f 10866 10916 10917
f 10867 10918 10868
f 10867 10917 10918
f 10868 10919 10869
f 10868 10918 10919
f 10869 10920 10870
f 10869 10919 10920
f 10870 10921 10871
f 10870 10920 10921
f 10871 10922 10872
f 10871 10921 10922
f 10872 10923 10873
f 10872 10922 10923
f 10873 10924 10874
f 10873 10923 10924
f 10874 10925 10875
f 10874 10924 10925
f 10875 10876 10826
f 10875 10925 10876
f 10876 10927 10877
f 10876 10926 10927
f 10877 10928 10878
f 10877 10927 10928
f 10878 10929 10879
f 10878 10928 10929
f 10879 10930 10880
f 10879 10929 10930
f 10880 10931 10881
f 10880 10930 10931
f 10881 10932 10882
f 10881 10931 10932
f 10882 10933 10883
f 10882 10932 10933
f 10883 10934 10884
f 10883 10933 10934
f 10884 10935 10885
f 10884 10934 10935
f 10885 10936 10886
f 10885 10935 10936
f 10886 10937 10887
f 10886 10936 10937
f 10887 10938 10888
f 10887 10937 10938
f 10888 10939 10889
f 10888 10938 10939
f 10889 10940 10890
f 10889 10939 10940
f 10890 10941 10891
f 10890 10940 10941
f 10891 10942 10892
f 10891 10941 10942
f 10892 10943 10893
f 10892 10942 10943
f 10893 10944 10894
f 10893 10943 10944
f 10894 10945 10895
f 10894 10944 10945
f 10895 10946 10896
f 10895 10945 10946
f 10896 10947 10897
f 10896 10946 10947
f 10897 10948 10898
f 10897 10947 10948
f 10898 10949 10899
f 10898 10948 10949
f 10899 10950 10900
f 10899 10949 10950
f 10900 10951 10901
f 10900 10950 10951
f 10901 10952 10902
f 10901 10951 10952
f 10902 10953 10903
f 10902 10952 10953
f 10903 10954 10904
f 10903 10953 10954
f 10904 10955 10905
f 10904 10954 10955
f 10905 10956 10906
f 10905 10955 10956
f 10906 10957 10907
f 10906 10956 10957
f 10907 10958 10908
f 10907 10957 10958
f 10908 10959 10909
f 10908 10958 10959
f 10909 10960 10910
f 10909 10959 10960
f 10910 10961 10911
f 10910 10960 10961
f 10911 10962 10912
f 10911 10961 10962
f 10912 10963 10913
f 10912 10962 10963
f 10913 10964 10914
f 10913 10963 10964
f 10914 10965 10915
f 10914 10964 10965
f 10915 10966 10916
f 10915 10965 10966
f 10916 10967 10917
f 10916 10966 10967
f 10917 10968 10918
f 10917 10967 10968
f 10918 10969 10919
f 10918 10968 10969
f 10919 10970 10920
f 10919 10969 10970
f 10920 10971 10921
f 10920 10970 10971
f 10921 10972 10922
f 10921 10971 10972
f 10922 10973 10923
f 10922 10972 10973
f 10923 10974 10924
f 10923 10973 10974
f 10924 10975 10925
f 10924 10974 10975
f 10925 10926 10876
f 10925 10975 10926
f 10926 10977 10927
f 10926 10976 10977
f 10927 10978 10928
f 10927 10977 10978
f 10928 10979 10929
f 10928 10978 10979
f 10929 10980 10930
f 10929 10979 10980
f 10930 10981 10931
f 10930 10980 10981
f 10931 10982 10932
f 10931 10981 10982
f 10932 10983 10933
f 10932 10982 10983
f 10933 10984 10934
f 10933 10983 10984
f 10934 10985 10935
f 10934 10984 10985
f 10935 10986 10936
f 10935 10985 10986
f 10936 10987 10937
f 10936 10986 10987
f 10937 10988 10938
f 10937 10987 10988
f 10938 10989 10939
f 10938 10988 10989
f 10939 10990 10940
f 10939 10989 10990
f 10940 10991 10941
f 10940 10990 10991
f 10941 10992 10942
f 10941 10991 10992
f 10942 10993 10943
f 10942 10992 10993
f 10943 10994 10944
f 10943 10993 10994
f 10944 10995 10945
f 10944 10994 10995
f 10945 10996 10946
f 10945 10995 10996
f 10946 10997 10947
f 10946 10996 10997
f 10947 10998 10948
f 10947 10997 10998
f 10948 10999 10949
f 10948 10998 10999
f 10949 11000 10950
f 10949 10999 11000
f 10950 11001 10951
f 10950 11000 11001
f 10951 11002 10952
f 10951 11001 11002
f 10952 11003 10953
f 10952 11002 11003
f 10953 11004 10954
f 10953 11003 11004
f 10954 11005 10955
f 10954 11004 11005
f 10955 11006 10956
f 10955 11005 11006
f 10956 11007 10957
f 10956 11006 11007
f 10957 11008 10958
f 10957 11007 11008
f 10958 11009 10959
f 10958 11008 11009
f 10959 11010 10960
f 10959 11009 11010
f 10960 11011 10961
f 10960 11010 11011
f 10961 11012 10962
f 10961 11011 11012
f 10962 11013 10963
f 10962 11012 11013
f 10963 11014 10964
f 10963 11013 11014
f 10964 11015 10965
f 10964 11014 11015
f 10965 11016 10966
f 10965 11015 11016
f 10966 11017 10967
f 10966 11016 11017
f 10967 11018 10968
f 10967 11017 11018
f 10968 11019 10969
f 10968 11018 11019
f 10969 11020 10970
f 10969 11019 11020
f 10970 11021 10971
f 10970 11020 11021
f 10971 11022 10972
f 10971 11021 11022
f 10972 11023 10973
f 10972 11022 11023
f 10973 11024 10974
f 10973 11023 11024
f 10974 11025 10975
f 10974 11024 11025
f 10975 10976 10926
f 10975 11025 10976
f 10976 11027 10977
f 10976 11026 11027
f 10977 11028 10978
f 10977 11027 11028
f 10978 11029 10979
f 10978 11028 11029
f 10979 11030 10980
f 10979 11029 11030
f 10980 11031 10981
f 10980 11030 11031
f 10981 11032 10982
f 10981 11031 11032
f 10982 11033 10983
f 10982 11032 11033
f 10983 11034 10984
f 10983 11033 11034
f 10984 11035 10985
f 10984 11034 11035
f 10985 11036 10986
f 10985 11035 11036
f 10986 11037 10987
f 10986 11036 11037
f 10987 11038 10988
f 10987 11037 11038
f 10988 11039 10989
f 10988 11038 11039
f 10989 11040 10990
f 10989 11039 11040
f 10990 11041 10991
f 10990 11040 11041
f 10991 11042 10992
f 10991 11041 11042
f 10992 11043 10993
f 10992 11042 11043
f 10993 11044 10994
f 10993 11043 11044
f 10994 11045 10995
f 10994 11044 11045
f 10995 11046 10996
f 10995 11045 11046
f 10996 11047 10997
f 10996 11046 11047
f 10997 11048 10998
f 10997 11047 11048
f 10998 11049 10999
f 10998 11048 11049
f 10999 11050 11000
f 10999 11049 11050
f 11000 11051 11001
f 11000 11050 11051
f 11001 11052 11002
f 11001 11051 11052
f 11002 11053 11003
f 11002 11052 11053
f 11003 11054 11004
f 11003 11053 11054
f 11004 11055 11005
f 11004 11054 11055
f 11005 11056 11006
f 11005 11055 11056
f 11006 11057 11007
f 11006 11056 11057
f 11007 11058 11008
f 11007 11057 11058
f 11008 11059 11009
f 11008 11058 11059
f 11009 11060 11010
f 11009 11059 11060
f 11010 11061 11011
f 11010 11060 11061
f 11011 11062 11012
f 11011 11061 11062
f 11012 11063 11013
f 11012 11062 11063
f 11013 11064 11014
f 11013 11063 11064
f 11014 11065 11015
f 11014 11064 11065
f 11015 11066 11016
f 11015 11065 11066
f 11016 11067 11017
f 11016 11066 11067
f 11017 11068 11018
f 11017 11067 11068
f 11018 11069 11019
f 11018 11068 11069
f 11019 11070 11020
f 11019 11069 11070
f 11020 11071 11021
f 11020 11070 11071
f 11021 11072 11022
f 11021 11071 11072
f 11022 11073 11023
f 11022 11072 11073
f 11023 11074 11024
f 11023 11073 11074
f 11024 11075 11025
f 11024 11074 11075
f 11025 11026 10976
f 11025 11075 11026
f 11026 11077 11027
f 11026 11076 11077
f 11027 11078 11028
f 11027 11077 11078
f 11028 11079 11029
f 11028 11078 11079
f 11029 11080 11030
f 11029 11079 11080
f 11030 11081 11031
f 11030 11080 11081
f 11031 11082 11032
f 11031 11081 11082
f 11032 11083 11033
f 11032 11082 11083
f 11033 11084 11034
f 11033 11083 11084
f 11034 11085 11035
f 11034 11084 11085
f 11035 11086 11036
f 11035 11085 11086
f 11036 11087 11037
f 11036 11086 11087
f 11037 11088 11038
f 11037 11087 11088
f 11038 11089 11039
f 11038 11088 11089
f 11039 11090 11040
f 11039 11089 11090
f 11040 11091 11041
f 11040 11090 11091
f 11041 11092 11042
f 11041 11091 11092
f 11042 11093 11043
f 11042 11092 11093
f 11043 11094 11044
f 11043 11093 11094
f 11044 11095 11045
f 11044 11094 11095
f 11045 11096 11046
f 11045 11095 11096
f 11046 11097 11047
f 11046 11096 11097
f 11047 11098 11048
f 11047 11097 11098
f 11048 11099 11049
f 11048 11098 11099
f 11049 11100 11050
f 11049 11099 11100
f 11050 11101 11051
f 11050 11100 11101
f 11051 11102 11052
f 11051 11101 11102
f 11052 11103 11053
f 11052 11102 11103
f 11053 11104 11054
f 11053 11103 11104
f 11054 11105 11055
f 11054 11104 11105
f 11055 11106 11056
f 11055 11105 11106
f 11056 11107 11057
f 11056 11106 11107
f 11057 11108 11058
f 11057 11107 11108
f 11058 11109 11059
f 11058 11108 11109
f 11059 11110 11060
f 11059 11109 11110
f 11060 11111 11061
f 11060 11110 11111
f 11061 11112 11062
f 11061 11111 11112
f 11062 11113 11063
f 11062 11112 11113
f 11063 11114 11064
f 11063 11113 11114
f 11064 11115 11065
f 11064 11114 11115
f 11065 11116 11066
f 11065 11115 11116
f 11066 11117 11067
f 11066 11116 11117
f 11067 11118 11068
f 11067 11117 11118
f 11068 11119 11069
f 11068 11118 11119
f 11069 11120 11070
f 11069 11119 11120
f 11070 11121 11071
f 11070 11120 11121
f 11071 11122 11072
f 11071 11121 11122
f 11072 11123 11073
f 11072 11122 11123
f 11073 11124 11074
f 11073 11123 11124
f 11074 11125 11075
f 11074 11124 11125
f 11075 11076 11026
f 11075 11125 11076
f 11076 11127 11077
f 11076 11126 11127
f 11077 11128 11078
f 11077 11127 11128
f 11078 11129 11079
f 11078 11128 11129
f 11079 11130 11080
f 11079 11129 11130
f 11080 11131 11081
f 11080 11130 11131
f 11081 11132 11082
f 11081 11131 11132
f 11082 11133 11083
f 11082 11132 11133
f 11083 11134 11084
f 11083 11133 11134
f 11084 11135 11085
f 11084 11134 11135
f 11085 11136 11086
f 11085 11135 11136
f 11086 11137 11087
f 11086 11136 11137
f 11087 11138 11088
f 11087 11137 11138
f 11088 11139 11089
f 11088 11138 11139
f 11089 11140 11090
f 11089 11139 11140
f 11090 11141 11091
f 11090 11140 11141
f 11091 11142 11092
f 11091 11141 11142
f 11092 11143 11093
f 11092 11142 11143
f 11093 11144 11094
f 11093 11143 11144
f 11094 11145 11095
f 11094 11144 11145
f 11095 11146 11096
f 11095 11145 11146
f 11096 11147 11097
f 11096 11146 11147
f 11097 11148 11098
f 11097 11147 11148
f 11098 11149 11099
f 11098 11148 11149
f 11099 11150 11100
f 11099 11149 11150
f 11100 11151 11101
f 11100 11150 11151
f 11101 11152 11102
f 11101 11151 11152
f 11102 11153 11103
f 11102 11152 11153
f 11103 11154 11104
f 11103 11153 11154
f 11104 11155 11105
f 11104 11154 11155
f 11105 11156 11106
f 11105 11155 11156
f 11106 11157 11107
f 11106 11156 11157
f 11107 11158 11108
f 11107 11157 11158
f 11108 11159 11109
f 11108 11158 11159
f 11109 11160 11110
f 11109 11159 11160
f 11110 11161 11111
f 11110 11160 11161
f 11111 11162 11112
f 11111 11161 11162
f 11112 11163 11113
f 11112 11162 11163
f 11113 11164 11114
f 11113 11163 11164
f 11114 11165 11115
f 11114 11164 11165
f 11115 11166 11116
f 11115 11165 11166
f 11116 11167 11117
f 11116 11166 11167
f 11117 11168 11118
f 11117 11167 11168
f 11118 11169 11119
f 11118 11168 11169
f 11119 11170 11120
f 11119 11169 11170
f 11120 11171 11121
f 11120 11170 11171
f 11121 11172 11122
f 11121 11171 11172
f 11122 11173 11123
f 11122 11172 11173
f 11123 11174 11124
f 11123 11173 11174
f 11124 11175 11125
f 11124 11174 11175
f 11125 11126 11076
f 11125 11175 11126
f 11126 11177 11127
f 11126 11176 11177
f 11127 11178 11128
f 11127 11177 11178
f 11128 11179 11129
f 11128 11178 11179
f 11129 11180 11130
f 11129 11179 11180
f 11130 11181 11131
f 11130 11180 11181
f 11131 11182 11132
f 11131 11181 11182
f 11132 11183 11133
f 11132 11182 11183
f 11133 11184 11134
f 11133 11183 11184
f 11134 11185 11135
f 11134 11184 11185
f 11135 11186 11136
f 11135 11185 11186
f 11136 11187 11137
f 11136 11186 11187
f 11137 11188 11138
f 11137 11187 11188
f 11138 11189 11139
f 11138 11188 11189
f 11139 11190 11140
f 11139 11189 11190
f 11140 11191 11141
f 11140 11190 11191
f 11141 11192 11142
f 11141 11191 11192
f 11142 11193 11143
f 11142 11192 11193
f 11143 11194 11144
f 11143 11193 11194
f 11144 11195 11145
f 11144 11194 11195
f 11145 11196 11146
f 11145 11195 11196
f 11146 11197 11147
f 11146 11196 11197
f 11147 11198 11148
f 11147 11197 11198
f 11148 11199 11149
f 11148 11198 11199
f 11149 11200 11150
f 11149 11199 11200
f 11150 11201 11151
f 11150 11200 11201
f 11151 11202 11152
f 11151 11201 11202
f 11152 11203 11153
f 11152 11202 11203
f 11153 11204 11154
f 11153 11203 11204
f 11154 11205 11155
f 11154 11204 11205
f 11155 11206 11156
f 11155 11205 11206
f 11156 11207 11157
f 11156 11206 11207
f 11157 11208 11158
f 11157 11207 11208
f 11158 11209 11159
f 11158 11208 11209
f 11159 11210 11160
f 11159 11209 11210
f 11160 11211 11161
f 11160 11210 11211
f 11161 11212 11162
f 11161 11211 11212
f 11162 11213 11163
f 11162 11212 11213
f 11163 11214 11164
f 11163 11213 11214
f 11164 11215 11165
f 11164 11214 11215
f 11165 11216 11166
f 11165 11215 11216
f 11166 11217 11167
f 11166 11216 11217
f 11167 11218 11168
f 11167 11217 11218
f 11168 11219 11169
f 11168 11218 11219
f 11169 11220 11170
f 11169 11219 11220
f 11170 11221 11171
f 11170 11220 11221
f 11171 11222 11172
f 11171 11221 11222
f 11172 11223 11173
f 11172 11222 11223
f 11173 11224 11174
f 11173 11223 11224
f 11174 11225 11175
f 11174 11224 11225
f 11175 11176 11126
f 11175 11225 11176
f 11176 11227 11177
f 11176 11226 11227
f 11177 11228 11178
f 11177 11227 11228
f 11178 11229 11179
f 11178 11228 11229
f 11179 11230 11180
f 11179 11229 11230
f 11180 11231 11181
f 11180 11230 11231
f 11181 11232 11182
f 11181 11231 11232
f 11182 11233 11183
f 11182 11232 11233
f 11183 11234 11184
f 11183 11233 11234
f 11184 11235 11185
f 11184 11234 11235
f 11185 11236 11186
f 11185 11235 11236
f 11186 11237 11187
f 11186 11236 11237
f 11187 11238 11188
f 11187 11237 11238
f 11188 11239 11189
f 11188 11238 11239
f 11189 11240 11190
f 11189 11239 11240
f 11190 11241 11191
f 11190 11240 11241
f 11191 11242 11192
f 11191 11241 11242
f 11192 11243 11193
f 11192 11242 11243
f 11193 11244 11194
f 11193 11243 11244
f 11194 11245 11195
f 11194 11244 11245
f 11195 11246 11196
f 11195 11245 11246
f 11196 11247 11197
f 11196 11246 11247
f 11197 11248 11198
f 11197 11247 11248
f 11198 11249 11199
f 11198 11248 11249
f 11199 11250 11200
f 11199 11249 11250
f 11200 11251 11201
f 11200 11250 11251
f 11201 11252 11202
f 11201 11251 11252
f 11202 11253 11203
f 11202 11252 11253
f 11203 11254 11204
f 11203 11253 11254
f 11204 11255 11205
f 11204 11254 11255
f 11205 11256 11206
f 11205 11255 11256
f 11206 11257 11207
f 11206 11256 11257
f 11207 11258 11208
f 11207 11257 11258
f 11208 11259 11209
f 11208 11258 11259
f 11209 11260 11210
f 11209 11259 11260
f 11210 11261 11211
f 11210 11260 11261
f 11211 11262 11212
f 11211 11261 11262
f 11212 11263 11213
f 11212 11262 11263
f 11213 11264 11214
f 11213 11263 11264
f 11214 11265 11215
f 11214 11264 11265
f 11215 11266 11216
f 11215 11265 11266
f 11216 11267 11217
f 11216 11266 11267
f 11217 11268 11218
f 11217 11267 11268
f 11218 11269 11219
f 11218 11268 11269
f 11219 11270 11220
f 11219 11269 11270
f 11220 11271 11221
f 11220 11270 11271
f 11221 11272 11222
f 11221 11271 11272
f 11222 11273 11223
f 11222 11272 11273
f 11223 11274 11224
f 11223 11273 11274
f 11224 11275 11225
f 11224 11274 11275
f 11225 11226 11176
f 11225 11275 11226
f 11226 11277 11227
f 11226 11276 11277
f 11227 11278 11228
f 11227 11277 11278
f 11228 11279 11229
f 11228 11278 11279
f 11229 11280 11230
f 11229 11279 11280
f 11230 11281 11231
f 11230 11280 11281
f 11231 11282 11232
f 11231 11281 11282
f 11232 11283 11233
f 11232 11282 11283
f 11233 11284 11234
f 11233 11283 11284
f 11234 11285 11235
f 11234 11284 11285
f 11235 11286 11236
f 11235 11285 11286
f 11236 11287 11237
f 11236 11286 11287
f 11237 11288 11238
f 11237 11287 11288
f 11238 11289 11239
f 11238 11288 11289
f 11239 11290 11240
f 11239 11289 11290
f 11240 11291 11241
f 11240 11290 11291
f 11241 11292 11242
f 11241 11291 11292
f 11242 11293 11243
f 11242 11292 11293
f 11243 11294 11244
f 11243 11293 11294
f 11244 11295 11245
f 11244 11294 11295
f 11245 11296 11246
f 11245 11295 11296
f 11246 11297 11247
f 11246 11296 11297
f 11247 11298 11248
f 11247 11297 11298
f 11248 11299 11249
f 11248 11298 11299
f 11249 11300 11250
f 11249 11299 11300
f 11250 11301 11251
f 11250 11300 11301
f 11251 11302 11252
f 11251 11301 11302
f 11252 11303 11253
f 11252 11302 11303
f 11253 11304 11254
f 11253 11303 11304
f 11254 11305 11255
f 11254 11304 11305
f 11255 11306 11256
f 11255 11305 11306
f 11256 11307 11257
f 11256 11306 11307
f 11257 11308 11258
f 11257 11307 11308
f 11258 11309 11259
f 11258 11308 11309
f 11259 11310 11260
f 11259 11309 11310
f 11260 11311 11261
f 11260 11310 11311
f 11261 11312 11262
f 11261 11311 11312
f 11262 11313 11263
f 11262 11312 11313
f 11263 11314 11264
f 11263 11313 11314
f 11264 11315 11265
f 11264 11314 11315
f 11265 11316 11266
f 11265 11315 11316
f 11266 11317 11267
f 11266 11316 11317
f 11267 11318 11268
f 11267 11317 11318
f 11268 11319 11269
f 11268 11318 11319
f 11269 11320 11270
f 11269 11319 11320
f 11270 11321 11271
f 11270 11320 11321
f 11271 11322 11272
f 11271 11321 11322
f 11272 11323 11273
f 11272 11322 11323
f 11273 11324 11274
f 11273 11323 11324
f 11274 11325 11275
f 11274 11324 11325
f 11275 11276 11226
f 11275 11325 11276
f 11276 11327 11277
f 11276 11326 11327
f 11277 11328 11278
f 11277 11327 11328
f 11278 11329 11279
f 11278 11328 11329
f 11279 11330 11280
f 11279 11329 11330
f 11280 11331 11281
f 11280 11330 11331
f 11281 11332 11282
f 11281 11331 11332
f 11282 11333 11283
f 11282 11332 11333
f 11283 11334 11284
f 11283 11333 11334
f 11284 11335 11285
f 11284 11334 11335
f 11285 11336 11286
f 11285 11335 11336
f 11286 11337 11287
f 11286 11336 11337
f 11287 11338 11288
f 11287 11337 11338
f 11288 11339 11289
f 11288 11338 11339
f 11289 11340 11290
f 11289 11339 11340
f 11290 11341 11291
f 11290 11340 11341
f 11291 11342 11292
f 11291 11341 11342
f 11292 11343 11293
f 11292 11342 11343
f 11293 11344 11294
f 11293 11343 11344
f 11294 11345 11295
f 11294 11344 11345
f 11295 11346 11296
f 11295 11345 11346
f 11296 11347 11297
f 11296 11346 11347
f 11297 11348 11298
f 11297 11347 11348
f 11298 11349 11299
f 11298 11348 11349
f 11299 11350 11300
f 11299 11349 11350
f 11300 11351 11301
f 11300 11350 11351
f 11301 11352 11302
f 11301 11351 11352
f 11302 11353 11303
f 11302 11352 11353
f 11303 11354 11304
f 11303 11353 11354
f 11304 11355 11305
f 11304 11354 11355
f 11305 11356 11306
f 11305 11355 11356
f 11306 11357 11307
f 11306 11356 11357
f 11307 11358 11308
f 11307 11357 11358
f 11308 11359 11309
f 11308 11358 11359
f 11309 11360 11310
f 11309 11359 11360
f 11310 11361 11311
f 11310 11360 11361
f 11311 11362 11312
f 11311 11361 11362
f 11312 11363 11313
f 11312 11362 11363
f 11313 11364 11314
f 11313 11363 11364
f 11314 11365 11315
f 11314 11364 11365
f 11315 11366 11316
f 11315 11365 11366
f 11316 11367 11317
f 11316 11366 11367
f 11317 11368 11318
f 11317 11367 11368
f 11318 11369 11319
f 11318 11368 11369
f 11319 11370 11320
f 11319 11369 11370
f 11320 11371 11321
f 11320 11370 11371
f 11321 11372 11322
f 11321 11371 11372
f 11322 11373 11323
f 11322 11372 11373
f 11323 11374 11324
f 11323 11373 11374
f 11324 11375 11325
f 11324 11374 11375
f 11325 11326 11276
f 11325 11375 11326
f 11326 11377 11327
f 11326 11376 11377
f 11327 11378 11328
f 11327 11377 11378
f 11328 11379 11329
f 11328 11378 11379
f 11329 11380 11330
f 11329 11379 11380
f 11330 11381 11331
f 11330 11380 11381
f 11331 11382 11332
f 11331 11381 11382
f 11332 11383 11333
f 11332 11382 11383
f 11333 11384 11334
f 11333 11383 11384
f 11334 11385 11335
f 11334 11384 11385
f 11335 11386 11336
f 11335 11385 11386
f 11336 11387 11337
f 11336 11386 11387
f 11337 11388 11338
f 11337 11387 11388
f 11338 11389 11339
f 11338 11388 11389
f 11339 11390 11340
f 11339 11389 11390
f 11340 11391 11341
f 11340 11390 11391
f 11341 11392 11342
f 11341 11391 11392
f 11342 11393 11343
f 11342 11392 11393
f 11343 11394 11344
f 11343 11393 11394
f 11344 11395 11345
f 11344 11394 11395
f 11345 11396 11346
f 11345 11395 11396
f 11346 11397 11347
f 11346 11396 11397
f 11347 11398 11348
f 11347 11397 11398
f 11348 11399 11349
f 11348 11398 11399
f 11349 11400 11350
f 11349 11399 11400
f 11350 11401 11351
f 11350 11400 11401
f 11351 11402 11352
f 11351 11401 11402
f 11352 11403 11353
f 11352 11402 11403
f 11353 11404 11354
f 11353 11403 11404
f 11354 11405 11355
f 11354 11404 11405
f 11355 11406 11356
f 11355 11405 11406
f 11356 11407 11357
f 11356 11406 11407
f 11357 11408 11358
f 11357 11407 11408
f 11358 11409 11359
f 11358 11408 11409
f 11359 11410 11360
f 11359 11409 11410
f 11360 11411 11361
f 11360 11410 11411
f 11361 11412 11362
f 11361 11411 11412
f 11362 11413 11363
f 11362 11412 11413
f 11363 11414 11364
f 11363 11413 11414
f 11364 11415 11365
f 11364 11414 11415
f 11365 11416 11366
f 11365 11415 11416
f 11366 11417 11367
f 11366 11416 11417
f 11367 11418 11368
f 11367 11417 11418
f 11368 11419 11369
f 11368 11418 11419
f 11369 11420 11370
f 11369 11419 11420
f 11370 11421 11371
f 11370 11420 11421
f 11371 11422 11372
f 11371 11421 11422
f 11372 11423 11373
f 11372 11422 11423
f 11373 11424 11374
f 11373 11423 11424
f 11374 11425 11375
f 11374 11424 11425
f 11375 11376 11326
f 11375 11425 11376
f 11376 11427 11377
f 11376 11426 11427
f 11377 11428 11378
f 11377 11427 11428
f 11378 11429 11379
f 11378 11428 11429
f 11379 11430 11380
f 11379 11429 11430
f 11380 11431 11381
f 11380 11430 11431
f 11381 11432 11382
f 11381 11431 11432
f 11382 11433 11383
f 11382 11432 11433
f 11383 11434 11384
f 11383 11433 11434
f 11384 11435 11385
f 11384 11434 11435
f 11385 11436 11386
f 11385 11435 11436
f 11386 11437 11387
f 11386 11436 11437
f 11387 11438 11388
f 11387 11437 11438
f 11388 11439 11389
f 11388 11438 11439
f 11389 11440 11390
f 11389 11439 11440
f 11390 11441 11391
f 11390 11440 11441
f 11391 11442 11392
f 11391 11441 11442
f 11392 11443 11393
f 11392 11442 11443
f 11393 11444 11394
f 11393 11443 11444
f 11394 11445 11395
f 11394 11444 11445
f 11395 11446 11396
f 11395 11445 11446
f 11396 11447 11397
f 11396 11446 11447
f 11397 11448 11398
f 11397 11447 11448
f 11398 11449 11399
f 11398 11448 11449
f 11399 11450 11400
f 11399 11449 11450
f 11400 11451 11401
f 11400 11450 11451
f 11401 11452 11402
f 11401 11451 11452
f 11402 11453 11403
f 11402 11452 11453
f 11403 11454 11404
f 11403 11453 11454
f 11404 11455 11405
f 11404 11454 11455
f 11405 11456 11406
f 11405 11455 11456
f 11406 11457 11407
f 11406 11456 11457
f 11407 11458 11408
f 11407 11457 11458
f 11408 11459 11409
f 11408 11458 11459
f 11409 11460 11410
f 11409 11459 11460
f 11410 11461 11411
f 11410 11460 11461
f 11411 11462 11412
f 11411 11461 11462
f 11412 11463 11413
f 11412 11462 11463
f 11413 11464 11414
f 11413 11463 11464
f 11414 11465 11415
f 11414 11464 11465
f 11415 11466 11416
f 11415 11465 11466
f 11416 11467 11417
f 11416 11466 11467
f 11417 11468 11418
f 11417 11467 11468
f 11418 11469 11419
f 11418 11468 11469
f 11419 11470 11420
f 11419 11469 11470
f 11420 11471 11421
f 11420 11470 11471
f 11421 11472 11422
f 11421 11471 11472
f 11422 11473 11423
f 11422 11472 11473
f 11423 11474 11424
f 11423 11473 11474
f 11424 11475 11425
f 11424 11474 11475
f 11425 11426 11376
f 11425 11475 11426
f 11426 11477 11427
f 11426 11476 11477
f 11427 11478 11428
f 11427 11477 11478
f 11428 11479 11429
f 11428 11478 11479
f 11429 11480 11430
f 11429 11479 11480
f 11430 11481 11431
f 11430 11480 11481
f 11431 11482 11432
f 11431 11481 11482
f 11432 11483 11433
f 11432 11482 11483
f 11433 11484 11434
f 11433 11483 11484
f 11434 11485 11435
f 11434 11484 11485
f 11435 11486 11436
f 11435 11485 11486
f 11436 11487 11437
f 11436 11486 11487
f 11437 11488 11438
f 11437 11487 11488
f 11438 11489 11439
f 11438 11488 11489
f 11439 11490 11440
f 11439 11489 11490
f 11440 11491 11441
f 11440 11490 11491
f 11441 11492 11442
f 11441 11491 11492
f 11442 11493 11443
f 11442 11492 11493
f 11443 11494 11444
f 11443 11493 11494
f 11444 11495 11445
f 11444 11494 11495
f 11445 11496 11446
f 11445 11495 11496
f 11446 11497 11447
f 11446 11496 11497
f 11447 11498 11448
f 11447 11497 11498
f 11448 11499 11449
f 11448 11498 11499
f 11449 11500 11450
f 11449 11499 11500
f 11450 11501 11451
f 11450 11500 11501
f 11451 11502 11452
f 11451 11501 11502
f 11452 11503 11453
f 11452 11502 11503
f 11453 11504 11454
f 11453 11503 11504
f 11454 11505 11455
f 11454 11504 11505
f 11455 11506 11456
f 11455 11505 11506
f 11456 11507 11457
f 11456 11506 11507
f 11457 11508 11458
f 11457 11507 11508
f 11458 11509 11459
f 11458 11508 11509
f 11459 11510 11460
f 11459 11509 11510
f 11460 11511 11461
f 11460 11510 11511
f 11461 11512 11462
f 11461 11511 11512
f 11462 11513 11463
f 11462 11512 11513
f 11463 11514 11464
f 11463 11513 11514
f 11464 11515 11465
f 11464 11514 11515
f 11465 11516 11466
f 11465 11515 11516
f 11466 11517 11467
f 11466 11516 11517
f 11467 11518 11468
f 11467 11517 11518
f 11468 11519 11469
f 11468 11518 11519
f 11469 11520 11470
f 11469 11519 11520
f 11470 11521 11471
f 11470 11520 11521
f 11471 11522 11472
f 11471 11521 11522
f 11472 11523 11473
f 11472 11522 11523
f 11473 11524 11474
f 11473 11523 11524
f 11474 11525 11475
f 11474 11524 11525
f 11475 11476 11426
f 11475 11525 11476
f 11476 11527 11477
f 11476 11526 11527
f 11477 11528 11478
f 11477 11527 11528
f 11478 11529 11479
f 11478 11528 11529
f 11479 11530 11480
f 11479 11529 11530
f 11480 11531 11481
f 11480 11530 11531
f 11481 11532 11482
f 11481 11531 11532
f 11482 11533 11483
f 11482 11532 11533
f 11483 11534 11484
f 11483 11533 11534
f 11484 11535 11485
f 11484 11534 11535
f 11485 11536 11486
f 11485 11535 11536
f 11486 11537 11487
f 11486 11536 11537
f 11487 11538 11488
f 11487 11537 11538
f 11488 11539 11489
f 11488 11538 11539
f 11489 11540 11490
f 11489 11539 11540
f 11490 11541 11491
f 11490 11540 11541
f 11491 11542 11492
f 11491 11541 11542
f 11492 11543 11493
f 11492 11542 11543
f 11493 11544 11494
f 11493 11543 11544
f 11494 11545 11495
f 11494 11544 11545
f 11495 11546 11496
f 11495 11545 11546
f 11496 11547 11497
f 11496 11546 11547
f 11497 11548 11498
f 11497 11547 11548
f 11498 11549 11499
f 11498 11548 11549
f 11499 11550 11500
f 11499 11549 11550
f 11500 11551 11501
f 11500 11550 11551
f 11501 11552 11502
f 11501 11551 11552
f 11502 11553 11503
f 11502 11552 11553
f 11503 11554 11504
f 11503 11553 11554
f 11504 11555 11505
f 11504 11554 11555
f 11505 11556 11506
f 11505 11555 11556
f 11506 11557 11507
f 11506 11556 11557
f 11507 11558 11508
f 11507 11557 11558
f 11508 11559 11509
f 11508 11558 11559
f 11509 11560 11510
f 11509 11559 11560
f 11510 11561 11511
f 11510 11560 11561
f 11511 11562 11512
f 11511 11561 11562
f 11512 11563 11513
f 11512 11562 11563
f 11513 11564 11514
f 11513 11563 11564
f 11514 11565 11515
f 11514 11564 11565
f 11515 11566 11516
f 11515 11565 11566
f 11516 11567 11517
f 11516 11566 11567
f 11517 11568 11518
f 11517 11567 11568
f 11518 11569 11519
f 11518 11568 11569
f 11519 11570 11520
f 11519 11569 11570
f 11520 11571 11521
f 11520 11570 11571
f 11521 11572 11522
f 11521 11571 11572
f 11522 11573 11523
f 11522 11572 11573
f 11523 11574 11524
f 11523 11573 11574
f 11524 11575 11525
f 11524 11574 11575
f 11525 11526 11476
f 11525 11575 11526
f 11526 11577 11527
f 11526 11576 11577
f 11527 11578 11528
f 11527 11577 11578
f 11528 11579 11529
f 11528 11578 11579
f 11529 11580 11530
f 11529 11579 11580
f 11530 11581 11531
f 11530 11580 11581
f 11531 11582 11532
f 11531 11581 11582
f 11532 11583 11533
f 11532 11582 11583
f 11533 11584 11534
f 11533 11583 11584
f 11534 11585 11535
f 11534 11584 11585
f 11535 11586 11536
f 11535 11585 11586
f 11536 11587 11537
f 11536 11586 11587
f 11537 11588 11538
f 11537 11587 11588
f 11538 11589 11539
f 11538 11588 11589
f 11539 11590 11540
f 11539 11589 11590
f 11540 11591 11541
f 11540 11590 11591
f 11541 11592 11542
f 11541 11591 11592
f 11542 11593 11543
f 11542 11592 11593
f 11543 11594 11544
f 11543 11593 11594
f 11544 11595 11545
f 11544 11594 11595
f 11545 11596 11546
f 11545 11595 11596
f 11546 11597 11547
f 11546 11596 11597
f 11547 11598 11548
f 11547 11597 11598
f 11548 11599 11549
f 11548 11598 11599
f 11549 11600 11550
f 11549 11599 11600
f 11550 11601 11551
f 11550 11600 11601
f 11551 11602 11552
f 11551 11601 11602
f 11552 11603 11553
f 11552 11602 11603
f 11553 11604 11554
f 11553 11603 11604
f 11554 11605 11555
f 11554 11604 11605
f 11555 11606 11556
f 11555 11605 11606
f 11556 11607 11557
f 11556 11606 11607
f 11557 11608 11558
f 11557 11607 11608
f 11558 11609 11559
f 11558 11608 11609
f 11559 11610 11560
f 11559 11609 11610
f 11560 11611 11561
f 11560 11610 11611
f 11561 11612 11562
f 11561 11611 11612
f 11562 11613 11563
f 11562 11612 11613
f 11563 11614 11564
f 11563 11613 11614
f 11564 11615 11565
f 11564 11614 11615
f 11565 11616 11566
f 11565 11615 11616
f 11566 11617 11567
f 11566 11616 11617
f 11567 11618 11568
f 11567 11617 11618
f 11568 11619 11569
f 11568 11618 11619
f 11569 11620 11570
f 11569 11619 11620
f 11570 11621 11571
f 11570 11620 11621
f 11571 11622 11572
f 11571 11621 11622
f 11572 11623 11573
f 11572 11622 11623
f 11573 11624 11574
f 11573 11623 11624
f 11574 11625 11575
f 11574 11624 11625
f 11575 11576 11526
f 11575 11625 11576
f 11576 11627 11577
f 11576 11626 11627
f 11577 11628 11578
f 11577 11627 11628
f 11578 11629 11579
f 11578 11628 11629
f 11579 11630 11580
f 11579 11629 11630
f 11580 11631 11581
f 11580 11630 11631
f 11581 11632 11582
f 11581 11631 11632
f 11582 11633 11583
f 11582 11632 11633
f 11583 11634 11584
f 11583 11633 11634
f 11584 11635 11585
f 11584 11634 11635
f 11585 11636 11586
f 11585 11635 11636
f 11586 11637 11587
f 11586 11636 11637
f 11587 11638 11588
f 11587 11637 11638
f 11588 11639 11589
f 11588 11638 11639
f 11589 11640 11590
f 11589 11639 11640
f 11590 11641 11591
f 11590 11640 11641
f 11591 11642 11592
f 11591 11641 11642
f 11592 11643 11593
f 11592 11642 11643
f 11593 11644 11594
f 11593 11643 11644
f 11594 11645 11595
f 11594 11644 11645
f 11595 11646 11596
f 11595 11645 11646
f 11596 11647 11597
f 11596 11646 11647
f 11597 11648 11598
f 11597 11647 11648
f 11598 11649 11599
f 11598 11648 11649
f 11599 11650 11600
f 11599 11649 11650
f 11600 11651 11601
f 11600 11650 11651
f 11601 11652 11602
f 11601 11651 11652
f 11602 11653 11603
f 11602 11652 11653
f 11603 11654 11604
f 11603 11653 11654
f 11604 11655 11605
f 11604 11654 11655
f 11605 11656 11606
f 11605 11655 11656
f 11606 11657 11607
f 11606 11656 11657
f 11607 11658 11608
f 11607 11657 11658
f 11608 11659 11609
f 11608 11658 11659
f 11609 11660 11610
f 11609 11659 11660
f 11610 11661 11611
f 11610 11660 11661
f 11611 11662 11612
f 11611 11661 11662
f 11612 11663 11613
f 11612 11662 11663
f 11613 11664 11614
f 11613 11663 11664
f 11614 11665 11615
f 11614 11664 11665
f 11615 11666 11616
f 11615 11665 11666
f 11616 11667 11617
f 11616 11666 11667
f 11617 11668 11618
f 11617 11667 11668
f 11618 11669 11619
f 11618 11668 11669
f 11619 11670 11620
f 11619 11669 11670
f 11620 11671 11621
f 11620 11670 11671
f 11621 11672 11622
f 11621 11671 11672
f 11622 11673 11623
f 11622 11672 11673
f 11623 11674 11624
f 11623 11673 11674
f 11624 11675 11625
f 11624 11674 11675
f 11625 11626 11576
f 11625 11675 11626
f 11626 11677 11627
f 11626 11676 11677
f 11627 11678 11628
f 11627 11677 11678
f 11628 11679 11629
f 11628 11678 11679
f 11629 11680 11630
f 11629 11679 11680
f 11630 11681 11631
f 11630 11680 11681
f 11631 11682 11632
f 11631 11681 11682
f 11632 11683 11633
f 11632 11682 11683
f 11633 11684 11634
f 11633 11683 11684
f 11634 11685 11635
f 11634 11684 11685
f 11635 11686 11636
f 11635 11685 11686
f 11636 11687 11637
f 11636 11686 11687
f 11637 11688 11638
f 11637 11687 11688
f 11638 11689 11639
f 11638 11688 11689
f 11639 11690 11640
f 11639 11689 11690
f 11640 11691 11641
f 11640 11690 11691
f 11641 11692 11642
f 11641 11691 11692
f 11642 11693 11643
f 11642 11692 11693
f 11643 11694 11644
f 11643 11693 11694
f 11644 11695 11645
f 11644 11694 11695
f 11645 11696 11646
f 11645 11695 11696
f 11646 11697 11647
f 11646 11696 11697
f 11647 11698 11648
f 11647 11697 11698
f 11648 11699 11649
f 11648 11698 11699
f 11649 11700 11650
f 11649 11699 11700
f 11650 11701 11651
f 11650 11700 11701
f 11651 11702 11652
f 11651 11701 11702
f 11652 11703 11653
f 11652 11702 11703
f 11653 11704 11654
f 11653 11703 11704
f 11654 11705 11655
f 11654 11704 11705
f 11655 11706 11656
f 11655 11705 11706
f 11656 11707 11657
f 11656 11706 11707
f 11657 11708 11658
f 11657 11707 11708
f 11658 11709 11659
f 11658 11708 11709
f 11659 11710 11660
f 11659 11709 11710
f 11660 11711 11661
f 11660 11710 11711
f 11661 11712 11662
f 11661 11711 11712
f 11662 11713 11663
f 11662 11712 11713
f 11663 11714 11664
f 11663 11713 11714
f 11664 11715 11665
f 11664 11714 11715
f 11665 11716 11666
f 11665 11715 11716
f 11666 11717 11667
f 11666 11716 11717
f 11667 11718 11668
f 11667 11717 11718
f 11668 11719 11669
f 11668 11718 11719
f 11669 11720 11670
f 11669 11719 11720
f 11670 11721 11671
f 11670 11720 11721
f 11671 11722 11672
f 11671 11721 11722
f 11672 11723 11673
f 11672 11722 11723
f 11673 11724 11674
f 11673 11723 11724
f 11674 11725 11675
f 11674 11724 11725
f 11675 11676 11626
f 11675 11725 11676
f 11676 11727 11677
f 11676 11726 11727
f 11677 11728 11678
f 11677 11727 11728
f 11678 11729 11679
f 11678 11728 11729
f 11679 11730 11680
f 11679 11729 11730
f 11680 11731 11681
f 11680 11730 11731
f 11681 11732 11682
f 11681 11731 11732
f 11682 11733 11683
f 11682 11732 11733
f 11683 11734 11684
f 11683 11733 11734
f 11684 11735 11685
f 11684 11734 11735
f 11685 11736 11686
f 11685 11735 11736
f 11686 11737 11687
f 11686 11736 11737
f 11687 11738 11688
f 11687 11737 11738
f 11688 11739 11689
f 11688 11738 11739
f 11689 11740 11690
f 11689 11739 11740
f 11690 11741 11691
f 11690 11740 11741
f 11691 11742 11692
f 11691 11741 11742
f 11692 11743 11693
f 11692 11742 11743
f 11693 11744 11694
f 11693 11743 11744
f 11694 11745 11695
f 11694 11744 11745
f 11695 11746 11696
f 11695 11745 11746
f 11696 11747 11697
f 11696 11746 11747
f 11697 11748 11698
f 11697 11747 11748
f 11698 11749 11699
f 11698 11748 11749
f 11699 11750 11700
f 11699 11749 11750
f 11700 11751 11701
f 11700 11750 11751
f 11701 11752 11702
f 11701 11751 11752
f 11702 11753 11703
f 11702 11752 11753
f 11703 11754 11704
f 11703 11753 11754
f 11704 11755 11705
f 11704 11754 11755
f 11705 11756 11706
f 11705 11755 11756
f 11706 11757 11707
f 11706 11756 11757
f 11707 11758 11708
f 11707 11757 11758
f 11708 11759 11709
f 11708 11758 11759
f 11709 11760 11710
f 11709 11759 11760
f 11710 11761 11711
f 11710 11760 11761
f 11711 11762 11712
f 11711 11761 11762
f 11712 11763 11713
f 11712 11762 11763
f 11713 11764 11714
f 11713 11763 11764
f 11714 11765 11715
f 11714 11764 11765
f 11715 11766 11716
f 11715 11765 11766
f 11716 11767 11717
f 11716 11766 11767
f 11717 11768 11718
f 11717 11767 11768
f 11718 11769 11719
f 11718 11768 11769
f 11719 11770 11720
f 11719 11769 11770
f 11720 11771 11721
f 11720 11770 11771
f 11721 11772 11722
f 11721 11771 11772
f 11722 11773 11723
f 11722 11772 11773
f 11723 11774 11724
f 11723 11773 11774
f 11724 11775 11725
f 11724 11774 11775
f 11725 11726 11676
f 11725 11775 11726
f 11726 11777 11727
f 11726 11776 11777
f 11727 11778 11728
f 11727 11777 11778
f 11728 11779 11729
f 11728 11778 11779
f 11729 11780 11730
f 11729 11779 11780
f 11730 11781 11731
f 11730 11780 11781
f 11731 11782 11732
f 11731 11781 11782
f 11732 11783 11733
f 11732 11782 11783
f 11733 11784 11734
f 11733 11783 11784
f 11734 11785 11735
f 11734 11784 11785
f 11735 11786 11736
f 11735 11785 11786
f 11736 11787 11737
f 11736 11786 11787
f 11737 11788 11738
f 11737 11787 11788
f 11738 11789 11739
f 11738 11788 11789
f 11739 11790 11740
f 11739 11789 11790
f 11740 11791 11741
f 11740 11790 11791
f 11741 11792 11742
f 11741 11791 11792
f 11742 11793 11743
f 11742 11792 11793
f 11743 11794 11744
f 11743 11793 11794
f 11744 11795 11745
f 11744 11794 11795
f 11745 11796 11746
f 11745 11795 11796
f 11746 11797 11747
f 11746 11796 11797
f 11747 11798 11748
f 11747 11797 11798
f 11748 11799 11749
f 11748 11798 11799
f 11749 11800 11750
f 11749 11799 11800
f 11750 11801 11751
f 11750 11800 11801
f 11751 11802 11752
f 11751 11801 11802
f 11752 11803 11753
f 11752 11802 11803
f 11753 11804 11754
f 11753 11803 11804
f 11754 11805 11755
f 11754 11804 11805
f 11755 11806 11756
f 11755 11805 11806
f 11756 11807 11757
f 11756 11806 11807
f 11757 11808 11758
f 11757 11807 11808
f 11758 11809 11759
f 11758 11808 11809
f 11759 11810 11760
f 11759 11809 11810
f 11760 11811 11761
f 11760 11810 11811
f 11761 11812 11762
f 11761 11811 11812
f 11762 11813 11763
f 11762 11812 11813
f 11763 11814 11764
f 11763 11813 11814
f 11764 11815 11765
f 11764 11814 11815
f 11765 11816 11766
f 11765 11815 11816
f 11766 11817 11767
f 11766 11816 11817
f 11767 11818 11768
f 11767 11817 11818
f 11768 11819 11769
f 11768 11818 11819
f 11769 11820 11770
f 11769 11819 11820
f 11770 11821 11771
f 11770 11820 11821
f 11771 11822 11772
f 11771 11821 11822
f 11772 11823 11773
f 11772 11822 11823
f 11773 11824 11774
f 11773 11823 11824
f 11774 11825 11775
f 11774 11824 11825
f 11775 11776 11726
f 11775 11825 11776
f 11776 11827 11777
f 11776 11826 11827
f 11777 11828 11778
f 11777 11827 11828
f 11778 11829 11779
f 11778 11828 11829
f 11779 11830 11780
f 11779 11829 11830
f 11780 11831 11781
f 11780 11830 11831
f 11781 11832 11782
f 11781 11831 11832
f 11782 11833 11783
f 11782 11832 11833
f 11783 11834 11784
f 11783 11833 11834
f 11784 11835 11785
f 11784 11834 11835
f 11785 11836 11786
f 11785 11835 11836
f 11786 11837 11787
f 11786 11836 11837
f 11787 11838 11788
f 11787 11837 11838
f 11788 11839 11789
f 11788 11838 11839
f 11789 11840 11790
f 11789 11839 11840
f 11790 11841 11791
f 11790 11840 11841
f 11791 11842 11792
f 11791 11841 11842
f 11792 11843 11793
f 11792 11842 11843
f 11793 11844 11794
f 11793 11843 11844
f 11794 11845 11795
f 11794 11844 11845
f 11795 11846 11796
f 11795 11845 11846
f 11796 11847 11797
f 11796 11846 11847
f 11797 11848 11798
f 11797 11847 11848
f 11798 11849 11799
f 11798 11848 11849
f 11799 11850 11800
f 11799 11849 11850
f 11800 11851 11801
f 11800 11850 11851
f 11801 11852 11802
f 11801 11851 11852
f 11802 11853 11803
f 11802 11852 11853
f 11803 11854 11804
f 11803 11853 11854
f 11804 11855 11805
f 11804 11854 11855
f 11805 11856 11806
f 11805 11855 11856
f 11806 11857 11807
f 11806 11856 11857
f 11807 11858 11808
f 11807 11857 11858
f 11808 11859 11809
f 11808 11858 11859
f 11809 11860 11810
f 11809 11859 11860
f 11810 11861 11811
f 11810 11860 11861
f 11811 11862 11812
f 11811 11861 11862
f 11812 11863 11813
f 11812 11862 11863
f 11813 11864 11814
f 11813 11863 11864
f 11814 11865 11815
f 11814 11864 11865
f 11815 11866 11816
f 11815 11865 11866
f 11816 11867 11817
f 11816 11866 11867
f 11817 11868 11818
f 11817 11867 11868
f 11818 11869 11819
f 11818 11868 11869
f 11819 11870 11820
f 11819 11869 11870
f 11820 11871 11821
f 11820 11870 11871
f 11821 11872 11822
f 11821 11871 11872
f 11822 11873 11823
f 11822 11872 11873
f 11823 11874 11824
f 11823 11873 11874
f 11824 11875 11825
f 11824 11874 11875
f 11825 11826 11776
f 11825 11875 11826
f 11826 11877 11827
f 11826 11876 11877
f 11827 11878 11828
f 11827 11877 11878
f 11828 11879 11829
f 11828 11878 11879
f 11829 11880 11830
f 11829 11879 11880
f 11830 11881 11831
f 11830 11880 11881
f 11831 11882 11832
f 11831 11881 11882
f 11832 11883 11833
f 11832 11882 11883
f 11833 11884 11834
f 11833 11883 11884
f 11834 11885 11835
f 11834 11884 11885
f 11835 11886 11836
f 11835 11885 11886
f 11836 11887 11837
f 11836 11886 11887
f 11837 11888 11838
f 11837 11887 11888
f 11838 11889 11839
f 11838 11888 11889
f 11839 11890 11840
f 11839 11889 11890
f 11840 11891 11841
f 11840 11890 11891
f 11841 11892 11842
f 11841 11891 11892
f 11842 11893 11843
f 11842 11892 11893
f 11843 11894 11844
f 11843 11893 11894
f 11844 11895 11845
f 11844 11894 11895
f 11845 11896 11846
f 11845 11895 11896
f 11846 11897 11847
f 11846 11896 11897
f 11847 11898 11848
f 11847 11897 11898
f 11848 11899 11849
f 11848 11898 11899
f 11849 11900 11850
f 11849 11899 11900
f 11850 11901 11851
f 11850 11900 11901
f 11851 11902 11852
f 11851 11901 11902
f 11852 11903 11853
f 11852 11902 11903
f 11853 11904 11854
f 11853 11903 11904
f 11854 11905 11855
f 11854 11904 11905
f 11855 11906 11856
f 11855 11905 11906
f 11856 11907 11857
f 11856 11906 11907
f 11857 11908 11858
f 11857 11907 11908
f 11858 11909 11859
f 11858 11908 11909
f 11859 11910 11860
f 11859 11909 11910
f 11860 11911 11861
f 11860 11910 11911
f 11861 11912 11862
f 11861 11911 11912
f 11862 11913 11863
f 11862 11912 11913
f 11863 11914 11864
f 11863 11913 11914
f 11864 11915 11865
f 11864 11914 11915
f 11865 11916 11866
f 11865 11915 11916
f 11866 11917 11867
f 11866 11916 11917
f 11867 11918 11868
f 11867 11917 11918
f 11868 11919 11869
f 11868 11918 11919
f 11869 11920 11870
f 11869 11919 11920
f 11870 11921 11871
f 11870 11920 11921
f 11871 11922 11872
f 11871 11921 11922
f 11872 11923 11873
f 11872 11922 11923
f 11873 11924 11874
f 11873 11923 11924
f 11874 11925 11875
f 11874 11924 11925
f 11875 11876 11826
f 11875 11925 11876
f 11876 11927 11877
f 11876 11926 11927
f 11877 11928 11878
f 11877 11927 11928
f 11878 11929 11879
f 11878 11928 11929
f 11879 11930 11880
f 11879 11929 11930
f 11880 11931 11881
f 11880 11930 11931
f 11881 11932 11882
f 11881 11931 11932
f 11882 11933 11883
f 11882 11932 11933
f 11883 11934 11884
f 11883 11933 11934
f 11884 11935 11885
f 11884 11934 11935
f 11885 11936 11886
f 11885 11935 11936
f 11886 11937 11887
f 11886 11936 11937
f 11887 11938 11888
f 11887 11937 11938
f 11888 11939 11889
f 11888 11938 11939
f 11889 11940 11890
f 11889 11939 11940
f 11890 11941 11891
f 11890 11940 11941
f 11891 11942 11892
f 11891 11941 11942
f 11892 11943 11893
f 11892 11942 11943
f 11893 11944 11894
f 11893 11943 11944
f 11894 11945 11895
f 11894 11944 11945
f 11895 11946 11896
f 11895 11945 11946
f 11896 11947 11897
f 11896 11946 11947
f 11897 11948 11898
f 11897 11947 11948
f 11898 11949 11899
f 11898 11948 11949
f 11899 11950 11900
f 11899 11949 11950
f 11900 11951 11901
f 11900 11950 11951
f 11901 11952 11902
f 11901 11951 11952
f 11902 11953 11903
f 11902 11952 11953
f 11903 11954 11904
f 11903 11953 11954
f 11904 11955 11905
f 11904 11954 11955
f 11905 11956 11906
f 11905 11955 11956
f 11906 11957 11907
f 11906 11956 11957
f 11907 11958 11908
f 11907 11957 11958
f 11908 11959 11909
f 11908 11958 11959
f 11909 11960 11910
f 11909 11959 11960
f 11910 11961 11911
f 11910 11960 11961
f 11911 11962 11912
f 11911 11961 11962
f 11912 11963 11913
f 11912 11962 11963
f 11913 11964 11914
f 11913 11963 11964
f 11914 11965 11915
f 11914 11964 11965
f 11915 11966 11916
f 11915 11965 11966
f 11916 11967 11917
f 11916 11966 11967
f 11917 11968 11918
f 11917 11967 11968
f 11918 11969 11919
f 11918 11968 11969
f 11919 11970 11920
f 11919 11969 11970
f 11920 11971 11921
f 11920 11970 11971
f 11921 11972 11922
f 11921 11971 11972
f 11922 11973 11923
f 11922 11972 11973
f 11923 11974 11924
f 11923 11973 11974
f 11924 11975 11925
f 11924 11974 11975
f 11925 11926 11876
f 11925 11975 11926
f 11926 11977 11927
f 11926 11976 11977
f 11927 11978 11928
f 11927 11977 11978
f 11928 11979 11929
f 11928 11978 11979
f 11929 11980 11930
f 11929 11979 11980
f 11930 11981 11931
f 11930 11980 11981
f 11931 11982 11932
f 11931 11981 11982
f 11932 11983 11933
f 11932 11982 11983
f 11933 11984 11934
f 11933 11983 11984
f 11934 11985 11935
f 11934 11984 11985
f 11935 11986 11936
f 11935 11985 11986
f 11936 11987 11937
f 11936 11986 11987
f 11937 11988 11938
f 11937 11987 11988
f 11938 11989 11939
f 11938 11988 11989
f 11939 11990 11940
f 11939 11989 11990
f 11940 11991 11941
f 11940 11990 11991
f 11941 11992 11942
f 11941 11991 11992
f 11942 11993 11943
f 11942 11992 11993
f 11943 11994 11944
f 11943 11993 11994
f 11944 11995 11945
f 11944 11994 11995
f 11945 11996 11946
f 11945 11995 11996
f 11946 11997 11947
f 11946 11996 11997
f 11947 11998 11948
f 11947 11997 11998
f 11948 11999 11949
f 11948 11998 11999
f 11949 12000 11950
f 11949 11999 12000
f 11950 12001 11951
f 11950 12000 12001
f 11951 12002 11952
f 11951 12001 12002
f 11952 12003 11953
f 11952 12002 12003
f 11953 12004 11954
f 11953 12003 12004
f 11954 12005 11955
f 11954 12004 12005
f 11955 12006 11956
f 11955 12005 12006
f 11956 12007 11957
f 11956 12006 12007
f 11957 12008 11958
f 11957 12007 12008
f 11958 12009 11959
f 11958 12008 12009
f 11959 12010 11960
f 11959 12009 12010
f 11960 12011 11961
f 11960 12010 12011
f 11961 12012 11962
f 11961 12011 12012
f 11962 12013 11963
f 11962 12012 12013
f 11963 12014 11964
f 11963 12013 12014
f 11964 12015 11965
f 11964 12014 12015
f 11965 12016 11966
f 11965 12015 12016
f 11966 12017 11967
f 11966 12016 12017
f 11967 12018 11968
f 11967 12017 12018
f 11968 12019 11969
f 11968 12018 12019
f 11969 12020 11970
f 11969 12019 12020
f 11970 12021 11971
f 11970 12020 12021
f 11971 12022 11972
f 11971 12021 12022
f 11972 12023 11973
f 11972 12022 12023
f 11973 12024 11974
f 11973 12023 12024
f 11974 12025 11975
f 11974 12024 12025
f 11975 11976 11926
f 11975 12025 11976
f 11976 12027 11977
f 11976 12026 12027
f 11977 12028 11978
f 11977 12027 12028
f 11978 12029 11979
f 11978 12028 12029
f 11979 12030 11980
f 11979 12029 12030
f 11980 12031 11981
f 11980 12030 12031
f 11981 12032 11982
f 11981 12031 12032
f 11982 12033 11983
f 11982 12032 12033
f 11983 12034 11984
f 11983 12033 12034
f 11984 12035 11985
f 11984 12034 12035
f 11985 12036 11986
f 11985 12035 12036
f 11986 12037 11987
f 11986 12036 12037
f 11987 12038 11988
f 11987 12037 12038
f 11988 12039 11989
f 11988 12038 12039
f 11989 12040 11990
f 11989 12039 12040
f 11990 12041 11991
f 11990 12040 12041
f 11991 12042 11992
f 11991 12041 12042
f 11992 12043 11993
f 11992 12042 12043
f 11993 12044 11994
f 11993 12043 12044
f 11994 12045 11995
f 11994 12044 12045
f 11995 12046 11996
f 11995 12045 12046
f 11996 12047 11997
f 11996 12046 12047
f 11997 12048 11998
f 11997 12047 12048
f 11998 12049 11999
f 11998 12048 12049
f 11999 12050 12000
f 11999 12049 12050
f 12000 12051 12001
f 12000 12050 12051
f 12001 12052 12002
f 12001 12051 12052
f 12002 12053 12003
f 12002 12052 12053
f 12003 12054 12004
f 12003 12053 12054
f 12004 12055 12005
f 12004 12054 12055
f 12005 12056 12006
f 12005 12055 12056
f 12006 12057 12007
f 12006 12056 12057
f 12007 12058 12008
f 12007 12057 12058
f 12008 12059 12009
f 12008 12058 12059
f 12009 12060 12010
f 12009 12059 12060
f 12010 12061 12011
f 12010 12060 12061
f 12011 12062 12012
f 12011 12061 12062
f 12012 12063 12013
f 12012 12062 12063
f 12013 12064 12014
f 12013 12063 12064
f 12014 12065 12015
f 12014 12064 12065
f 12015 12066 12016
f 12015 12065 12066
f 12016 12067 12017
f 12016 12066 12067
f 12017 12068 12018
f 12017 12067 12068
f 12018 12069 12019
f 12018 12068 12069
f 12019 12070 12020
f 12019 12069 12070
f 12020 12071 12021
f 12020 12070 12071
f 12021 12072 12022
f 12021 12071 12072
f 12022 12073 12023
f 12022 12072 12073
f 12023 12074 12024
f 12023 12073 12074
f 12024 12075 12025
f 12024 12074 12075
f 12025 12026 11976
f 12025 12075 12026
f 12026 12077 12027
f 12026 12076 12077
f 12027 12078 12028
f 12027 12077 12078
f 12028 12079 12029
f 12028 12078 12079
f 12029 12080 12030
f 12029 12079 12080
f 12030 12081 12031
f 12030 12080 12081
f 12031 12082 12032
f 12031 12081 12082
f 12032 12083 12033
f 12032 12082 12083
f 12033 12084 12034
f 12033 12083 12084
f 12034 12085 12035
f 12034 12084 12085
f 12035 12086 12036
f 12035 12085 12086
f 12036 12087 12037
f 12036 12086 12087
f 12037 12088 12038
f 12037 12087 12088
f 12038 12089 12039
f 12038 12088 12089
f 12039 12090 12040
f 12039 12089 12090
f 12040 12091 12041
f 12040 12090 12091
f 12041 12092 12042
f 12041 12091 12092
f 12042 12093 12043
f 12042 12092 12093
f 12043 12094 12044
f 12043 12093 12094
f 12044 12095 12045
f 12044 12094 12095
f 12045 12096 12046
f 12045 12095 12096
f 12046 12097 12047
f 12046 12096 12097
f 12047 12098 12048
f 12047 12097 12098
f 12048 12099 12049
f 12048 12098 12099
f 12049 12100 12050
f 12049 12099 12100
f 12050 12101 12051
f 12050 12100 12101
f 12051 12102 12052
f 12051 12101 12102
f 12052 12103 12053
f 12052 12102 12103
f 12053 12104 12054
f 12053 12103 12104
f 12054 12105 12055
f 12054 12104 12105
f 12055 12106 12056
f 12055 12105 12106
f 12056 12107 12057
f 12056 12106 12107
f 12057 12108 12058
f 12057 12107 12108
f 12058 12109 12059
f 12058 12108 12109
f 12059 12110 12060
f 12059 12109 12110
f 12060 12111 12061
f 12060 12110 12111
f 12061 12112 12062
f 12061 12111 12112
f 12062 12113 12063
f 12062 12112 12113
f 12063 12114 12064
f 12063 12113 12114
f 12064 12115 12065
f 12064 12114 12115
f 12065 12116 12066
f 12065 12115 12116
f 12066 12117 12067
f 12066 12116 12117
f 12067 12118 12068
f 12067 12117 12118
f 12068 12119 12069
f 12068 12118 12119
f 12069 12120 12070
f 12069 12119 12120
f 12070 12121 12071
f 12070 12120 12121
f 12071 12122 12072
f 12071 12121 12122
f 12072 12123 12073
f 12072 12122 12123
f 12073 12124 12074
f 12073 12123 12124
f 12074 12125 12075
f 12074 12124 12125
f 12075 12076 12026
f 12075 12125 12076
f 12076 12127 12077
f 12076 12126 12127
f 12077 12128 12078
f 12077 12127 12128
f 12078 12129 12079
f 12078 12128 12129
f 12079 12130 12080
f 12079 12129 12130
f 12080 12131 12081
f 12080 12130 12131
f 12081 12132 12082
f 12081 12131 12132
f 12082 12133 12083
f 12082 12132 12133
f 12083 12134 12084
f 12083 12133 12134
f 12084 12135 12085
f 12084 12134 12135
f 12085 12136 12086
f 12085 12135 12136
f 12086 12137 12087
f 12086 12136 12137
f 12087 12138 12088
f 12087 12137 12138
f 12088 12139 12089
f 12088 12138 12139
f 12089 12140 12090
f 12089 12139 12140
f 12090 12141 12091
f 12090 12140 12141
f 12091 12142 12092
f 12091 12141 12142
f 12092 12143 12093
f 12092 12142 12143
f 12093 12144 12094
f 12093 12143 12144
f 12094 12145 12095
f 12094 12144 12145
f 12095 12146 12096
f 12095 12145 12146
f 12096 12147 12097
f 12096 12146 12147
f 12097 12148 12098
f 12097 12147 12148
f 12098 12149 12099
f 12098 12148 12149
f 12099 12150 12100
f 12099 12149 12150
f 12100 12151 12101
f 12100 12150 12151
f 12101 12152 12102
f 12101 12151 12152
f 12102 12153 12103
f 12102 12152 12153
f 12103 12154 12104
f 12103 12153 12154
f 12104 12155 12105
f 12104 12154 12155
f 12105 12156 12106
f 12105 12155 12156
f 12106 12157 12107
f 12106 12156 12157
f 12107 12158 12108
f 12107 12157 12158
f 12108 12159 12109
f 12108 12158 12159
f 12109 12160 12110
f 12109 12159 12160
f 12110 12161 12111
f 12110 12160 12161
f 12111 12162 12112
f 12111 12161 12162
f 12112 12163 12113
f 12112 12162 12163
f 12113 12164 12114
f 12113 12163 12164
f 12114 12165 12115
f 12114 12164 12165
f 12115 12166 12116
f 12115 12165 12166
f 12116 12167 12117
f 12116 12166 12167
f 12117 12168 12118
f 12117 12167 12168
f 12118 12169 12119
f 12118 12168 12169
f 12119 12170 12120
f 12119 12169 12170
f 12120 12171 12121
f 12120 12170 12171
f 12121 12172 12122
f 12121 12171 12172
f 12122 12173 12123
f 12122 12172 12173
f 12123 12174 12124
f 12123 12173 12174
f 12124 12175 12125
f 12124 12174 12175
f 12125 12126 12076
f 12125 12175 12126
f 12126 12177 12127
f 12126 12176 12177
f 12127 12178 12128
f 12127 12177 12178
f 12128 12179 12129
f 12128 12178 12179
f 12129 12180 12130
f 12129 12179 12180
f 12130 12181 12131
f 12130 12180 12181
f 12131 12182 12132
f 12131 12181 12182
f 12132 12183 12133
f 12132 12182 12183
f 12133 12184 12134
f 12133 12183 12184
f 12134 12185 12135
f 12134 12184 12185
f 12135 12186 12136
f 12135 12185 12186
f 12136 12187 12137
f 12136 12186 12187
f 12137 12188 12138
f 12137 12187 12188
f 12138 12189 12139
f 12138 12188 12189
f 12139 12190 12140
f 12139 12189 12190
f 12140 12191 12141
f 12140 12190 12191
f 12141 12192 12142
f 12141 12191 12192
f 12142 12193 12143
f 12142 12192 12193
f 12143 12194 12144
f 12143 12193 12194
f 12144 12195 12145
f 12144 12194 12195
f 12145 12196 12146
f 12145 12195 12196
f 12146 12197 12147
f 12146 12196 12197
f 12147 12198 12148
f 12147 12197 12198
f 12148 12199 12149
f 12148 12198 12199
f 12149 12200 12150
f 12149 12199 12200
f 12150 12201 12151
f 12150 12200 12201
f 12151 12202 12152
f 12151 12201 12202
f 12152 12203 12153
f 12152 12202 12203
f 12153 12204 12154
f 12153 12203 12204
f 12154 12205 12155
f 12154 12204 12205
f 12155 12206 12156
f 12155 12205 12206
f 12156 12207 12157
f 12156 12206 12207
f 12157 12208 12158
f 12157 12207 12208
f 12158 12209 12159
f 12158 12208 12209
f 12159 12210 12160
f 12159 12209 12210
f 12160 12211 12161
f 12160 12210 12211
f 12161 12212 12162
f 12161 12211 12212
f 12162 12213 12163
f 12162 12212 12213
f 12163 12214 12164
f 12163 12213 12214
f 12164 12215 12165
f 12164 12214 12215
f 12165 12216 12166
f 12165 12215 12216
f 12166 12217 12167
f 12166 12216 12217
f 12167 12218 12168
f 12167 12217 12218
f 12168 12219 12169
f 12168 12218 12219
f 12169 12220 12170
f 12169 12219 12220
f 12170 12221 12171
f 12170 12220 12221
f 12171 12222 12172
f 12171 12221 12222
f 12172 12223 12173
f 12172 12222 12223
f 12173 12224 12174
f 12173 12223 12224
f 12174 12225 12175
f 12174 12224 12225
f 12175 12176 12126
f 12175 12225 12176
f 12176 12227 12177
f 12176 12226 12227
f 12177 12228 12178
f 12177 12227 12228
f 12178 12229 12179
f 12178 12228 12229
f 12179 12230 12180
f 12179 12229 12230
f 12180 12231 12181
f 12180 12230 12231
f 12181 12232 12182
f 12181 12231 12232
f 12182 12233 12183
f 12182 12232 12233
f 12183 12234 12184
f 12183 12233 12234
f 12184 12235 12185
f 12184 12234 12235
f 12185 12236 12186
f 12185 12235 12236
f 12186 12237 12187
f 12186 12236 12237
f 12187 12238 12188
f 12187 12237 12238
f 12188 12239 12189
f 12188 12238 12239
f 12189 12240 12190
f 12189 12239 12240
f 12190 12241 12191
f 12190 12240 12241
f 12191 12242 12192
f 12191 12241 12242
f 12192 12243 12193
f 12192 12242 12243
f 12193 12244 12194
f 12193 12243 12244
f 12194 12245 12195
f 12194 12244 12245
f 12195 12246 12196
f 12195 12245 12246
f 12196 12247 12197
f 12196 12246 12247
f 12197 12248 12198
f 12197 12247 12248
f 12198 12249 12199
f 12198 12248 12249
f 12199 12250 12200
f 12199 12249 12250
f 12200 12251 12201
f 12200 12250 12251
f 12201 12252 12202
f 12201 12251 12252
f 12202 12253 12203
f 12202 12252 12253
f 12203 12254 12204
f 12203 12253 12254
f 12204 12255 12205
f 12204 12254 12255
f 12205 12256 12206
f 12205 12255 12256
f 12206 12257 12207
f 12206 12256 12257
f 12207 12258 12208
f 12207 12257 12258
f 12208 12259 12209
f 12208 12258 12259
f 12209 12260 12210
f 12209 12259 12260
f 12210 12261 12211
f 12210 12260 12261
f 12211 12262 12212
f 12211 12261 12262
f 12212 12263 12213
f 12212 12262 12263
f 12213 12264 12214
f 12213 12263 12264
f 12214 12265 12215
f 12214 12264 12265
f 12215 12266 12216
f 12215 12265 12266
f 12216 12267 12217
f 12216 12266 12267
f 12217 12268 12218
f 12217 12267 12268
f 12218 12269 12219
f 12218 12268 12269
f 12219 12270 12220
f 12219 12269 12270
f 12220 12271 12221
f 12220 12270 12271
f 12221 12272 12222
f 12221 12271 12272
f 12222 12273 12223
f 12222 12272 12273
f 12223 12274 12224
f 12223 12273 12274
f 12224 12275 12225
f 12224 12274 12275
f 12225 12226 12176
f 12225 12275 12226
f 12226 12277 12227
f 12226 12276 12277
f 12227 12278 12228
f 12227 12277 12278
f 12228 12279 12229
f 12228 12278 12279
f 12229 12280 12230
f 12229 12279 12280
f 12230 12281 12231
f 12230 12280 12281
f 12231 12282 12232
f 12231 12281 12282
f 12232 12283 12233
f 12232 12282 12283
f 12233 12284 12234
f 12233 12283 12284
f 12234 12285 12235
f 12234 12284 12285
f 12235 12286 12236
f 12235 12285 12286
f 12236 12287 12237
f 12236 12286 12287
f 12237 12288 12238
f 12237 12287 12288
f 12238 12289 12239
f 12238 12288 12289
f 12239 12290 12240
f 12239 12289 12290
f 12240 12291 12241
f 12240 12290 12291
f 12241 12292 12242
f 12241 12291 12292
f 12242 12293 12243
f 12242 12292 12293
f 12243 12294 12244
f 12243 12293 12294
f 12244 12295 12245
f 12244 12294 12295
f 12245 12296 12246
f 12245 12295 12296
f 12246 12297 12247
f 12246 12296 12297
f 12247 12298 12248
f 12247 12297 12298
f 12248 12299 12249
f 12248 12298 12299
f 12249 12300 12250
f 12249 12299 12300
f 12250 12301 12251
f 12250 12300 12301
f 12251 12302 12252
f 12251 12301 12302
f 12252 12303 12253
f 12252 12302 12303
f 12253 12304 12254
f 12253 12303 12304
f 12254 12305 12255
f 12254 12304 12305
f 12255 12306 12256
f 12255 12305 12306
f 12256 12307 12257
f 12256 12306 12307
f 12257 12308 12258
f 12257 12307 12308
f 12258 12309 12259
f 12258 12308 12309
f 12259 12310 12260
f 12259 12309 12310
f 12260 12311 12261
f 12260 12310 12311
f 12261 12312 12262
f 12261 12311 12312
f 12262 12313 12263
f 12262 12312 12313
f 12263 12314 12264
f 12263 12313 12314
f 12264 12315 12265
f 12264 12314 12315
f 12265 12316 12266
f 12265 12315 12316
f 12266 12317 12267
f 12266 12316 12317
f 12267 12318 12268
f 12267 12317 12318
f 12268 12319 12269
f 12268 12318 12319
f 12269 12320 12270
f 12269 12319 12320
f 12270 12321 12271
f 12270 12320 12321
f 12271 12322 12272
f 12271 12321 12322
f 12272 12323 12273
f 12272 12322 12323
f 12273 12324 12274
f 12273 12323 12324
f 12274 12325 12275
f 12274 12324 12325
f 12275 12276 12226
f 12275 12325 12276
f 12276 12327 12277
f 12276 12326 12327
f 12277 12328 12278
f 12277 12327 12328
f 12278 12329 12279
f 12278 12328 12329
f 12279 12330 12280
f 12279 12329 12330
f 12280 12331 12281
f 12280 12330 12331
f 12281 12332 12282
f 12281 12331 12332
f 12282 12333 12283
f 12282 12332 12333
f 12283 12334 12284
f 12283 12333 12334
f 12284 12335 12285
f 12284 12334 12335
f 12285 12336 12286
f 12285 12335 12336
f 12286 12337 12287
f 12286 12336 12337
f 12287 12338 12288
f 12287 12337 12338
f 12288 12339 12289
f 12288 12338 12339
f 12289 12340 12290
f 12289 12339 12340
f 12290 12341 12291
f 12290 12340 12341
f 12291 12342 12292
f 12291 12341 12342
f 12292 12343 12293
f 12292 12342 12343
f 12293 12344 12294
f 12293 12343 12344
f 12294 12345 12295
f 12294 12344 12345
f 12295 12346 12296
f 12295 12345 12346
f 12296 12347 12297
f 12296 12346 12347
f 12297 12348 12298
f 12297 12347 12348
f 12298 12349 12299
f 12298 12348 12349
f 12299 12350 12300
f 12299 12349 12350
f 12300 12351 12301
f 12300 12350 12351
f 12301 12352 12302
f 12301 12351 12352
f 12302 12353 12303
f 12302 12352 12353
f 12303 12354 12304
f 12303 12353 12354
f 12304 12355 12305
f 12304 12354 12355
f 12305 12356 12306
f 12305 12355 12356
f 12306 12357 12307
f 12306 12356 12357
f 12307 12358 12308
f 12307 12357 12358
f 12308 12359 12309
f 12308 12358 12359
f 12309 12360 12310
f 12309 12359 12360
f 12310 12361 12311
f 12310 12360 12361
f 12311 12362 12312
f 12311 12361 12362
f 12312 12363 12313
f 12312 12362 12363
f 12313 12364 12314
f 12313 12363 12364
f 12314 12365 12315
f 12314 12364 12365
f 12315 12366 12316
f 12315 12365 12366
f 12316 12367 12317
f 12316 12366 12367
f 12317 12368 12318
f 12317 12367 12368
f 12318 12369 12319
f 12318 12368 12369
f 12319 12370 12320
f 12319 12369 12370
f 12320 12371 12321
f 12320 12370 12371
f 12321 12372 12322
f 12321 12371 12372
f 12322 12373 12323
f 12322 12372 12373
f 12323 12374 12324
f 12323 12373 12374
f 12324 12375 12325
f 12324 12374 12375
f 12325 12326 12276
f 12325 12375 12326
f 12326 12377 12327
f 12326 12376 12377
f 12327 12378 12328
f 12327 12377 12378
f 12328 12379 12329
f 12328 12378 12379
f 12329 12380 12330
f 12329 12379 12380
f 12330 12381 12331
f 12330 12380 12381
f 12331 12382 12332
f 12331 12381 12382
f 12332 12383 12333
f 12332 12382 12383
f 12333 12384 12334
f 12333 12383 12384
f 12334 12385 12335
f 12334 12384 12385
f 12335 12386 12336
f 12335 12385 12386
f 12336 12387 12337
f 12336 12386 12387
f 12337 12388 12338
f 12337 12387 12388
f 12338 12389 12339
f 12338 12388 12389
f 12339 12390 12340
f 12339 12389 12390
f 12340 12391 12341
f 12340 12390 12391
f 12341 12392 12342
f 12341 12391 12392
f 12342 12393 12343
f 12342 12392 12393
f 12343 12394 12344
f 12343 12393 12394
f 12344 12395 12345
f 12344 12394 12395
f 12345 12396 12346
f 12345 12395 12396
f 12346 12397 12347
f 12346 12396 12397
f 12347 12398 12348
f 12347 12397 12398
f 12348 12399 12349
f 12348 12398 12399
f 12349 12400 12350
f 12349 12399 12400
f 12350 12401 12351
f 12350 12400 12401
f 12351 12402 12352
f 12351 12401 12402
f 12352 12403 12353
f 12352 12402 12403
f 12353 12404 12354
f 12353 12403 12404
f 12354 12405 12355
f 12354 12404 12405
f 12355 12406 12356
f 12355 12405 12406
f 12356 12407 12357
f 12356 12406 12407
f 12357 12408 12358
f 12357 12407 12408
f 12358 12409 12359
f 12358 12408 12409
f 12359 12410 12360
f 12359 12409 12410
f 12360 12411 12361
f 12360 12410 12411
f 12361 12412 12362
f 12361 12411 12412
f 12362 12413 12363
f 12362 12412 12413
f 12363 12414 12364
f 12363 12413 12414
f 12364 12415 12365
f 12364 12414 12415
f 12365 12416 12366
f 12365 12415 12416
f 12366 12417 12367
f 12366 12416 12417
f 12367 12418 12368
f 12367 12417 12418
f 12368 12419 12369
f 12368 12418 12419
f 12369 12420 12370
f 12369 12419 12420
f 12370 12421 12371
f 12370 12420 12421
f 12371 12422 12372
f 12371 12421 12422
f 12372 12423 12373
f 12372 12422 12423
f 12373 12424 12374
f 12373 12423 12424
f 12374 12425 12375
f 12374 12424 12425
f 12375 12376 12326
f 12375 12425 12376
f 12376 12427 12377
f 12376 12426 12427
f 12377 12428 12378
f 12377 12427 12428
f 12378 12429 12379
f 12378 12428 12429
f 12379 12430 12380
f 12379 12429 12430
f 12380 12431 12381
f 12380 12430 12431
f 12381 12432 12382
f 12381 12431 12432
f 12382 12433 12383
f 12382 12432 12433
f 12383 12434 12384
f 12383 12433 12434
f 12384 12435 12385
f 12384 12434 12435
f 12385 12436 12386
f 12385 12435 12436
f 12386 12437 12387
f 12386 12436 12437
f 12387 12438 12388
f 12387 12437 12438
f 12388 12439 12389
f 12388 12438 12439
f 12389 12440 12390
f 12389 12439 12440
f 12390 12441 12391
f 12390 12440 12441
f 12391 12442 12392
f 12391 12441 12442
f 12392 12443 12393
f 12392 12442 12443
f 12393 12444 12394
f 12393 12443 12444
f 12394 12445 12395
f 12394 12444 12445
f 12395 12446 12396
f 12395 12445 12446
f 12396 12447 12397
f 12396 12446 12447
f 12397 12448 12398
f 12397 12447 12448
f 12398 12449 12399
f 12398 12448 12449
f 12399 12450 12400
f 12399 12449 12450
f 12400 12451 12401
f 12400 12450 12451
f 12401 12452 12402
f 12401 12451 12452
f 12402 12453 12403
f 12402 12452 12453
f 12403 12454 12404
f 12403 12453 12454
f 12404 12455 12405
f 12404 12454 12455
f 12405 12456 12406
f 12405 12455 12456
f 12406 12457 12407
f 12406 12456 12457
f 12407 12458 12408
f 12407 12457 12458
f 12408 12459 12409
f 12408 12458 12459
f 12409 12460 12410
f 12409 12459 12460
f 12410 12461 12411
f 12410 12460 12461
f 12411 12462 12412
f 12411 12461 12462
f 12412 12463 12413
f 12412 12462 12463
f 12413 12464 12414
f 12413 12463 12464
f 12414 12465 12415
f 12414 12464 12465
f 12415 12466 12416
f 12415 12465 12466
f 12416 12467 12417
f 12416 12466 12467
f 12417 12468 12418
f 12417 12467 12468
f 12418 12469 12419
f 12418 12468 12469
f 12419 12470 12420
f 12419 12469 12470
f 12420 12471 12421
f 12420 12470 12471
f 12421 12472 12422
f 12421 12471 12472
f 12422 12473 12423
f 12422 12472 12473
f 12423 12474 12424
f 12423 12473 12474
f 12424 12475 12425
f 12424 12474 12475
f 12425 12426 12376
f 12425 12475 12426
f 12426 12477 12427
f 12426 12476 12477
f 12427 12478 12428
f 12427 12477 12478
f 12428 12479 12429
f 12428 12478 12479
f 12429 12480 12430
f 12429 12479 12480
f 12430 12481 12431
f 12430 12480 12481
f 12431 12482 12432
f 12431 12481 12482
f 12432 12483 12433
f 12432 12482 12483
f 12433 12484 12434
f 12433 12483 12484
f 12434 12485 12435
f 12434 12484 12485
f 12435 12486 12436
f 12435 12485 12486
f 12436 12487 12437
f 12436 12486 12487
f 12437 12488 12438
f 12437 12487 12488
f 12438 12489 12439
f 12438 12488 12489
f 12439 12490 12440
f 12439 12489 12490
f 12440 12491 12441
f 12440 12490 12491
f 12441 12492 12442
f 12441 12491 12492
f 12442 12493 12443
f 12442 12492 12493
f 12443 12494 12444
f 12443 12493 12494
f 12444 12495 12445
f 12444 12494 12495
f 12445 12496 12446
f 12445 12495 12496
f 12446 12497 12447
f 12446 12496 12497
f 12447 12498 12448
f 12447 12497 12498
f 12448 12499 12449
f 12448 12498 12499
f 12449 12500 12450
f 12449 12499 12500
f 12450 12501 12451
f 12450 12500 12501
f 12451 12502 12452
f 12451 12501 12502
f 12452 12503 12453
f 12452 12502 12503
f 12453 12504 12454
f 12453 12503 12504
f 12454 12505 12455
f 12454 12504 12505
f 12455 12506 12456
f 12455 12505 12506
f 12456 12507 12457
f 12456 12506 12507
f 12457 12508 12458
f 12457 12507 12508
f 12458 12509 12459
f 12458 12508 12509
f 12459 12510 12460
f 12459 12509 12510
f 12460 12511 12461
f 12460 12510 12511
f 12461 12512 12462
f 12461 12511 12512
f 12462 12513 12463
f 12462 12512 12513
f 12463 12514 12464
f 12463 12513 12514
f 12464 12515 12465
f 12464 12514 12515
f 12465 12516 12466
f 12465 12515 12516
f 12466 12517 12467
f 12466 12516 12517
f 12467 12518 12468
f 12467 12517 12518
f 12468 12519 12469
f 12468 12518 12519
f 12469 12520 12470
f 12469 12519 12520
f 12470 12521 12471
f 12470 12520 12521
f 12471 12522 12472
f 12471 12521 12522
f 12472 12523 12473
f 12472 12522 12523
f 12473 12524 12474
f 12473 12523 12524
f 12474 12525 12475
f 12474 12524 12525
f 12475 12476 12426
f 12475 12525 12476
f 12476 12527 12477
f 12476 12526 12527
f 12477 12528 12478
f 12477 12527 12528
f 12478 12529 12479
f 12478 12528 12529
f 12479 12530 12480
f 12479 12529 12530
f 12480 12531 12481
f 12480 12530 12531
f 12481 12532 12482
f 12481 12531 12532
f 12482 12533 12483
f 12482 12532 12533
f 12483 12534 12484
f 12483 12533 12534
f 12484 12535 12485
f 12484 12534 12535
f 12485 12536 12486
f 12485 12535 12536
f 12486 12537 12487
f 12486 12536 12537
f 12487 12538 12488
f 12487 12537 12538
f 12488 12539 12489
f 12488 12538 12539
f 12489 12540 12490
f 12489 12539 12540
f 12490 12541 12491
f 12490 12540 12541
f 12491 12542 12492
f 12491 12541 12542
f 12492 12543 12493
f 12492 12542 12543
f 12493 12544 12494
f 12493 12543 12544
f 12494 12545 12495
f 12494 12544 12545
f 12495 12546 12496
f 12495 12545 12546
f 12496 12547 12497
f 12496 12546 12547
f 12497 12548 12498
f 12497 12547 12548
f 12498 12549 12499
f 12498 12548 12549
f 12499 12550 12500
f 12499 12549 12550
f 12500 12551 12501
f 12500 12550 12551
f 12501 12552 12502
f 12501 12551 12552
f 12502 12553 12503
f 12502 12552 12553
f 12503 12554 12504
f 12503 12553 12554
f 12504 12555 12505
f 12504 12554 12555
f 12505 12556 12506
f 12505 12555 12556
f 12506 12557 12507
f 12506 12556 12557
f 12507 12558 12508
f 12507 12557 12558
f 12508 12559 12509
f 12508 12558 12559
f 12509 12560 12510
f 12509 12559 12560
f 12510 12561 12511
f 12510 12560 12561
f 12511 12562 12512
f 12511 12561 12562
f 12512 12563 12513
f 12512 12562 12563
f 12513 12564 12514
f 12513 12563 12564
f 12514 12565 12515
f 12514 12564 12565
f 12515 12566 12516
f 12515 12565 12566
f 12516 12567 12517
f 12516 12566 12567
f 12517 12568 12518
f 12517 12567 12568
f 12518 12569 12519
f 12518 12568 12569
f 12519 12570 12520
f 12519 12569 12570
f 12520 12571 12521
f 12520 12570 12571
f 12521 12572 12522
f 12521 12571 12572
f 12522 12573 12523
f 12522 12572 12573
f 12523 12574 12524
f 12523 12573 12574
f 12524 12575 12525
f 12524 12574 12575
f 12525 12526 12476
f 12525 12575 12526
f 12526 12577 12527
f 12526 12576 12577
f 12527 12578 12528
f 12527 12577 12578
f 12528 12579 12529
f 12528 12578 12579
f 12529 12580 12530
f 12529 12579 12580
f 12530 12581 12531
f 12530 12580 12581
f 12531 12582 12532
f 12531 12581 12582
f 12532 12583 12533
f 12532 12582 12583
f 12533 12584 12534
f 12533 12583 12584
f 12534 12585 12535
f 12534 12584 12585
f 12535 12586 12536
f 12535 12585 12586
f 12536 12587 12537
f 12536 12586 12587
f 12537 12588 12538
f 12537 12587 12588
f 12538 12589 12539
f 12538 12588 12589
f 12539 12590 12540
f 12539 12589 12590
f 12540 12591 12541
f 12540 12590 12591
f 12541 12592 12542
f 12541 12591 12592
f 12542 12593 12543
f 12542 12592 12593
f 12543 12594 12544
f 12543 12593 12594
f 12544 12595 12545
f 12544 12594 12595
f 12545 12596 12546
f 12545 12595 12596
f 12546 12597 12547
f 12546 12596 12597
f 12547 12598 12548
f 12547 12597 12598
f 12548 12599 12549
f 12548 12598 12599
f 12549 12600 12550
f 12549 12599 12600
f 12550 12601 12551
f 12550 12600 12601
f 12551 12602 12552
f 12551 12601 12602
f 12552 12603 12553
f 12552 12602 12603
f 12553 12604 12554
f 12553 12603 12604
f 12554 12605 12555
f 12554 12604 12605
f 12555 12606 12556
f 12555 12605 12606
f 12556 12607 12557
f 12556 12606 12607
f 12557 12608 12558
f 12557 12607 12608
f 12558 12609 12559
f 12558 12608 12609
f 12559 12610 12560
f 12559 12609 12610
f 12560 12611 12561
f 12560 12610 12611
f 12561 12612 12562
f 12561 12611 12612
f 12562 12613 12563
f 12562 12612 12613
f 12563 12614 12564
f 12563 12613 12614
f 12564 12615 12565
f 12564 12614 12615
f 12565 12616 12566
f 12565 12615 12616
f 12566 12617 12567
f 12566 12616 12617
f 12567 12618 12568
f 12567 12617 12618
f 12568 12619 12569
f 12568 12618 12619
f 12569 12620 12570
f 12569 12619 12620
f 12570 12621 12571
f 12570 12620 12621
f 12571 12622 12572
f 12571 12621 12622
f 12572 12623 12573
f 12572 12622 12623
f 12573 12624 12574
f 12573 12623 12624
f 12574 12625 12575
f 12574 12624 12625
f 12575 12576 12526
f 12575 12625 12576
f 12576 12627 12577
f 12576 12626 12627
f 12577 12628 12578
f 12577 12627 12628
f 12578 12629 12579
f 12578 12628 12629
f 12579 12630 12580
f 12579 12629 12630
f 12580 12631 12581
f 12580 12630 12631
f 12581 12632 12582
f 12581 12631 12632
f 12582 12633 12583
f 12582 12632 12633
f 12583 12634 12584
f 12583 12633 12634
f 12584 12635 12585
f 12584 12634 12635
f 12585 12636 12586
f 12585 12635 12636
f 12586 12637 12587
f 12586 12636 12637
f 12587 12638 12588
f 12587 12637 12638
f 12588 12639 12589
f 12588 12638 12639
f 12589 12640 12590
f 12589 12639 12640
f 12590 12641 12591
f 12590 12640 12641
f 12591 12642 12592
f 12591 12641 12642
f 12592 12643 12593
f 12592 12642 12643
f 12593 12644 12594
f 12593 12643 12644
f 12594 12645 12595
f 12594 12644 12645
f 12595 12646 12596
f 12595 12645 12646
f 12596 12647 12597
f 12596 12646 12647
f 12597 12648 12598
f 12597 12647 12648
f 12598 12649 12599
f 12598 12648 12649
f 12599 12650 12600
f 12599 12649 12650
f 12600 12651 12601
f 12600 12650 12651
f 12601 12652 12602
f 12601 12651 12652
f 12602 12653 12603
f 12602 12652 12653
f 12603 12654 12604
f 12603 12653 12654
f 12604 12655 12605
f 12604 12654 12655
f 12605 12656 12606
f 12605 12655 12656
f 12606 12657 12607
f 12606 12656 12657
f 12607 12658 12608
f 12607 12657 12658
f 12608 12659 12609
f 12608 12658 12659
f 12609 12660 12610
f 12609 12659 12660
f 12610 12661 12611
f 12610 12660 12661
f 12611 12662 12612
f 12611 12661 12662
f 12612 12663 12613
f 12612 12662 12663
f 12613 12664 12614
f 12613 12663 12664
f 12614 12665 12615
f 12614 12664 12665
f 12615 12666 12616
f 12615 12665 12666
f 12616 12667 12617
f 12616 12666 12667
f 12617 12668 12618
f 12617 12667 12668
f 12618 12669 12619
f 12618 12668 12669
f 12619 12670 12620
f 12619 12669 12670
f 12620 12671 12621
f 12620 12670 12671
f 12621 12672 12622
f 12621 12671 12672
f 12622 12673 12623
f 12622 12672 12673
f 12623 12674 12624
f 12623 12673 12674
f 12624 12675 12625
f 12624 12674 12675
f 12625 12626 12576
f 12625 12675 12626
f 12626 12677 12627
f 12626 12676 12677
f 12627 12678 12628
f 12627 12677 12678
f 12628 12679 12629
f 12628 12678 12679
f 12629 12680 12630
f 12629 12679 12680
f 12630 12681 12631
f 12630 12680 12681
f 12631 12682 12632
f 12631 12681 12682
f 12632 12683 12633
f 12632 12682 12683
f 12633 12684 12634
f 12633 12683 12684
f 12634 12685 12635
f 12634 12684 12685
f 12635 12686 12636
f 12635 12685 12686
f 12636 12687 12637
f 12636 12686 12687
f 12637 12688 12638
f 12637 12687 12688
f 12638 12689 12639
f 12638 12688 12689
f 12639 12690 12640
f 12639 12689 12690
f 12640 12691 12641
f 12640 12690 12691
f 12641 12692 12642
f 12641 12691 12692
f 12642 12693 12643
f 12642 12692 12693
f 12643 12694 12644
f 12643 12693 12694
f 12644 12695 12645
f 12644 12694 12695
f 12645 12696 12646
f 12645 12695 12696
f 12646 12697 12647
f 12646 12696 12697
f 12647 12698 12648
f 12647 12697 12698
f 12648 12699 12649
f 12648 12698 12699
f 12649 12700 12650
f 12649 12699 12700
f 12650 12701 12651
f 12650 12700 12701
f 12651 12702 12652
f 12651 12701 12702
f 12652 12703 12653
f 12652 12702 12703
f 12653 12704 12654
f 12653 12703 12704
f 12654 12705 12655
f 12654 12704 12705
f 12655 12706 12656
f 12655 12705 12706
f 12656 12707 12657
f 12656 12706 12707
f 12657 12708 12658
f 12657 12707 12708
f 12658 12709 12659
f 12658 12708 12709
f 12659 12710 12660
f 12659 12709 12710
f 12660 12711 12661
f 12660 12710 12711
f 12661 12712 12662
f 12661 12711 12712
f 12662 12713 12663
f 12662 12712 12713
f 12663 12714 12664
f 12663 12713 12714
f 12664 12715 12665
f 12664 12714 12715
f 12665 12716 12666
f 12665 12715 12716
f 12666 12717 12667
f 12666 12716 12717
f 12667 12718 12668
f 12667 12717 12718
f 12668 12719 12669
f 12668 12718 12719
f 12669 12720 12670
f 12669 12719 12720
f 12670 12721 12671
f 12670 12720 12721
f 12671 12722 12672
f 12671 12721 12722
f 12672 12723 12673
f 12672 12722 12723
f 12673 12724 12674
f 12673 12723 12724
f 12674 12725 12675
f 12674 12724 12725
f 12675 12676 12626
f 12675 12725 12676
f 12676 12727 12677
f 12676 12726 12727
f 12677 12728 12678
f 12677 12727 12728
f 12678 12729 12679
f 12678 12728 12729
f 12679 12730 12680
f 12679 12729 12730
f 12680 12731 12681
f 12680 12730 12731
f 12681 12732 12682
f 12681 12731 12732
f 12682 12733 12683
f 12682 12732 12733
f 12683 12734 12684
f 12683 12733 12734
f 12684 12735 12685
f 12684 12734 12735
f 12685 12736 12686
f 12685 12735 12736
f 12686 12737 12687
f 12686 12736 12737
f 12687 12738 12688
f 12687 12737 12738
f 12688 12739 12689
f 12688 12738 12739
f 12689 12740 12690
f 12689 12739 12740
f 12690 12741 12691
f 12690 12740 12741
f 12691 12742 12692
f 12691 12741 12742
f 12692 12743 12693
f 12692 12742 12743
f 12693 12744 12694
f 12693 12743 12744
f 12694 12745 12695
f 12694 12744 12745
f 12695 12746 12696
f 12695 12745 12746
f 12696 12747 12697
f 12696 12746 12747
f 12697 12748 12698
f 12697 12747 12748
f 12698 12749 12699
f 12698 12748 12749
f 12699 12750 12700
f 12699 12749 12750
f 12700 12751 12701
f 12700 12750 12751
f 12701 12752 12702
f 12701 12751 12752
f 12702 12753 12703
f 12702 12752 12753
f 12703 12754 12704
f 12703 12753 12754
f 12704 12755 12705
f 12704 12754 12755
f 12705 12756 12706
f 12705 12755 12756
f 12706 12757 12707
f 12706 12756 12757
f 12707 12758 12708
f 12707 12757 12758
f 12708 12759 12709
f 12708 12758 12759
f 12709 12760 12710
f 12709 12759 12760
f 12710 12761 12711
f 12710 12760 12761
f 12711 12762 12712
f 12711 12761 12762
f 12712 12763 12713
f 12712 12762 12763
f 12713 12764 12714
f 12713 12763 12764
f 12714 12765 12715
f 12714 12764 12765
f 12715 12766 12716
f 12715 12765 12766
f 12716 12767 12717
f 12716 12766 12767
f 12717 12768 12718
f 12717 12767 12768
f 12718 12769 12719
f 12718 12768 12769
f 12719 12770 12720
f 12719 12769 12770
f 12720 12771 12721
f 12720 12770 12771
f 12721 12772 12722
f 12721 12771 12772
f 12722 12773 12723
f 12722 12772 12773
f 12723 12774 12724
f 12723 12773 12774
f 12724 12775 12725
f 12724 12774 12775
f 12725 12726 12676
f 12725 12775 12726
f 12726 12777 12727
f 12726 12776 12777
f 12727 12778 12728
f 12727 12777 12778
f 12728 12779 12729
f 12728 12778 12779
f 12729 12780 12730
f 12729 12779 12780
f 12730 12781 12731
f 12730 12780 12781
f 12731 12782 12732
f 12731 12781 12782
f 12732 12783 12733
f 12732 12782 12783
f 12733 12784 12734
f 12733 12783 12784
f 12734 12785 12735
f 12734 12784 12785
f 12735 12786 12736
f 12735 12785 12786
f 12736 12787 12737
f 12736 12786 12787
f 12737 12788 12738
f 12737 12787 12788
f 12738 12789 12739
f 12738 12788 12789
f 12739 12790 12740
f 12739 12789 12790
f 12740 12791 12741
f 12740 12790 12791
f 12741 12792 12742
f 12741 12791 12792
f 12742 12793 12743
f 12742 12792 12793
f 12743 12794 12744
f 12743 12793 12794
f 12744 12795 12745
f 12744 12794 12795
f 12745 12796 12746
f 12745 12795 12796
f 12746 12797 12747
f 12746 12796 12797
f 12747 12798 12748
f 12747 12797 12798
f 12748 12799 12749
f 12748 12798 12799
f 12749 12800 12750
f 12749 12799 12800
f 12750 12801 12751
f 12750 12800 12801
f 12751 12802 12752
f 12751 12801 12802
f 12752 12803 12753
f 12752 12802 12803
f 12753 12804 12754
f 12753 12803 12804
f 12754 12805 12755
f 12754 12804 12805
f 12755 12806 12756
f 12755 12805 12806
f 12756 12807 12757
f 12756 12806 12807
f 12757 12808 12758
f 12757 12807 12808
f 12758 12809 12759
f 12758 12808 12809
f 12759 12810 12760
f 12759 12809 12810
f 12760 12811 12761
f 12760 12810 12811
f 12761 12812 12762
f 12761 12811 12812
f 12762 12813 12763
f 12762 12812 12813
f 12763 12814 12764
f 12763 12813 12814
f 12764 12815 12765
f 12764 12814 12815
f 12765 12816 12766
f 12765 12815 12816
f 12766 12817 12767
f 12766 12816 12817
f 12767 12818 12768
f 12767 12817 12818
f 12768 12819 12769
f 12768 12818 12819
f 12769 12820 12770
f 12769 12819 12820
f 12770 12821 12771
f 12770 12820 12821
f 12771 12822 12772
f 12771 12821 12822
f 12772 12823 12773
f 12772 12822 12823
f 12773 12824 12774
f 12773 12823 12824
f 12774 12825 12775
f 12774 12824 12825
f 12775 12776 12726
f 12775 12825 12776
f 12776 12827 12777
f 12776 12826 12827
f 12777 12828 12778
f 12777 12827 12828
f 12778 12829 12779
f 12778 12828 12829
f 12779 12830 12780
f 12779 12829 12830
f 12780 12831 12781
f 12780 12830 12831
f 12781 12832 12782
f 12781 12831 12832
f 12782 12833 12783
f 12782 12832 12833
f 12783 12834 12784
f 12783 12833 12834
f 12784 12835 12785
f 12784 12834 12835
f 12785 12836 12786
f 12785 12835 12836
f 12786 12837 12787
f 12786 12836 12837
f 12787 12838 12788
f 12787 12837 12838
f 12788 12839 12789
f 12788 12838 12839
f 12789 12840 12790
f 12789 12839 12840
f 12790 12841 12791
f 12790 12840 12841
f 12791 12842 12792
f 12791 12841 12842
f 12792 12843 12793
f 12792 12842 12843
f 12793 12844 12794
f 12793 12843 12844
f 12794 12845 12795
f 12794 12844 12845
f 12795 12846 12796
f 12795 12845 12846
f 12796 12847 12797
f 12796 12846 12847
f 12797 12848 12798
f 12797 12847 12848
f 12798 12849 12799
f 12798 12848 12849
f 12799 12850 12800
f 12799 12849 12850
f 12800 12851 12801
f 12800 12850 12851
f 12801 12852 12802
f 12801 12851 12852
f 12802 12853 12803
f 12802 12852 12853
f 12803 12854 12804
f 12803 12853 12854
f 12804 12855 12805
f 12804 12854 12855
f 12805 12856 12806
f 12805 12855 12856
f 12806 12857 12807
f 12806 12856 12857
f 12807 12858 12808
f 12807 12857 12858
f 12808 12859 12809
f 12808 12858 12859
f 12809 12860 12810
f 12809 12859 12860
f 12810 12861 12811
f 12810 12860 12861
f 12811 12862 12812
f 12811 12861 12862
f 12812 12863 12813
f 12812 12862 12863
f 12813 12864 12814
f 12813 12863 12864
f 12814 12865 12815
f 12814 12864 12865
f 12815 12866 12816
f 12815 12865 12866
f 12816 12867 12817
f 12816 12866 12867
f 12817 12868 12818
f 12817 12867 12868
f 12818 12869 12819
f 12818 12868 12869
f 12819 12870 12820
f 12819 12869 12870
f 12820 12871 12821
f 12820 12870 12871
f 12821 12872 12822
f 12821 12871 12872
f 12822 12873 12823
f 12822 12872 12873
f 12823 12874 12824
f 12823 12873 12874
f 12824 12875 12825
f 12824 12874 12875
f 12825 12826 12776
f 12825 12875 12826
f 12826 12877 12827
f 12826 12876 12877
f 12827 12878 12828
f 12827 12877 12878
f 12828 12879 12829
f 12828 12878 12879
f 12829 12880 12830
f 12829 12879 12880
f 12830 12881 12831
f 12830 12880 12881
f 12831 12882 12832
f 12831 12881 12882
f 12832 12883 12833
f 12832 12882 12883
f 12833 12884 12834
f 12833 12883 12884
f 12834 12885 12835
f 12834 12884 12885
f 12835 12886 12836
f 12835 12885 12886
f 12836 12887 12837
f 12836 12886 12887
f 12837 12888 12838
f 12837 12887 12888
f 12838 12889 12839
f 12838 12888 12889
f 12839 12890 12840
f 12839 12889 12890
f 12840 12891 12841
f 12840 12890 12891
f 12841 12892 12842
f 12841 12891 12892
f 12842 12893 12843
f 12842 12892 12893
f 12843 12894 12844
f 12843 12893 12894
f 12844 12895 12845
f 12844 12894 12895
f 12845 12896 12846
f 12845 12895 12896
f 12846 12897 12847
f 12846 12896 12897
f 12847 12898 12848
f 12847 12897 12898
f 12848 12899 12849
f 12848 12898 12899
f 12849 12900 12850
f 12849 12899 12900
f 12850 12901 12851
f 12850 12900 12901
f 12851 12902 12852
f 12851 12901 12902
f 12852 12903 12853
f 12852 12902 12903
f 12853 12904 12854
f 12853 12903 12904
f 12854 12905 12855
f 12854 12904 12905
f 12855 12906 12856
f 12855 12905 12906
f 12856 12907 12857
f 12856 12906 12907
f 12857 12908 12858
f 12857 12907 12908
f 12858 12909 12859
f 12858 12908 12909
f 12859 12910 12860
f 12859 12909 12910
f 12860 12911 12861
f 12860 12910 12911
f 12861 12912 12862
f 12861 12911 12912
f 12862 12913 12863
f 12862 12912 12913
f 12863 12914 12864
f 12863 12913 12914
f 12864 12915 12865
f 12864 12914 12915
f 12865 12916 12866
f 12865 12915 12916
f 12866 12917 12867
f 12866 12916 12917
f 12867 12918 12868
f 12867 12917 12918
f 12868 12919 12869
f 12868 12918 12919
f 12869 12920 12870
f 12869 12919 12920
f 12870 12921 12871
f 12870 12920 12921
f 12871 12922 12872
f 12871 12921 12922
f 12872 12923 12873
f 12872 12922 12923
f 12873 12924 12874
f 12873 12923 12924
f 12874 12925 12875
f 12874 12924 12925
f 12875 12876 12826
f 12875 12925 12876
f 12876 12927 12877
f 12876 12926 12927
f 12877 12928 12878
f 12877 12927 12928
f 12878 12929 12879
f 12878 12928 12929
f 12879 12930 12880
f 12879 12929 12930
f 12880 12931 12881
f 12880 12930 12931
f 12881 12932 12882
f 12881 12931 12932
f 12882 12933 12883
f 12882 12932 12933
f 12883 12934 12884
f 12883 12933 12934
f 12884 12935 12885
f 12884 12934 12935
f 12885 12936 12886
f 12885 12935 12936
f 12886 12937 12887
f 12886 12936 12937
f 12887 12938 12888
f 12887 12937 12938
f 12888 12939 12889
f 12888 12938 12939
f 12889 12940 12890
f 12889 12939 12940
f 12890 12941 12891
f 12890 12940 12941
f 12891 12942 12892
f 12891 12941 12942
f 12892 12943 12893
f 12892 12942 12943
f 12893 12944 12894
f 12893 12943 12944
f 12894 12945 12895
f 12894 12944 12945
f 12895 12946 12896
f 12895 12945 12946
f 12896 12947 12897
f 12896 12946 12947
f 12897 12948 12898
f 12897 12947 12948
f 12898 12949 12899
f 12898 12948 12949
f 12899 12950 12900
f 12899 12949 12950
f 12900 12951 12901
f 12900 12950 12951
f 12901 12952 12902
f 12901 12951 12952
f 12902 12953 12903
f 12902 12952 12953
f 12903 12954 12904
f 12903 12953 12954
f 12904 12955 12905
f 12904 12954 12955
f 12905 12956 12906
f 12905 12955 12956
f 12906 12957 12907
f 12906 12956 12957
f 12907 12958 12908
f 12907 12957 12958
f 12908 12959 12909
f 12908 12958 12959
f 12909 12960 12910
f 12909 12959 12960
f 12910 12961 12911
f 12910 12960 12961
f 12911 12962 12912
f 12911 12961 12962
f 12912 12963 12913
f 12912 12962 12963
f 12913 12964 12914
f 12913 12963 12964
f 12914 12965 12915
f 12914 12964 12965
f 12915 12966 12916
f 12915 12965 12966
f 12916 12967 12917
f 12916 12966 12967
f 12917 12968 12918
f 12917 12967 12968
f 12918 12969 12919
f 12918 12968 12969
f 12919 12970 12920
f 12919 12969 12970
f 12920 12971 12921
f 12920 12970 12971
f 12921 12972 12922
f 12921 12971 12972
f 12922 12973 12923
f 12922 12972 12973
f 12923 12974 12924
f 12923 12973 12974
f 12924 12975 12925
f 12924 12974 12975
f 12925 12926 12876
f 12925 12975 12926
f 12926 12977 12927
f 12926 12976 12977
f 12927 12978 12928
f 12927 12977 12978
f 12928 12979 12929
f 12928 12978 12979
f 12929 12980 12930
f 12929 12979 12980
f 12930 12981 12931
f 12930 12980 12981
f 12931 12982 12932
f 12931 12981 12982
f 12932 12983 12933
f 12932 12982 12983
f 12933 12984 12934
f 12933 12983 12984
f 12934 12985 12935
f 12934 12984 12985
f 12935 12986 12936
f 12935 12985 12986
f 12936 12987 12937
f 12936 12986 12987
f 12937 12988 12938
f 12937 12987 12988
f 12938 12989 12939
f 12938 12988 12989
f 12939 12990 12940
f 12939 12989 12990
f 12940 12991 12941
f 12940 12990 12991
f 12941 12992 12942
f 12941 12991 12992
f 12942 12993 12943
f 12942 12992 12993
f 12943 12994 12944
f 12943 12993 12994
f 12944 12995 12945
f 12944 12994 12995
f 12945 12996 12946
f 12945 12995 12996
f 12946 12997 12947
f 12946 12996 12997
f 12947 12998 12948
f 12947 12997 12998
f 12948 12999 12949
f 12948 12998 12999
f 12949 13000 12950
f 12949 12999 13000
f 12950 13001 12951
f 12950 13000 13001
f 12951 13002 12952
f 12951 13001 13002
f 12952 13003 12953
f 12952 13002 13003
f 12953 13004 12954
f 12953 13003 13004
f 12954 13005 12955
f 12954 13004 13005
f 12955 13006 12956
f 12955 13005 13006
f 12956 13007 12957
f 12956 13006 13007
f 12957 13008 12958
f 12957 13007 13008
f 12958 13009 12959
f 12958 13008 13009
f 12959 13010 12960
f 12959 13009 13010
f 12960 13011 12961
f 12960 13010 13011
f 12961 13012 12962
f 12961 13011 13012
f 12962 13013 12963
f 12962 13012 13013
f 12963 13014 12964
f 12963 13013 13014
f 12964 13015 12965
f 12964 13014 13015
f 12965 13016 12966
f 12965 13015 13016
f 12966 13017 12967
f 12966 13016 13017
f 12967 13018 12968
f 12967 13017 13018
f 12968 13019 12969
f 12968 13018 13019
f 12969 13020 12970
f 12969 13019 13020
f 12970 13021 12971
f 12970 13020 13021
f 12971 13022 12972
f 12971 13021 13022
f 12972 13023 12973
f 12972 13022 13023
f 12973 13024 12974
f 12973 13023 13024
f 12974 13025 12975
f 12974 13024 13025
f 12975 12976 12926
f 12975 13025 12976
f 12976 13027 12977
f 12976 13026 13027
f 12977 13028 12978
f 12977 13027 13028
f 12978 13029 12979
f 12978 13028 13029
f 12979 13030 12980
f 12979 13029 13030
f 12980 13031 12981
f 12980 13030 13031
f 12981 13032 12982
f 12981 13031 13032
f 12982 13033 12983
f 12982 13032 13033
f 12983 13034 12984
f 12983 13033 13034
f 12984 13035 12985
f 12984 13034 13035
f 12985 13036 12986
f 12985 13035 13036
f 12986 13037 12987
f 12986 13036 13037
f 12987 13038 12988
f 12987 13037 13038
f 12988 13039 12989
f 12988 13038 13039
f 12989 13040 12990
f 12989 13039 13040
f 12990 13041 12991
f 12990 13040 13041
f 12991 13042 12992
f 12991 13041 13042
f 12992 13043 12993
f 12992 13042 13043
f 12993 13044 12994
f 12993 13043 13044
f 12994 13045 12995
f 12994 13044 13045
f 12995 13046 12996
f 12995 13045 13046
f 12996 13047 12997
f 12996 13046 13047
f 12997 13048 12998
f 12997 13047 13048
f 12998 13049 12999
f 12998 13048 13049
f 12999 13050 13000
f 12999 13049 13050
f 13000 13051 13001
f 13000 13050 13051
f 13001 13052 13002
f 13001 13051 13052
f 13002 13053 13003
f 13002 13052 13053
f 13003 13054 13004
f 13003 13053 13054
f 13004 13055 13005
f 13004 13054 13055
f 13005 13056 13006
f 13005 13055 13056
f 13006 13057 13007
f 13006 13056 13057
f 13007 13058 13008
f 13007 13057 13058
f 13008 13059 13009
f 13008 13058 13059
f 13009 13060 13010
f 13009 13059 13060
f 13010 13061 13011
f 13010 13060 13061
f 13011 13062 13012
f 13011 13061 13062
f 13012 13063 13013
f 13012 13062 13063
f 13013 13064 13014
f 13013 13063 13064
f 13014 13065 13015
f 13014 13064 13065
f 13015 13066 13016
f 13015 13065 13066
f 13016 13067 13017
f 13016 13066 13067
f 13017 13068 13018
f 13017 13067 13068
f 13018 13069 13019
f 13018 13068 13069
f 13019 13070 13020
f 13019 13069 13070
f 13020 13071 13021
f 13020 13070 13071
f 13021 13072 13022
f 13021 13071 13072
f 13022 13073 13023
f 13022 13072 13073
f 13023 13074 13024
f 13023 13073 13074
f 13024 13075 13025
f 13024 13074 13075
f 13025 13026 12976
f 13025 13075 13026
f 13026 13077 13027
f 13026 13076 13077
f 13027 13078 13028
f 13027 13077 13078
f 13028 13079 13029
f 13028 13078 13079
f 13029 13080 13030
f 13029 13079 13080
f 13030 13081 13031
f 13030 13080 13081
f 13031 13082 13032
f 13031 13081 13082
f 13032 13083 13033
f 13032 13082 13083
f 13033 13084 13034
f 13033 13083 13084
f 13034 13085 13035
f 13034 13084 13085
f 13035 13086 13036
f 13035 13085 13086
f 13036 13087 13037
f 13036 13086 13087
f 13037 13088 13038
f 13037 13087 13088
f 13038 13089 13039
f 13038 13088 13089
f 13039 13090 13040
f 13039 13089 13090
f 13040 13091 13041
f 13040 13090 13091
f 13041 13092 13042
f 13041 13091 13092
f 13042 13093 13043
f 13042 13092 13093
f 13043 13094 13044
f 13043 13093 13094
f 13044 13095 13045
f 13044 13094 13095
f 13045 13096 13046
f 13045 13095 13096
f 13046 13097 13047
f 13046 13096 13097
f 13047 13098 13048
f 13047 13097 13098
f 13048 13099 13049
f 13048 13098 13099
f 13049 13100 13050
f 13049 13099 13100
f 13050 13101 13051
f 13050 13100 13101
f 13051 13102 13052
f 13051 13101 13102
f 13052 13103 13053
f 13052 13102 13103
f 13053 13104 13054
f 13053 13103 13104
f 13054 13105 13055
f 13054 13104 13105
f 13055 13106 13056
f 13055 13105 13106
f 13056 13107 13057
f 13056 13106 13107
f 13057 13108 13058
f 13057 13107 13108
f 13058 13109 13059
f 13058 13108 13109
f 13059 13110 13060
f 13059 13109 13110
f 13060 13111 13061
f 13060 13110 13111
f 13061 13112 13062
f 13061 13111 13112
f 13062 13113 13063
f 13062 13112 13113
f 13063 13114 13064
f 13063 13113 13114
f 13064 13115 13065
f 13064 13114 13115
f 13065 13116 13066
f 13065 13115 13116
f 13066 13117 13067
f 13066 13116 13117
f 13067 13118 13068
f 13067 13117 13118
f 13068 13119 13069
f 13068 13118 13119
f 13069 13120 13070
f 13069 13119 13120
f 13070 13121 13071
f 13070 13120 13121
f 13071 13122 13072
f 13071 13121 13122
f 13072 13123 13073
f 13072 13122 13123
f 13073 13124 13074
f 13073 13123 13124
f 13074 13125 13075
f 13074 13124 13125
f 13075 13076 13026
f 13075 13125 13076
f 13076 13127 13077
f 13076 13126 13127
f 13077 13128 13078
f 13077 13127 13128
f 13078 13129 13079
f 13078 13128 13129
f 13079 13130 13080
f 13079 13129 13130
f 13080 13131 13081
f 13080 13130 13131
f 13081 13132 13082
f 13081 13131 13132
f 13082 13133 13083
f 13082 13132 13133
f 13083 13134 13084
f 13083 13133 13134
f 13084 13135 13085
f 13084 13134 13135
f 13085 13136 13086
f 13085 13135 13136
f 13086 13137 13087
f 13086 13136 13137
f 13087 13138 13088
f 13087 13137 13138
f 13088 13139 13089
f 13088 13138 13139
f 13089 13140 13090
f 13089 13139 13140
f 13090 13141 13091
f 13090 13140 13141
f 13091 13142 13092
f 13091 13141 13142
f 13092 13143 13093
f 13092 13142 13143
f 13093 13144 13094
f 13093 13143 13144
f 13094 13145 13095
f 13094 13144 13145
f 13095 13146 13096
f 13095 13145 13146
f 13096 13147 13097
f 13096 13146 13147
f 13097 13148 13098
f 13097 13147 13148
f 13098 13149 13099
f 13098 13148 13149
f 13099 13150 13100
f 13099 13149 13150
f 13100 13151 13101
f 13100 13150 13151
f 13101 13152 13102
f 13101 13151 13152
f 13102 13153 13103
f 13102 13152 13153
f 13103 13154 13104
f 13103 13153 13154
f 13104 13155 13105
f 13104 13154 13155
f 13105 13156 13106
f 13105 13155 13156
f 13106 13157 13107
f 13106 13156 13157
f 13107 13158 13108
f 13107 13157 13158
f 13108 13159 13109
f 13108 13158 13159
f 13109 13160 13110
f 13109 13159 13160
f 13110 13161 13111
f 13110 13160 13161
f 13111 13162 13112
f 13111 13161 13162
f 13112 13163 13113
f 13112 13162 13163
f 13113 13164 13114
f 13113 13163 13164
f 13114 13165 13115
f 13114 13164 13165
f 13115 13166 13116
f 13115 13165 13166
f 13116 13167 13117
f 13116 13166 13167
f 13117 13168 13118
f 13117 13167 13168
f 13118 13169 13119
f 13118 13168 13169
f 13119 13170 13120
f 13119 13169 13170
f 13120 13171 13121
f 13120 13170 13171
f 13121 13172 13122
f 13121 13171 13172
f 13122 13173 13123
f 13122 13172 13173
f 13123 13174 13124
f 13123 13173 13174
f 13124 13175 13125
f 13124 13174 13175
f 13125 13126 13076
f 13125 13175 13126
f 13126 13177 13127
f 13126 13176 13177
f 13127 13178 13128
f 13127 13177 13178
f 13128 13179 13129
f 13128 13178 13179
f 13129 13180 13130
f 13129 13179 13180
f 13130 13181 13131
f 13130 13180 13181
f 13131 13182 13132
f 13131 13181 13182
f 13132 13183 13133
f 13132 13182 13183
f 13133 13184 13134
f 13133 13183 13184
f 13134 13185 13135
f 13134 13184 13185
f 13135 13186 13136
f 13135 13185 13186
f 13136 13187 13137
f 13136 13186 13187
f 13137 13188 13138
f 13137 13187 13188
f 13138 13189 13139
f 13138 13188 13189
f 13139 13190 13140
f 13139 13189 13190
f 13140 13191 13141
f 13140 13190 13191
f 13141 13192 13142
f 13141 13191 13192
f 13142 13193 13143
f 13142 13192 13193
f 13143 13194 13144
f 13143 13193 13194
f 13144 13195 13145
f 13144 13194 13195
f 13145 13196 13146
f 13145 13195 13196
f 13146 13197 13147
f 13146 13196 13197
f 13147 13198 13148
f 13147 13197 13198
f 13148 13199 13149
f 13148 13198 13199
f 13149 13200 13150
f 13149 13199 13200
f 13150 13201 13151
f 13150 13200 13201
f 13151 13202 13152
f 13151 13201 13202
f 13152 13203 13153
f 13152 13202 13203
f 13153 13204 13154
f 13153 13203 13204
f 13154 13205 13155
f 13154 13204 13205
f 13155 13206 13156
f 13155 13205 13206
f 13156 13207 13157
f 13156 13206 13207
f 13157 13208 13158
f 13157 13207 13208
f 13158 13209 13159
f 13158 13208 13209
f 13159 13210 13160
f 13159 13209 13210
f 13160 13211 13161
f 13160 13210 13211
f 13161 13212 13162
f 13161 13211 13212
f 13162 13213 13163
f 13162 13212 13213
f 13163 13214 13164
f 13163 13213 13214
f 13164 13215 13165
f 13164 13214 13215
f 13165 13216 13166
f 13165 13215 13216
f 13166 13217 13167
f 13166 13216 13217
f 13167 13218 13168
f 13167 13217 13218
f 13168 13219 13169
f 13168 13218 13219
f 13169 13220 13170
f 13169 13219 13220
f 13170 13221 13171
f 13170 13220 13221
f 13171 13222 13172
f 13171 13221 13222
f 13172 13223 13173
f 13172 13222 13223
f 13173 13224 13174
f 13173 13223 13224
f 13174 13225 13175
f 13174 13224 13225
f 13175 13176 13126
f 13175 13225 13176
f 13176 8427 13177
f 13176 8426 8427
f 13177 8428 13178
f 13177 8427 8428
f 13178 8429 13179
f 13178 8428 8429
f 13179 8430 13180
f 13179 8429 8430
f 13180 8431 13181
f 13180 8430 8431
f 13181 8432 13182
f 13181 8431 8432
f 13182 8433 13183
f 13182 8432 8433
f 13183 8434 13184
f 13183 8433 8434
f 13184 8435 13185
f 13184 8434 8435
f 13185 8436 13186
f 13185 8435 8436
f 13186 8437 13187
f 13186 8436 8437
f 13187 8438 13188
f 13187 8437 8438
f 13188 8439 13189
f 13188 8438 8439
f 13189 8440 13190
f 13189 8439 8440
f 13190 8441 13191
f 13190 8440 8441
f 13191 8442 13192
f 13191 8441 8442
f 13192 8443 13193
f 13192 8442 8443
f 13193 8444 13194
f 13193 8443 8444
f 13194 8445 13195
f 13194 8444 8445
f 13195 8446 13196
f 13195 8445 8446
f 13196 8447 13197
f 13196 8446 8447
f 13197 8448 13198
f 13197 8447 8448
f 13198 8449 13199
f 13198 8448 8449
f 13199 8450 13200
f 13199 8449 8450
f 13200 8451 13201
f 13200 8450 8451
f 13201 8452 13202
f 13201 8451 8452
f 13202 8453 13203
f 13202 8452 8453
f 13203 8454 13204
f 13203 8453 8454
f 13204 8455 13205
f 13204 8454 8455
f 13205 8456 13206
f 13205 8455 8456
f 13206 8457 13207
f 13206 8456 8457
f 13207 8458 13208
f 13207 8457 8458
f 13208 8459 13209
f 13208 8458 8459
f 13209 8460 13210
f 13209 8459 8460
f 13210 8461 13211
f 13210 8460 8461
f 13211 8462 13212
f 13211 8461 8462
f 13212 8463 13213
f 13212 8462 8463
f 13213 8464 13214
f 13213 8463 8464
f 13214 8465 13215
f 13214 8464 8465
f 13215 8466 13216
f 13215 8465 8466
f 13216 8467 13217
f 13216 8466 8467
f 13217 8468 13218
f 13217 8467 8468
f 13218 8469 13219
f 13218 8468 8469
f 13219 8470 13220
f 13219 8469 8470
f 13220 8471 13221
f 13220 8470 8471
f 13221 8472 13222
f 13221 8471 8472
f 13222 8473 13223
f 13222 8472 8473
f 13223 8474 13224
f 13223 8473 8474
f 13224 8475 13225
f 13224 8474 8475
f 13225 8426 13176
f 13225 8475 8426
f 13226 13291 13227
f 13291 13292 13227
f 13227 13292 13228
f 13292 13293 13228
f 13228 13293 13229
f 13293 13294 13229
f 13229 13294 13230
f 13294 13295 13230
f 13230 13295 13231
f 13295 13296 13231
f 13231 13296 13232
f 13296 13297 13232
f 13232 13297 13233
f 13297 13298 13233
f 13233 13298 13234
f 13298 13299 13234
f 13234 13299 13235
f 13299 13300 13235
f 13235 13300 13236
f 13300 13301 13236
f 13236 13301 13237
f 13301 13302 13237
f 13237 13302 13238
f 13302 13303 13238
f 13238 13303 13239
f 13303 13304 13239
f 13239 13304 13240
f 13304 13305 13240
f 13240 13305 13241
f 13305 13306 13241
f 13241 13306 13242
f 13306 13307 13242
f 13242 13307 13243
f 13307 13308 13243
f 13243 13308 13244
f 13308 13309 13244
f 13244 13309 13245
f 13309 13310 13245
f 13245 13310 13246
f 13310 13311 13246
f 13246 13311 13247
f 13311 13312 13247
f 13247 13312 13248
f 13312 13313 13248
f 13248 13313 13249
f 13313 13314 13249
f 13249 13314 13250
f 13314 13315 13250
f 13250 13315 13251
f 13315 13316 13251
f 13251 13316 13252
f 13316 13317 13252
f 13252 13317 13253
f 13317 13318 13253
f 13253 13318 13254
f 13318 13319 13254
f 13254 13319 13255
f 13319 13320 13255
f 13255 13320 13256
f 13320 13321 13256
f 13256 13321 13257
f 13321 13322 13257
f 13257 13322 13258
f 13322 13323 13258
f 13258 13323 13259
f 13323 13324 13259
f 13259 13324 13260
f 13324 13325 13260
f 13260 13325 13261
f 13325 13326 13261
f 13261 13326 13262
f 13326 13327 13262
f 13262 13327 13263
f 13327 13328 13263
f 13263 13328 13264
f 13328 13329 13264
f 13264 13329 13265
f 13329 13330 13265
f 13265 13330 13266
f 13330 13331 13266
f 13266 13331 13267
f 13331 13332 13267
f 13267 13332 13268
f 13332 13333 13268
f 13268 13333 13269
f 13333 13334 13269
f 13269 13334 13270
f 13334 13335 13270
f 13270 13335 13271
f 13335 13336 13271
f 13271 13336 13272
f 13336 13337 13272
f 13272 13337 13273
f 13337 13338 13273
f 13273 13338 13274
f 13338 13339 13274
f 13274 13339 13275
f 13339 13340 13275
f 13275 13340 13276
f 13340 13341 13276
f 13276 13341 13277
f 13341 13342 13277
f 13277 13342 13278
f 13342 13343 13278
f 13278 13343 13279
f 13343 13344 13279
f 13279 13344 13280
f 13344 13345 13280
f 13280 13345 13281
f 13345 13346 13281
f 13281 13346 13282
f 13346 13347 13282
f 13282 13347 13283
f 13347 13348 13283
f 13283 13348 13284
f 13348 13349 13284
f 13284 13349 13285
f 13349 13350 13285
f 13285 13350 13286
f 13350 13351 13286
f 13286 13351 13287
f 13351 13352 13287
f 13287 13352 13288
f 13352 13353 13288
f 13288 13353 13289
f 13353 13354 13289
f 13289 13354 13290
f 13354 13355 13290
f 13420 13421 13356
f 13421 13422 13357
f 13422 13423 13358
f 13423 13424 13359
f 13424 13425 13360
f 13425 13426 13361
f 13426 13427 13362
f 13427 13428 13363
f 13428 13429 13364
f 13429 13430 13365
f 13430 13431 13366
f 13431 13432 13367
f 13432 13433 13368
f 13433 13434 13369
f 13434 13435 13370
f 13435 13436 13371
f 13436 13437 13372
f 13437 13438 13373
f 13438 13439 13374
f 13439 13440 13375
f 13440 13441 13376
f 13441 13442 13377
f 13442 13443 13378
f 13443 13444 13379
f 13444 13445 13380
f 13445 13446 13381
f 13446 13447 13382
f 13447 13448 13383
f 13448 13449 13384
f 13449 13450 13385
f 13450 13451 13386
f 13451 13452 13387
f 13452 13453 13388
f 13453 13454 13389
f 13454 13455 13390
f 13455 13456 13391
f 13456 13457 13392
f 13457 13458 13393
f 13458 13459 13394
f 13459 13460 13395
f 13460 13461 13396
f 13461 13462 13397
f 13462 13463 13398
f 13463 13464 13399
f 13464 13465 13400
f 13465 13466 13401
f 13466 13467 13402
f 13467 13468 13403
f 13468 13469 13404
f 13469 13470 13405
f 13470 13471 13406
f 13471 13472 13407
f 13472 13473 13408
f 13473 13474 13409
f 13474 13475 13410
f 13475 13476 13411
f 13476 13477 13412
f 13477 13478 13413
f 13478 13479 13414
f 13479 13480 13415
f 13480 13481 13416
f 13481 13482 13417
f 13482 13483 13418
f 13483 13484 13419
f 13550 13549 13485
f 13551 13550 13486
f 13552 13551 13487
f 13553 13552 13488
f 13554 13553 13489
f 13555 13554 13490
f 13556 13555 13491
f 13557 13556 13492
f 13558 13557 13493
f 13559 13558 13494
f 13560 13559 13495
f 13561 13560 13496
f 13562 13561 13497
f 13563 13562 13498
f 13564 13563 13499
f 13565 13564 13500
f 13566 13565 13501
f 13567 13566 13502
f 13568 13567 13503
f 13569 13568 13504
f 13570 13569 13505
f 13571 13570 13506
f 13572 13571 13507
f 13573 13572 13508
f 13574 13573 13509
f 13575 13574 13510
f 13576 13575 13511
f 13577 13576 13512
f 13578 13577 13513
f 13579 13578 13514
f 13580 13579 13515
f 13581 13580 13516
f 13582 13581 13517
f 13583 13582 13518
f 13584 13583 13519
f 13585 13584 13520
f 13586 13585 13521
f 13587 13586 13522
f 13588 13587 13523
f 13589 13588 13524
f 13590 13589 13525
f 13591 13590 13526
f 13592 13591 13527
f 13593 13592 13528
f 13594 13593 13529
f 13595 13594 13530
f 13596 13595 13531
f 13597 13596 13532
f 13598 13597 13533
f 13599 13598 13534
f 13600 13599 13535
f 13601 13600 13536
f 13602 13601 13537
f 13603 13602 13538
f 13604 13603 13539
f 13605 13604 13540
f 13606 13605 13541
f 13607 13606 13542
f 13608 13607 13543
f 13609 13608 13544
f 13610 13609 13545
f 13611 13610 13546
f 13612 13611 13547
f 13613 13612 13548
